== 1/5 spec lint ==
OK  SPEC.md: 18 live AC(s), 18 built and test-pinned
== 2/5 harness tests ==
----------------------------------------------------------------------
Ran 30 tests in 4.304s

OK
== 3/5 product tests ==

> @ghostlygawd/codeweb@0.14.0 test
> node --test "tests/**/*.test.mjs"

✔ cleanup marker (0.420375ms)
✔ accessors (regex tier): getter keeps the bare id, setter gets @5 (78.88125ms)
✔ decl lines (regex tier): no class -> own-member phantom callers; setter call attributes to @5 (0.106958ms)
✔ module-level overload stubs (regex tier): stubs get @line ids; no <module> or self fabrication (0.091667ms)
✔ accessors (ast tier): getter keeps the bare id, setter gets @5 (127.756833ms)
✔ decl lines (ast tier): no class -> own-member phantom callers; setter call attributes to @5 (0.077916ms)
✔ module-level overload stubs (ast tier): stubs get @line ids; no <module> or self fabrication (0.294375ms)
✔ A/B: both tiers emit the identical id set for the accessor fixture (1.094375ms)
✔ regex method matcher probes: describe() never matches; it(...) noise is pre-existing; if dies in KEYWORDS (1.224167ms)
✔ teardown (0.4515ms)
✔ acquisition ledger parser keeps valid npm snapshots, de-duplicates dates, and skips torn rows (6.639542ms)
✔ npm range parser keeps valid daily values, de-duplicates dates, and skips invalid rows (0.144375ms)
✔ acquisition SVG is a mobile-readable line chart with honest source and cutoff metadata (4.151125ms)
✔ README puts the generated npm trend in the opening proof section (0.259583ms)
✔ proof-strip claims carry existing evidence paths and obey the brand shape rule (0.186ms)
✔ every value-setting codeweb-ref: example pins the shipped release tag (20.193208ms)
✔ the codeweb-ref input declaration lives only in action.yml, and still defaults to main (7.338542ms)
✔ every codeweb-gate@ usage example pins a release tag, never @main (4.952834ms)
✔ the pinned tag is a released version, not an unreleased bump (0.503917ms)
✔ the doc pins are version-synced, so a release cannot leave them behind (0.328333ms)
✔ the ledger records gateReposExternal and surfaces WHY when it cannot (0.368125ms)
✔ the ledger accepts an operator-supplied search credential, gated like every other secret (0.351333ms)
✔ the newest ledger row carries the gateReposExternal field (0.428959ms)
✔ ac_12: every agent-path engine value (hybrid|tools|read) labels the brief payload (1.331458ms)
✔ ac_12: deterministic-pipeline engines (ctags|regex) carry no agent label (0.143333ms)
✔ ac_12: the rendered brief (session-start injection) says the provenance out loud (0.163ms)
✔ ac_12: the fallback schema documents meta.engine as the provenance label (0.117708ms)
✔ FPR-STABLE: fingerprint ignores order / title / severity / evidence — only kind + symbol set (0.664125ms)
✔ FPR-STABLE (prop): fingerprint is deterministic and order-independent over random findings (3.176792ms)
✔ FPR-DISTINGUISHES: different kind or different node-set -> different fingerprint (0.158416ms)
✔ ANN-SUPPRESS-EXACT: applySuppressions removes exactly the matching findings; counts partition (0.516167ms)
✔ ANN-IDENTITY-CHANGE-RESURFACES: changing an implicated symbol id un-suppresses the finding (0.087041ms)
✔ ANN-KIND-JOINT: suppression keys on kind AND nodes — a different-kind finding over the same nodes stays visible (0.938292ms)
✔ ANN-EMPTY/ABSENT: no annotations file -> everything visible, none suppressed (0.998459ms)
✔ ANN-PERSIST-IDEMPOTENT: addSuppression writes .codeweb/annotations.json; twice -> one entry (2.39375ms)
✔ ANN-E2E-ROUNDTRIP: annotate writes where deadcode reads by default (562.434625ms)
✔ AE-IMMUTABLE: applyEdit never mutates its argument (5.466291ms)
✔ AE-DELETE: removes exactly the named nodes and every edge touching them (0.97975ms)
✔ AE-MERGE: drops non-canonical copies, redirects in AND out edges, drops self-loops, de-dups (0.240875ms)
✔ AE-MERGE: a pre-existing self-call on a copy stays a self-loop and is dropped (0.088334ms)
✔ AE-MOVE: changes only the target node file; nothing else (0.090334ms)
✔ SE-FAITHFUL (core): applyEdit agrees with independent naiveApply under structuralRegressions (17.178959ms)
✔ SE-DELETE-NO-NEW-COUPLING: every after-cycle is contained in some before-cycle (3.803708ms)
✔ atomicWrite: target parses, no temp sibling remains (2.3055ms)
✔ finding #42: stats + annotations writers are crash-safe (parse, no temp sibling, formatting kept) (7.320958ms)
✔ a corrupt graph.json is recomputed on re-map, not "stages reused"; intact workspaces still reuse (967.776167ms)
✔ staleness: an edited source file annotates query results until refresh (224.69375ms)
✔ pre-edit hook: one-line advisory for a mapped, depended-on file; silent otherwise (101.385167ms)
✔ ambient loop: the pre-edit hook injects the explain card, not just a pointer (101.723209ms)
✔ ambient loop: MCP auto-refresh heals a stale graph in the BACKGROUND (finding 19) (427.397541ms)
✔ pre-edit hook envelope: additionalContext only — never a permissionDecision (164.44675ms)
✔ B1+B4: sections present, session valid, corpus skip explicit (3852.209166ms)
✔ B2: a lowered budget fails the gate by name; real budgets pass (7654.589792ms)
✔ B2b: a toy fixture is unmeasurable however slow the machine is (the stage budgets stay off) (4007.628459ms)
✔ B5: --check enforces the budgets without rewriting the receipt (9001.268292ms)
✔ B3: claims audit fails on a missing source and passes on the real tree (1.9385ms)
✔ bench: cost-only mode without a compiler oracle (graceful degradation) (254.91125ms)
﹣ bench: compiler-graded mode on a TS fixture (0.096ms) # typescript not resolvable (set TS_MODULE to enable)
✔ bench: text summary is the default surface (261.364833ms)
✔ the boundary page ships as a source page AND as committed built output (0.549375ms)
✔ the boundary page states the free half in the ratified words (0.367084ms)
✔ the boundary page states the paid half — what money buys, and what it never breaks (0.292583ms)
✔ the pricing page ships as a source page AND as committed built output (0.081917ms)
✔ the pricing page carries the price, the seat definition, and the flat-unlimited framing (1.500792ms)
✔ the price is published as ratified INTENT, not as a live offer (0.581667ms)
✔ the pricing page carries a Teams sign-up rail pointing at the real App install flow (0.697708ms)
✔ the pricing page still separates the live install from the not-yet-live price (0.728375ms)
✔ the rival contrast names no competitor — category framing only (0.337916ms)
✔ the category price anchor cites the in-repo scan that recorded it (0.698958ms)
✔ no unreceipted number appears in the authored boundary/pricing copy (0.283209ms)
✔ both pages are registered in the PAGES table as listed pages (1.05175ms)
✔ both pages are in the committed sitemap (0.335458ms)
✔ the homepage nav reaches both pages, and the links resolve in docs/ (0.231167ms)
✔ the consistency sweeps cover both new pages (0.098583ms)
✔ C8: SPEC.md no longer gates the Teams tier behind the distribution trigger (0.249333ms)
✔ C8: docs/ROADMAP.md no longer parks the Teams build or the boundary statement (0.163166ms)
✔ C8: the charter records the contradiction as resolved, not still-open drift (0.159166ms)
✔ B1: report template and site tokens carry the same core palette values (0.917167ms)
✔ B2: report template stays square, mono, and dark-by-default (0.637292ms)
✔ B3: docs/demo/index.html embeds the current report template (style + script parity) (0.565833ms)
✔ B4: no retired palette hex or rgba survives on an authored brand surface (7.83325ms)
✔ B5: brand SVGs are square-language (no circles, ellipses, or rounded rects); injected nav has no pills (1.761917ms)
✔ B6: assets/screens were re-verified after the last report-template change (stamp matches) (0.528875ms)
✔ B7: every "N symbols … M domains" and "N callers" caption matches docs/demo/axios.graph.json (1.976208ms)
✔ B8: no dead image references in README or site content (0.743375ms)
✔ B9: terminal replay is evidence-backed, sanitized, and placed in the quickstart (0.343ms)
✔ CB-CHEAP/NO-FABRICATE/VERIFIED over random 2-cycles (40 cases) (2087.231ms)
✔ CB-ADVERSARIAL: the cheaper of two working cuts is chosen (43.443042ms)
✔ CB-3RING: cheapest verified cut on random 3-file rings (20 cases) (1055.201292ms)
✔ CB-COVERS: an acyclic graph yields zero cycle proposals (60.299458ms)
✔ CB-DETERMINISTIC: identical input -> identical stdout (105.507375ms)
✔ CB-PSEUDO-EQ: cheapestCuts ≡ whole-graph oracle over 150 seeded all-kind cyclic graphs (incl. ref-closed + duplicates) (9.2545ms)
✔ CB-REF-ALIVE: given a call+ref pair, when its structural cut is tried, then the cycle survives and the next candidate is chosen (0.150375ms)
✔ brief: one page with counts, load-bearing symbols, tests, and findings (189.015125ms)
✔ session-brief hook: injects the briefing in a mapped repo, silent otherwise (113.358458ms)
✔ brief over MCP: 24th tool, served in-process, staleness-annotated shape (171.942041ms)
✔ BR-SIDECAR: hook output identical with, without, and with a stale brief.json (434.691416ms)
✔ unmapped repo with source gets ONE nudge; stamped and source-less dirs stay silent (159.955666ms)
✔ build-report does not embed the absolute local path (meta.root) in report.html (54.574208ms)
✔ two identical runs produce byte-identical report.html and (with SOURCE_DATE_EPOCH) graph.json (184.944167ms)
✔ report.html embed strips unread node/edge fields; graph.json keeps them (#36) (54.598958ms)
✔ report carries og metadata, the pipeline-findings renderer, and the shareable-hash machinery (67.337458ms)
✔ report ships light+print themes, focus-visible parity, ARIA tab wiring, and no blocking prompt (0.300416ms)
✔ CF-SHAPE: v16 entries hold interned edges and NO syms; warm no-change replays byte-identically (169.277792ms)
✔ CF-HASH-HIT: touched-but-unchanged file replays the full product set without a re-scan (397.218417ms)
✔ CF-MIGRATE: a stale-version cache (planted poison) is discarded — cold rebuild, byte-equal to no-cache, cache rewritten at the live version (300.831833ms)
✔ CF-NEST-FLIP: nesting a fallback target invalidates its consumers, warm stays byte-equal to cold (317.795958ms)
✔ CF-SKIP-WRITE: an unchanged fragment is not rewritten (mtime stable), a changed one is (292.297625ms)
/Library/Developer/CommandLineTools/usr/bin/ctags: illegal option -- -
usage: ctags [-BFTaduwvx] [-f tagsfile] file ...
✔ map + post-edit hook + refresh share ONE cache file, and warm runs ride it (624.640417ms)
✔ X.member.call(...) resolves to the underlying function (54.207833ms)
✔ X.member.apply(...) resolves to the underlying function (24.933167ms)
✔ PRECISION: a param obj.member.call() fabricates no edge (16.483917ms)
✔ CMP-GREEN-CHAIN: applying the plan in order introduces no file cycle absent at the start (34.909083ms)
✔ CMP-INCLUDES-MERGES: emitted merges are real opportunities; not all merges are dropped (23.974584ms)
✔ CMP-ORDER: cuts precede deletes precede merges; within a phase ROI is non-increasing (4.014834ms)
✔ CMP-MONOTONE-DELTAS: cumulative locReclaimed AND cyclesBroken non-decreasing; totals == sum (2.92175ms)
✔ CMP-BUDGET: --budget N yields the first-N prefix of the full ordered plan, at several lengths (17.441084ms)
✔ CMP-EMPTY + CMP-DETERMINISTIC: clean graph -> empty plan; deterministic incl. shuffled input (0.516958ms)
✔ CMP-CLI: campaign.mjs --json composes all three advisors — a delete AND a merge appear (121.29525ms)
✔ CMP-CONCURRENT-STABLE: campaign --json is byte-stable + banner-clean on a cycles+dups+orphans fixture (216.259667ms)
✔ CMP-DELETE-ROI: delete steps rank and project by the deadcode `loc` field (0.700083ms)
✔ CMP-DELTA-EQUIV: simulator-chained plan == historical clone-chain plan (120 cases) (16.393583ms)
✔ B1: edits touching card-named caller files count once each; the card set is consumed (513.872875ms)
✔ B2: the card's own subject file never counts as following the advice (295.177958ms)
✔ B3: a new card replaces the pending set; B4: opt-out records nothing (382.567333ms)
✔ A1: non-goal 5 is struck — the distribution trigger no longer gates the Teams build (0.614208ms)
✔ A1 does not loosen non-goal 4 — the local product still takes no accounts or telemetry (0.095042ms)
✔ A2: non-goal 8 is amended, not struck, and names the second trusted source (0.124417ms)
✔ A3: the boundary section states the rule, where billing lives, and the price intent (0.440292ms)
✔ A4: non-goal 6 stands live and its reaffirmation is on the record (0.342917ms)
✔ every 2026-08-17/18 amendment is indexed, dated, and attributed (0.522708ms)
✔ the open-questions discipline survives the amendment (0.416791ms)
✔ the ratified job line is untouched by the amendment (0.213917ms)
✔ CH1: counts commits per file, window-bounded, cached by HEAD (547.653417ms)
✔ CH2: not a git repo -> {} (advisors degrade to churn-less ranking) (64.80025ms)
✔ ci-gate fails (exit 1) when the working tree introduces a new duplication (1509.802583ms)
✔ ci-gate passes (exit 0) when the working tree matches base (1468.972708ms)
✔ ac_13: ci-gate --md carries real duplication evidence and commit-pinned subdirectory links without changing the verdict (1714.453458ms)
✔ ac_13: dirty source locations stay plain text for untracked, modified and staged files (5045.853541ms)
✔ ci-gate without --base exits 2 (usage) (45.09275ms)
✔ ci-gate exits 2 (not a crash) when the base ref cannot be resolved (1006.025541ms)
✔ the composite action ships the sticky-comment reviewer, opt-in and fork-safe (0.48825ms)
✔ a static-method call on an imported class refs the CLASS (and still calls the method) (44.871708ms)
✔ instanceof on an imported class refs the CLASS (36.686417ms)
✔ construction still produces a call edge to the class (16.633458ms)
✔ PRECISION: an object-default member access creates NO class ref (15.170292ms)
✔ DEPENDENTS: --dependents of the class unions the ref users, with a ref byKind breakdown (85.33725ms)
✔ F1 run.mjs --help prints usage and exits 0 (it used to error "target not found: --help") (42.96925ms)
✔ F2 run.mjs rejects an unknown flag with usage, exit 2 (54.720708ms)
✔ F3 run.mjs with no target maps the cwd — a sourceless cwd is refused by the guard, not usage (171.952666ms)
✔ F4 every USAGE-bearing CLI answers --help with exit 0 (1249.770667ms)
✔ F5 graph auto-discovery: bare query works from inside a mapped repo, and says which graph it used (53.157292ms)
✔ F6 bare stats works from a mapped repo (the README-advertised invocation) (53.928625ms)
✔ F7 outside any mapped repo, bare query still dies with usage (exit 2) (49.4625ms)
✔ F8 build-report IO failures use exit 2 per the convention (50.635375ms)
✔ F9 run.mjs success points the user at the report (417.065958ms)
✔ F10 context-pack works with a bare symbol from a mapped repo (57.811041ms)
✔ API F7: refresh, fitness, placement, codemod discover the graph via the walk-up (380.919292ms)
✔ API F7: unmapped, the four die with the shared usage naming CODEWEB_WS (exit 2) (264.051959ms)
✔ explain.mjs rejects an unknown flag with usage, exit 2 (was: --jsno silently ignored -> exit 0) (60.528417ms)
✔ diff.mjs rejects an unknown flag with usage, exit 2 (was: bogus flag silently ignored -> exit 0) (55.892875ms)
✔ brief/stats/coverage reject an unknown flag with usage, exit 2 (one policy) (149.230167ms)
✔ bench-ts-engine.mjs rejects an unknown flag with usage, exit 2 (was: swallowed into the target positional -> exit 1 "target not found") (55.130833ms)
✔ explain.mjs: --json still parses, positionals resolve (graph + symbol -> found) (49.719625ms)
✔ diff.mjs: --json still parses, positionals resolve (before + after -> no regressions) (53.763ms)
✔ --help still prints usage and exits 0 on every converted front door (295.368584ms)
✔ coach: did-you-mean on a near-miss flag, silence on a far one (129.357209ms)
✔ coach: --flag=value parses for value flags and bool switches take =false (104.089584ms)
✔ coach: unmapped directory gets cause + remedy, usage appended (ERRORS R1) (49.889041ms)
✔ default de-hub (indeg>=12) keeps hooks callers in their home directory (53.746167ms)
✔ disabling de-hub lets the hub bridge hooks callers into lib (the bug de-hub prevents) (56.567625ms)
✔ domains are named after directories, not utility symbols (49.29475ms)
✔ meta is carried forward from fragment into graph (47.997916ms)
✔ CM-GATE-AGREE: plan.projectedGate == structuralRegressions(applyEdit(merge)); deletions/rewrites exact (30 cases) (1611.632125ms)
✔ CM-PLAN-PURE: a plan-only run leaves graph.json byte-identical (57.636084ms)
✔ CM-WRITE-REVERSIBLE: a predicted-regression --write leaves source byte-identical and exits 1 (50.984416ms)
✔ CM-INTO-RESOLVES: unresolvable/ambiguous --into exits 2 and touches nothing, even with --write (49.759708ms)
✔ CM-WRITE-STRING-GUARD: a loser label inside a string refuses --write and reverts byte-identically (57.226459ms)
✔ CM-WRITE-COMMENT-OK: a comment mention is skipped (and counted), live code is rewritten (214.096166ms)
✔ CM-IMPORT-REPOINT: a consumer importing the loser ends up importing the canonical from its real file (194.521792ms)
✔ CM-IMPORT-REPOINT-MTS: an .mts consumer importing the loser is repointed too (175.620917ms)
✔ CM-WRITE-SUCCESS: a safe same-file merge applies and the loser definition is gone (226.909125ms)
✔ CM-COPY: plan text owns its check, hedges the rewires, and is honest about undo (53.297375ms)
✔ CX-MIN-ONE: a straight-line body has cyclomatic 1; an empty body has 1 (0.641542ms)
✔ CX-COUNT-JS: cyclomatic === 1 + (if|for|while + && + || + ternary) decision tokens (0.06975ms)
✔ CX-COUNT-PY: python elif / except / and / or count as decisions (lang=py) (0.154334ms)
✔ CX-COUNT: monotone — appending a snippet with d decisions raises cyclomatic by exactly d (2.325833ms)
✔ CX-RENAME-INVARIANT: renaming identifiers (not keywords) never changes cyclomatic (2.356583ms)
✔ CX-IGNORES-STRINGS-COMMENTS: decision keywords inside strings/comments are not counted (0.089791ms)
✔ CX-DETERMINISTIC: same source -> same cyclomatic (0.464292ms)
✔ CXD-FLAT: nestingDepth — flat body <= 1, one block = 1, nested blocks count (0.104666ms)
✔ CXD-NONNEG + brace/string safety: never negative; braces in strings/comments ignored (1.52775ms)
✔ CXD-PY: python nesting depth follows indentation (0.199042ms)
✔ extractor stamps pub through named and star re-export chains, and meta.dynamic (103.485125ms)
✔ explain: public API and dynamic-dispatch caveats calibrate the card (213.308417ms)
✔ callers/dependents: a zero answer carries its asterisk instead of false confidence (262.085ms)
✔ ac_14: context reports capped, unmatched, and unavailable source evidence independently of neighbor lists (6.169167ms)
✔ ac_14: list budgets report blast omissions; complete lists never promise complete analysis (0.311ms)
✔ ac_14: freshness distinguishes unchanged stamps, stale data, and missing stamps (2.784375ms)
✔ ac_14: CLI and MCP emit identical context analysis and evidence (105.737042ms)
✔ CP-COMPLETE & CP-SOUND: callers/callees equal the independent raw-edge neighbor sets (773.80325ms)
✔ CP-BLAST-SUPERSET: blastRadius ⊇ callers and excludes the target (766.944125ms)
✔ CP-BOUNDED: callees and blastRadius carry NO body text (only target+callers do) (61.053709ms)
✔ CP-M3: a label resolving to multiple nodes returns the UNION across all matched ids (59.386125ms)
✔ CP-DETERMINISTIC: same graph+symbol -> identical stdout (115.832958ms)
✔ SC1: unknown symbol -> exit 1 (52.993625ms)
✔ SC1: resolves a bare label to its node (53.109875ms)
✔ CP-BODY-FIDELITY: target & caller bodies are byte-for-byte the real source lines (119.108958ms)
✔ CP-SC4: source absent -> bodies null and sourceAvailable false (never a guess) (47.374208ms)
✔ current Markdown prose stays under 55 words per paragraph (8.122125ms)
✔ current authored HTML prose stays under 55 words per paragraph (2.041583ms)
✔ listing descriptions (package/plugin/marketplace) stay under 55 words (1.351708ms)
✔ C1 lcov parses and annotates: executed -> covered+hits, instrumented-but-idle -> covered:false, unseen file untouched (1.54325ms)
✔ C2 istanbul/c8 JSON parses to the same shape (0.4665ms)
✔ C3 the CLI annotates a graph on disk and explain/tests/context surface the facts (230.261042ms)
✔ C4 refresh drops stale coverage annotations and says how to restore them (320.120542ms)
✔ C5 dogfood: Node's own lcov reporter output annotates a real codeweb graph (300.020709ms)
✔ C1: the trust/offer line answers cost + safety at every ask (1.19025ms)
✔ C3: peak conviction has an ask — demo CTA and report footer (0.362167ms)
✔ C4: the install chooser is labeled by situation, and the npx form is the cheap one (0.674167ms)
✔ C5: the one hard requirement (Node >= 22) is stated at the README install decision (0.364458ms)
✔ C7: MCP is expanded at first use (0.454666ms)
✔ C8: start.html shows the payoff — the map, the ~3 s, and what success looks like (0.772083ms)
✔ C9: the closing sells the human, in plain words, without a 0-star star-beg (0.149084ms)
✔ C6: the tool wall opens with a job-framed index (0.142625ms)
✔ cold run: ONE batched ctags process (-L -) serves every file (354.904833ms)
✔ untouched warm run: zero ctags processes (stamp tier) (129.377417ms)
✔ warm run with one changed file: one PER-FILE spawn, not a whole-repo batch (205.729709ms)
✔ DC-MEMBERSHIP: safe == inline-recomputed (orphans − test-targeted − entrypoints) over random graphs (2185.937417ms)
✔ DC-FIXTURE: test-targeted/entrypoint/test-file-defined -> review, plain orphan -> safe (79.384834ms)
✔ DC-COPY: text heading hedges up front and shows the suppress door (53.551416ms)
✔ DC-DETERMINISTIC: identical input -> identical stdout (108.544041ms)
✔ DC-SCOPE: non-product orphans are excluded by default with counts; --all restores them (114.88675ms)
✔ DC-MANIFEST: a file named by package.json main/bin is review-tier, never safe (59.40275ms)
✔ DC-CLOSURE: a function inside a reachable parent span is review-tier (closure-reachable) (53.992667ms)
✔ D1: fewer than two graph args prints usage to stderr and exits 2 (49.997583ms)
✔ D1b: a missing graph file exits 2 with a clear message (no raw stack) (56.090542ms)
✔ D5: identical snapshots -> empty deltas, ok:true, exit 0 (51.356458ms)
✔ D3: adds a cycle + duplicate + a brand-new orphan node -> cycle & dup are regressions; new node is NOT (53.4635ms)
✔ D3b: an EXISTING node that loses its only caller is a regression (ok:false, exit 1) (60.810916ms)
✔ D4: the reverse diff (pure removals) is NOT a regression -> ok:true, exit 0 (54.691667ms)
✔ D-overlap-identity: the same finding with a different id/title is NOT added or removed (49.753709ms)
✔ D-sparse: graphs missing top-level arrays normalize instead of crashing (51.474083ms)
✔ D6: --json output is byte-stable and the CLI actually ran (not a vacuous pass) (111.835292ms)
✔ D-RENAME-PIN-inplace: same file, new name, same body -> renamed (not delete+add) (53.691792ms)
✔ D-RENAME-PIN-move: same label, moved file, same body -> renamed via the sameLabel path (51.159375ms)
✔ D-RENAME-PIN-submatch: a genuinely different body (sim < 0.85) is NOT a rename (64.320708ms)
✔ D-RENAME-PIN-spanshape: unreadable bodies fall back to same-file span-shape (sim null) (52.794167ms)
✔ D-RENAME-LONGBODY: an obvious >400-line rename still detects under the body cap (56.042334ms)
✔ D-RENAME-CAP: >200 on a side skips detection with an additive renameCheck marker (empty side gets none) (106.684958ms)
✔ D-RENAME-CAP-text: the cap-trip prints one text-mode line naming the skip (52.86375ms)
✔ ac_16: diagnostics from the installed front door are read-only and name exact missing-map repair arguments (90.311208ms)
✔ ac_16: diagnostics distinguish stale, unstamped, invalid, and unavailable-source graphs without changing them (147.601792ms)
✔ ac_16: directory discovery and explicit workspace override are visible (176.436917ms)
✔ IOV-DETECTS: a changed symbol that copies an existing body is reported (sim >= high) (0.985959ms)
✔ IOV-BOUNDARY: detection happens iff body-Jaccard >= high, across the whole 0..1 range (21.233125ms)
✔ IOV-REFLEXIVE-EXCLUDED: over random multi-symbol graphs, a symbol never dups itself (3.803208ms)
✔ IOV-THRESHOLD: a distinct body (sum) is not flagged as a duplicate of anything (0.41725ms)
✔ IOV-DETERMINISTIC: same input -> same output (sorted) (0.1615ms)
✔ IOV-MATCHES-FINDSIMILAR: top dupOf equals find-similar.mjs top match (one truth, {root} mode) (53.685375ms)
✔ DUP-GATE-DETECTS: review --before --gate on the file that added a clone -> newDuplications + exit 1 (52.622667ms)
✔ DUP-GATE-CLEAN: changing a non-duplicating file reports no newDuplications and passes the gate (44.645709ms)
✔ DUP-GATE-THRESHOLD: a ~50%-similar edit is below the high bar -> not flagged, gate stays green (62.819542ms)
✔ IOV-PIN-26: >400-line pool body (capped), unreadable body, and no-match are pinned (5.138375ms)
✔ DC-SIDECAR-EQ: sidecar-fresh ≡ live byte-identical (CRLF + >400-line pool bodies); stale/v1 rejected; missing id still found; changed ids shingle live (17.803625ms)
✔ DC-PREFILTER-EXACT: prefiltered results == filterless oracle on random pools (40 cases) (9.107625ms)
✔ ED-IDFILE: idFile splits a node id on its last colon (paths use / , label after last :) (0.833834ms)
✔ ED-PRECEDENCE: alias > same-file > unique-in-package (1.2565ms)
✔ ED-AMBIGUOUS: two in-package defs of the same name drop (ambiguous counted) (0.114584ms)
✔ ED-KEYWORDS: a language keyword call-shape produces no edge (0.096375ms)
✔ ED-TESTKIND: a test-file caller of a prod symbol reclassifies to a test edge (0.078417ms)
✔ ED-RBPHP-FILTER: a Ruby/PHP bare name never reaches another file owner-qualified method (0.077916ms)
✔ ED-LEGACY-FALLBACK: both states — off drops ambiguous, on wires defs[0] (0.115125ms)
✔ ED-NSALIAS: ns-alias member + .call/.apply chain resolves via resolveFileMember (0.171375ms)
✔ ED-SELF-SUPPRESS: self-call and same-decl-line call produce no edge (0.086959ms)
✔ ED-CLOSURE-LOCAL: a bare name never resolves to a closure-local target in another file (0.098334ms)
✔ ED-RETURN-SHAPE: return carries edges/hasModule/ambiguous/short/cand (0.076833ms)
✔ PUB-WALK: entry-reachable exports (direct + through a re-export chain) are stamped (0.24525ms)
✔ PUB-WALK: no manifest / no entry -> empty stamp set (no fs in the lib) (0.04825ms)
✔ TYPED-INTENTS: a receiver class resolving to exactly one file wires; ambiguous/absent drop (0.148459ms)
✔ TYPED-INTENTS: ambiguous class (two defining files) drops (0.059667ms)
✔ TYPED-INTENTS: a test-file caller reclassifies to a test edge (0.046833ms)
✔ ac_15: baseline captures refreshed source and survives refresh/snapshot; verification sees later edits (708.317583ms)
✔ ac_15: invalid baselines fail before mutation; failed extraction preserves a previous baseline (259.27775ms)
✔ ac_15: queued MCP begin/verify is ordered; background refresh preserves baseline and verification finds a regression (1176.725167ms)
✔ ac_15: a dropped overlap set is not a clean duplication check or a claimed fix (0.731208ms)
✔ ac_15: review identifies unevaluated structure and unavailable duplication evidence (47.646459ms)
✔ frozen truth (args.truth) SKIPS the oracle and runs reps with a paired-delta mean +/- SD headline (3.53825ms)
✔ args delivered as a JSON STRING is parsed (regression: must not silently fall back to the oracle) (0.570125ms)
✔ M1: args.root repoints every prompt path — the harness is portable (Spec M) (0.306583ms)
✔ M1b: defaults unchanged without args.root (backward compatible) (0.232916ms)
✔ M2: args.budgeted flips the treatment arm to MCP-parity budgeted consumption (Spec M) (0.808833ms)
✔ M3: the graph pre-flight proves truth ids resolve — exit 2 when one does not (Spec M) (637.636375ms)
✔ without args.truth the per-run oracle IS spawned (backward compatible) (0.576416ms)
✔ parseLabel maps control/treat labels to arm + task + rep (and rejects others) (0.878209ms)
✔ stat returns mean / sample-SD (n-1) / n, matching the harness aggregation (0.135542ms)
✔ aggregateUsage computes the paired-delta headline (mean +/- SD over reps) per metric (0.472708ms)
✔ CLI joins a Workflow journal to transcripts and writes a paired-delta usage.json (54.267542ms)
✔ E1 given an empty directory, extract exits 1 and says no supported source was found (117.2685ms)
✔ E2 given only unsupported files, extract exits 1 with the same guidance (107.0955ms)
✔ E3 given --allow-empty, an empty target extracts an empty fragment and exits 0 (122.185375ms)
✔ E4 given supported files that define no symbols, extract exits 1 and says so (117.726083ms)
✔ E5 given an empty target, run.mjs aborts at extract with the message visible (163.052959ms)
✔ E6 given --allow-empty, run.mjs completes the pipeline on an empty target (442.121041ms)
✔ E7 given a nonexistent target, run.mjs exits 2 and leaves NO .codeweb behind (62.914125ms)
✔ ENC-PROP: innermost index equals the linear enclosing() scan on every line (6.360208ms)
✔ ENC-PROP: owner stack equals the :422 class-owner scan over a line-sorted build loop (4.064ms)
✔ ENC-GOLD: regex-tier owner-qualified ids unchanged on nested/adjacent/same-line class shapes (84.1605ms)
✔ ENC-GOLD-AST: default-engine ids add the tree-sitter method nodes (single-line bodies) (100.209709ms)
✔ ENC-BIG: single big-file extract is deterministic byte-for-byte (699.295ms)
✔ CA1 (c): a bound function-pointer table wires the call to its implementation (212.486333ms)
✔ CA2 (c): an UNBOUND receiver wires nothing — a pointer parameter is not evidence (123.423833ms)
✔ CA3 (c): a field bound TWO ways in one file is ambiguous — neither wires (116.3905ms)
✔ CA4 (c): the tier adds EDGES only — node sets are identical across engines (206.14325ms)
✔ CA5 (c): the C fixture holds under CODEWEB_ENGINE=tree-sitter (152.754042ms)
✔ CA6 (c++): the C++ fixture holds under CODEWEB_ENGINE=tree-sitter (153.992791ms)
✔ CA5 (c): the C fixture holds under CODEWEB_ENGINE=regex (77.968583ms)
✔ CA6 (c++): the C++ fixture holds under CODEWEB_ENGINE=regex (87.987ms)
✔ CA7: the tree-sitter run never claims a tier it did not use (108.879334ms)
✔ X1 (c++): unique typed-receiver dispatch resolves cross-file with the AST tier only (252.70375ms)
✔ X1b (c++): a NAMESPACE-QUALIFIED parameter type dispatches on its tail (152.776ms)
✔ X1c (c++): a class SPLIT across header and .cpp is one class, not an ambiguity (176.149375ms)
✔ X2 (c++): an ambiguous receiver class wires NOTHING (149.805208ms)
✔ X3 (c++): this-calls resolve in-file; the node set is identical across engines (231.9145ms)
✔ T1 (java): unique typed-receiver dispatch resolves cross-file with the AST tier only (187.903416ms)
✔ T2 (java): an ambiguous receiver class wires NOTHING (97.971917ms)
✔ T3 (java): this-calls resolve in-file; the node set is identical across engines (187.449125ms)
✔ T1-cs (c#): typed-receiver dispatch, Allman style (215.548917ms)
✔ C1: functions are extracted from .c and .h with C linkage as the export rule (38.605292ms)
✔ C2: a cross-file call through a header resolves to the definition (21.749166ms)
✔ C3: #include "…" becomes an import edge to the header module (21.03575ms)
✔ C3b: system includes and unresolvable headers are dropped, never guessed (17.869166ms)
✔ C4: a struct of function POINTERS mints no symbols and guesses no call (18.292292ms)
✔ C5: control flow, macros and casts never become phantom symbols (18.219792ms)
✔ C6: a .h holding a real definition is scanned like any other translation unit (23.628959ms)
✔ C7: SRC_RE and langOf agree on the C extension family (and C++ is untouched) (0.127959ms)
✔ C8: a mixed C and C++ tree reports both languages, each with its own rules (32.358125ms)
✔ EX-CX-PRESENT: every function/method node carries integer complexity (>=1) and maxDepth (>=0) (147.404042ms)
✔ EX-CX-VALUES: a straight-line fn is complexity 1; a branchy fn is clearly higher (152.103292ms)
✔ EX-CX-MATCHES-LIB: graph complexity == lib/complexity.cyclomatic of the real body lines (136.992667ms)
✔ EX-CX-ONLY-CALLABLE: class and module nodes carry no complexity field (125.962583ms)
✔ CPP1: classes, in-class methods, out-of-line methods, and namespace-scope functions (51.217583ms)
✔ CPP2: prototypes are not symbols — a declaration and its definition never collide (16.994625ms)
✔ CPP3: cross-file call edges resolve to the definition (16.400458ms)
✔ CPP4: #include "…" becomes an import edge to the header module (28.48775ms)
✔ CPP4b: the include/ + src/ split resolves — the dominant real-world C++ layout (18.780917ms)
✔ CPP4c: an AMBIGUOUS basename is dropped — a guess is worse than an absent edge (21.148875ms)
✔ CPP5: angle-bracket and unresolvable includes are dropped, never guessed (16.535084ms)
✔ CPP6: control flow, lambdas and statements never become phantom symbols (20.859917ms)
✔ CPP7: meta.languages reports cpp for every C++ extension (22.167333ms)
✔ CPP8: SRC_RE and langOf agree on the C++ extension family (0.120708ms)
✔ forced --engine regex: no complexityEngine field (output shape unchanged) (0.412666ms)
✔ default (no flag) = tree-sitter when installed, regex fallback otherwise (0.110834ms)
✔ tree-sitter run: exact complexity + meta records the pinned engine (0.05425ms)
✔ the opt-in demonstrably changes behavior: regex diverges from exact on the marked symbols (0.058666ms)
﹣ graceful fallback: with the engine unavailable, --engine tree-sitter == regex output (0.043208ms) # engine available — fallback path not exercised here
✔ unknown --engine exits 2 with the valid set; --engine regex still works (166.86075ms)
✔ tree-sitter: method node ids are class-qualified; class/function ids stay bare (0.412417ms)
✔ tree-sitter: dynamic-dispatch call edges (this.* + typed receiver) are wired (0.705542ms)
✔ default (regex) run: method ids match the tree-sitter qualification scheme; still NO dispatch edges (0.09075ms)
✔ Go: func/method/struct/interface become nodes with the right kind and Go visibility (42.873ms)
✔ Go: in-body calls wire by name (with ambiguity drop) (34.610916ms)
✔ Go: meta.languages reports go (23.301791ms)
✔ Java: types/methods/constructors with visibility, owner-qualified ids, no control-flow phantoms (97.467583ms)
✔ Java: FooTest.java and src/test/ classify as test role (105.407ms)
✔ C#: Allman-brace + expression-bodied members, owner-qualified, base-list inherit, no phantoms (140.228333ms)
✔ C#: .csproj marks a package boundary (no cross-project bare-name edges) (116.853375ms)
✔ (a) decl-line magnet: `function metrics(g) {` fabricates no ref to a test-file g (103.910417ms)
✔ (a-inv) test -> product survives, relabeled kind `test` (the gate is one-directional) (96.439666ms)
✔ (b) body param shadow: `walk(rel)` using `rel` never falls back to a global rel() (114.864209ms)
✔ (c) short-name guard: a free-floating 1-char bare ref is dropped and counted (97.445541ms)
✔ (e) python: __init__ param shadows a module symbol inside __init__ only (92.981167ms)
✔ (f) closure-local magnet: loop-var `dep` never ref-resolves into another file's closure (119.182958ms)
✔ (d) suppression is per-binding: f(map) loses the edge, sibling h() keeps it (94.477917ms)
✔ Rust: fn/struct/impl-method become nodes with the right kind and exports (41.394458ms)
✔ Rust: in-body calls wire by name (with ambiguity drop) (19.231292ms)
✔ Rust: meta.languages reports rust (20.643291ms)
✔ discovers every symbol (9 across 8 files) (40.223541ms)
✔ FIX: ambiguous multi-def bare call is dropped, not wired to a global def (25.556125ms)
✔ LEGACY toggle restores the pre-fix byName[0] wiring (fix is load-bearing) (29.999292ms)
✔ same-file definition resolves authoritatively (19.411416ms)
✔ single-def bare name still falls back to the one global def (17.146916ms)
✔ imported symbol resolves to the imported target, beating both drop and byName[0] (19.837584ms)
✔ meta block is the single source of truth for the target (19.015291ms)
✔ extract-symbols writes output when invoked through a symlinked script path (120.931958ms)
✔ symlinked and real invocation paths produce the same fragment (195.911584ms)
✔ body spans survive multi-line template literals with braces (no more swallowed neighbors) (38.427541ms)
✔ nodes carry a role derived from their path (21.289ms)
✔ bare-name resolution stays inside a package boundary (no cross-package collision edges) (44.883042ms)
✔ class-field arrow methods: discovered inside a class (qualified), NOT outside one (13.805209ms)
✔ v9: `export * from` barrel chains resolve to the real symbol (no swallowed edges) (28.257917ms)
✔ FS-ORACLE: reported sims + ranking match the independent shingler over random bodies (40 cases) (2250.087667ms)
✔ FS-DOGFOOD: the shared shingler is byte-stable (keywords + strings/comments handled) (0.241083ms)
✔ FS-SELF: an exact-body candidate self-matches at sim 1.0, ranked first (57.940542ms)
✔ FS-NEGATIVE: no reported match has sim < 0.15 (1104.454167ms)
✔ FS-BOUNDED-K: --k truncates to the top-K (65.8865ms)
✔ FS-TRUE-TOTAL: count is the pre-cap match total; more.remaining marks the k-cap (113.230166ms)
✔ FS-DETERMINISTIC: identical inputs → identical stdout (103.337792ms)
✔ SC3: missing meta.root → exit 2 with an explicit reason (51.094875ms)
✔ usage: no --body/--stdin/--signature → exit 2 (48.217209ms)
✔ FS-SIDECAR: sidecar path == live path byte-for-byte; stale sidecar falls back (272.712ms)
✔ find: ranks the product symbol first and says why (156.8855ms)
✔ find: multi-term coverage beats single-token hits; stemming bridges morphology (271.017292ms)
✔ find: budgeted output with true totals; usage errors are actionable (216.769833ms)
✔ find over MCP: 23rd+ tool, served in-process from the cached graph, budgeted (151.829208ms)
✔ FR1: marketplace.json exists and satisfies the marketplace-add contract (0.611833ms)
✔ FR2: bare run maps the current directory into ./.codeweb; usage states both defaults (441.159791ms)
✔ ac_17 FR3: the first-run banner leads with the result and a next: block — no fossil strings (422.782958ms)
✔ FR4: overlap, optimize, and build-report print one findings vocabulary (417.366542ms)
✔ FR5: an empty map is announced as EMPTY; the empty-target error routes to the agent fallback (578.622084ms)
✔ FR6: bin wrappers guard the Node version and forward faithfully (106.227459ms)
✔ FR7: the result block rides stdout (2>/dev/null-surviving); stage progress stays off it (496.132792ms)
✔ FR8: --json emits exactly one parseable line on stdout with the five keys — no text block (428.224458ms)
✔ FR9: a memo-reuse run still prints the done line on stdout, and --json says reused:true (746.596541ms)
✔ ac_17: README and agent rules preserve the baseline through repair (1.581042ms)
✔ ac_17: the published cycle commands find the caller, go red, then repair to green (1135.957417ms)
✔ FR-FORBIDDEN-SOUND: forbidden-dependency violations == inline edge filter (40 cases) (2149.871917ms)
✔ FR-LAYER: layer violations == inline upward-edge filter (1090.136625ms)
✔ FR-FANIN: max-fan-in violations == inline callIn count over the limit (61.672917ms)
✔ FR-CYCLE-AGREE: no-cycles flags a real cycle (with files) and passes a clean graph (98.274042ms)
✔ FR-EXIT: error->exit 1, warning->exit 0; unknown rule type -> exit 2 (144.587042ms)
✔ F1: MCP simulate on an unknown symbol never returns an empty success (108.621833ms)
✔ F1: simulate-edit --json emits found:false JSON on stdout for an unknown symbol (49.806541ms)
✔ F2: required-arg errors distinguish missing / wrong type / empty (61.646375ms)
✔ F3: garbage/negative limit, offset, window are errors — never a silently-disabled budget (71.886541ms)
✔ F4: a misconfigured fitness rule dies at load — the gate never passes while checking nothing (196.688375ms)
✔ F5: a roles-only codeweb.rules.json is "0 rules configured", not a rejection (44.15775ms)
✔ F6: a malformed target rules file names itself; an unknown top-level key warns (172.458459ms)
✔ F7: release.mjs — --help works, unknown flags die, --version is semver-validated (137.464417ms)
✔ F8: reading-order rejects an invalid --scope kind with the valid set (42.652791ms)
✔ F9: run.mjs --coverage validates the path before any stage runs (57.402458ms)
✔ F10: --help documents every real flag on the advisors that hid theirs (186.146958ms)
✔ F11: codeweb_review stops advertising params that do nothing (55.40975ms)
✔ F12: codemod infers the survivor when into is omitted; fitness discovers its rules file (127.159375ms)
✔ F13: near-miss suggestions catch a 1-2 edit typo (3.630667ms)
✔ F14a: codemod usage brackets --into as optional (58.224458ms)
✔ F14c: CLI negative --limit dies at parse, matching the MCP clamp (46.081125ms)
✔ API F4: an unknown argument key is rejected naming the near-miss, never silently ignored (53.848ms)
✔ API F4: boolean params validate like numerics — full:"false" means FALSE, garbage errors (69.694459ms)
✔ API F4: reading_order scope without value is a correction, not a silent whole-repo answer (138.683125ms)
✔ API F5: context `bodies` owns caller rendering; `full` stays the unabridged-list switch (66.4415ms)
✔ F0-EQUIV: cache-extract ≡ full-extract after edits; F0-ONLY-CHANGED: scans == changed files (416.213333ms)
✔ F0-CACHE-NEUTRAL: --cache vs no-cache → identical fragment on the same tree (244.393042ms)
✔ SC3: refresh updates nodes+edges, re-attaches domain by id, drops overlaps (437.992583ms)
✔ F10-STAMP: no-change warm scans zero files; CODEWEB_VERIFY_FRESHNESS=1 restores the hash path (503.924042ms)
✔ F4-VERIFY: mtime-preserving content change is invisible to stat-only, caught by verify tier (144.167667ms)
✔ SC3: refresh with missing meta.root → exit 2 (60.941083ms)
✔ README puts the gate lead between the identity line and any map-led narrative (1.192708ms)
✔ the README gate lead states the verdict, its three blockers, and its token cost (0.326833ms)
✔ README gates every pull request before it explains the graph internals (0.193333ms)
✔ README carries a free-forever boundary section linking the published boundary page (0.275459ms)
✔ the identity line stays verbatim on all four enforced surfaces (0.851166ms)
✔ the built homepage hero renders the identity line verbatim (0.198208ms)
✔ the homepage leads with the gate and demotes the live map below it (0.23725ms)
✔ the homepage gate story states its blockers, its cost, and where it runs (0.12025ms)
✔ the homepage hero still carries its conversion rails after the reorder (0.449333ms)
✔ gate-md: clean diff renders the one-glance summary, no blocking section (0.597583ms)
✔ gate-md: caps every list and says what was dropped (0.589458ms)
✔ gate-md: lost-callers excludes brand-new and renamed-to symbols; renames show similarity (0.125959ms)
✔ ac_13: evidence links use graph lines, analyzed commit and target; guidance distinguishes unknown callers (0.212208ms)
✔ ac_13: evidence is bounded and escaped; unsafe paths and link contexts stay plain text (0.156042ms)
✔ ac_13: local comments use file:line and missing evidence never invents a confidence (0.084042ms)
✔ GV-PREFLIGHT: exemptExported:false is structuralRegressions, id-for-id, over random pairs (5.110458ms)
✔ GV-GATE: exemptExported:true agrees with the shipped diff verdict over random pairs (5.787333ms)
✔ GV-DIVERGENCE: an exported symbol losing its last caller — preflight blocks, gate exempts but LISTS it (0.254334ms)
✔ GV-SIMULATE-TEXT: simulate speaks for its own check, not the gate (COPY.md #2) (178.502875ms)
[golden] SKIP — golden target not on disk: D:/GitHub Projects/ecc-test/plugins/marketplaces/ecc/scripts (set CODEWEB_GOLDEN_TARGET)
﹣ the extractor parses the full target into a substantial graph (0.253791ms) # golden target not on disk: D:/GitHub Projects/ecc-test/plugins/marketplaces/ecc/scripts (set CODEWEB_GOLDEN_TARGET)
﹣ FIXED: no `log` super-hub — max log in-degree genuine (<60), discord:log single-digit (0.056ms) # golden target not on disk: D:/GitHub Projects/ecc-test/plugins/marketplaces/ecc/scripts (set CODEWEB_GOLDEN_TARGET)
﹣ LEGACY toggle is load-bearing — fabricates the dropped edges back (0.054791ms) # golden target not on disk: D:/GitHub Projects/ecc-test/plugins/marketplaces/ecc/scripts (set CODEWEB_GOLDEN_TARGET)
✔ every vendored grammar matches its recorded sha256 (10.79675ms)
✔ every recorded digest has its wasm on disk (no phantom rows) (0.27025ms)
✔ the runtime version the table pins is the one package.json declares (2.582875ms)
✔ normalizeGraph fills sane defaults (mirrors build-report) (1.194041ms)
✔ buildIndex separates call adjacency from any-incoming (call|import) (0.628042ms)
✔ resolveSymbol: exact id wins; else all label matches (sorted); else [] (0.108834ms)
✔ callersOf / calleesOf use only call edges, sorted + unioned (0.097ms)
✔ impactOf is transitive, excludes seeds, and terminates on self-loops (0.099917ms)
✔ fileCycles: file-level SCCs (>=2), sorted + deterministic; same-file self-call ignored (0.1765ms)
✔ orphans: zero incoming (call|import) AND not exported (0.090834ms)
✔ structuralRegressions: a surviving node that loses its only caller is a lostCaller; a deleted one is not (0.174833ms)
✔ structuralRegressions: a file cycle present only in after is a newCycle (0.11575ms)
✔ structuralRegressions (property): lostCallers ⊆ surviving before-nodes, newCycles ∉ before-cycles (13.178208ms)
✔ finding 9: allBlastCounts / impactCountOf agree with per-node impactOf on random graphs (9.108166ms)
✔ runNodeAsync: runNode contract parity — exit status + captured stderr, no rejection (46.303875ms)
✔ runNodeAsync: two awaited-in-parallel 400 ms children overlap (wall < 750 ms) (452.917416ms)
✔ SRC_RE matches every C/C++ extension the extractor claims (0.784042ms)
✔ pre-edit hook: a .c edit produces the same class of card as a .js edit (801.947208ms)
✔ pre-edit hook: the .c card ships on the same structured channel, still advisory (488.403833ms)
✔ post-edit hook: a cycle introduced by a .c edit is flagged, as it is for .js (1179.256667ms)
✔ P1: map writes index-lite.json; hook output byte-identical from sidecar vs graph (404.704375ms)
✔ P2: stale or corrupt sidecar falls back to the graph path silently (430.429833ms)
✔ P3: the sidecar is slim relative to the graph (463.12725ms)
✔ ac_18: shipped hooks use the documented configuration shape and retain all handlers (0.867708ms)
✔ HOT-WEIGHTS: weights are non-negative and sum to 1 (so score in [0,1]) (0.444584ms)
✔ HOT-WEIGHTED-BLEND: score is the graph-max-normalized weighted sum of the components (0.098291ms)
✔ HOT-ZERO: zero maxes never produce NaN (empty/degenerate graphs) (0.051166ms)
✔ HOT-DOMINANCE: dominating a symbol on every component never ranks below it (1.487125ms)
✔ HOT-RANK: rankHotspots sorts by score desc, ties by id; deterministic; no NaN (1.20375ms)
✔ HOT-CLI: hotspots.mjs --json ranks symbols with components (55.574542ms)
✔ HOT-SCOPE: non-product symbols are excluded by default, counted, and restored by allRoles (0.1915ms)
✔ HL-CX: cyclomatic on a 9,000,000-char string literal returns 1 (no RangeError) (20.474666ms)
✔ HL-RB: maskRuby on a 9,000,000-char double-quoted string returns (no RangeError) (5.72375ms)
✔ HL-RB-ESC: maskRuby survives the escape-heavy adversarial shape (2M escaped quotes) (16.812792ms)
✔ HL-EQ: old and unrolled regexes replace identically over 5,000 seeded strings, per site (16.551ms)
✔ HL-SHIPPED: the shipped sources contain exactly the unrolled regexes the property tested (0.708917ms)
✔ HL-BELT: an internal throw degrades cyclomatic to 1 and nestingDepth to 0 (0.120958ms)
✔ HL-E2E (default engine): 9MB single-line string no longer kills the extract (531.512917ms)
✔ HL-E2E (regex engine): 9MB single-line string no longer kills the extract (264.074292ms)
✔ python: same-named methods across two classes get class-qualified, distinct ids (40.284292ms)
✔ go: same-named methods across two receivers get receiver-qualified, distinct ids (31.05575ms)
✔ rust: same-named fns across two impl blocks get impl-type-qualified, distinct ids (23.787042ms)
✔ js (regex tier): same-named methods across two classes get class-qualified, distinct ids (26.669333ms)
✔ a call from inside a method is attributed FROM the qualified method id (26.930208ms)
✔ PRECISION: an importer that never touches the anchor is NOT a dependent of it (48.30425ms)
✔ the coarse module-import edge is redirected to the target <module> node (16.920291ms)
✔ RECALL: real member-access dependencies are still precise (23.93725ms)
✔ DEPENDENTS: --dependents of the anchor excludes the non-user, includes the real user (71.402417ms)
✔ a default import of a single-symbol class lands the coarse edge on the CLASS (35.888959ms)
✔ the default-export import edge is NOT routed to <module> when a single symbol exists (15.03175ms)
✔ DEPENDENTS: the importer is a dependent of the class even without a detected call (73.12975ms)
✔ RECALL: a namespace/default-import member call resolves to the imported symbol (44.591875ms)
✔ RECALL: default-import construction (new Widget()) resolves to the class (26.951625ms)
✔ RECALL: a static member call on a default-import alias resolves (Widget.from()) (19.076708ms)
✔ PRECISION: a param obj.merge() does NOT fabricate an edge to the imported merge (32.154709ms)
✔ DEPENDENTS: --dependents is a superset of --callers and includes the member-access caller (164.902334ms)
✔ i1: `.js` specifier disambiguates between two same-named `.ts` exports (ext remap) (124.154084ms)
✔ i2: `import * as u from "./util.js"` binds the namespace to util.ts (member call edges) (129.365792ms)
✔ i3: re-export chain through a `.js`-specified barrel resolves + barrel dependent edge (107.712083ms)
✔ i4: `.mjs`->`.mts` remap and `/index.tsx` index candidates resolve (101.271083ms)
✔ i5: pub-entrypoint walk follows main "./src/index.js" to src/index.ts (mirrored list) (97.824083ms)
✔ i6: when BOTH dual.js and dual.ts exist, the literal on-disk .js wins (Node semantics) (111.051625ms)
✔ PRECISION: a bare object-default alias reference does NOT resolve to the anchor (50.121ms)
✔ RECALL: member access on the object alias still resolves (22.259375ms)
✔ IE-INPROC-PARITY: in-process runExtract fragment byte-equals the spawned CLI stdout (155.515625ms)
✔ IE-COLD-PARITY: cold cache == no-cache == --full (caching changes nothing cold) (71.856459ms)
✔ IE-INCREMENTALITY: a pure body edit re-edges only the changed file AND still equals cold full (127.09675ms)
✔ IE-INCREMENTALITY (kill-switch leg): CODEWEB_NAME_DELTA=0 restores the wholesale mechanism verbatim (53.11925ms)
✔ IE-BIND-COUPLING: rensym of an IMPORTED name re-edges the importer (the aliased-import trap) (62.922541ms)
✔ IE-REX-FLIP: retargeting a re-export barrel re-aims the consumer edge (warm == cold) (56.510041ms)
✔ IE-DANGLING: deleting a file that another file imports leaves no dangling edge (warm == cold) (59.081625ms)
▶ IE-EQUIVALENCE: warm incremental == cold full, for random mutation sequences
  ✔ trial 0 (662.368666ms)
  ✔ trial 1 (668.552167ms)
  ✔ trial 2 (813.766166ms)
  ✔ trial 3 (416.906208ms)
  ✔ trial 4 (723.010541ms)
  ✔ trial 5 (951.592208ms)
  ✔ trial 6 (295.080792ms)
  ✔ trial 7 (467.1915ms)
  ✔ trial 8 (702.508834ms)
  ✔ trial 9 (478.609417ms)
✔ IE-EQUIVALENCE: warm incremental == cold full, for random mutation sequences (1687.801666ms)
✔ JS: `class X extends Y` emits an inherit edge X -> Y (alias-resolved across files) (47.707ms)
✔ JS: a same-file `extends` resolves (41.953375ms)
✔ Python: `class X(Y)` emits an inherit edge (31.424208ms)
✔ an extended base class is NOT a dead-code orphan (20.081625ms)
✔ --impact of a base class includes its subclass (inherit reverse-reachability) (17.796417ms)
✔ imported json files become <module> nodes; orphans never do (44.114791ms)
✔ every import form wires the file-level edge with the right kind (31.469292ms)
✔ mapped json files are stamped into meta.sources; languages gains json (28.470916ms)
✔ a json edit after mapping is flagged stale (the map admits it is behind) (15.937417ms)
✔ json is never parsed: a syntactically broken json file still maps identically (16.238333ms)
✔ fragment is deterministic run-over-run (56.337584ms)
✔ a json-only tree still refuses to masquerade as a map (json is a tier, not a language) (64.745167ms)
✔ pre-edit hook speaks for an imported json file, byte-identical sidecar vs graph (576.308833ms)
✔ python: dispatch wires self+typed calls, drops ambiguity, keeps engines node-identical (277.688166ms)
✔ python: two same-named owners -> the typed call is dropped and counted, never guessed (97.666958ms)
✔ go: dispatch wires self+typed calls, drops ambiguity, keeps engines node-identical (276.368041ms)
✔ go: two same-named owners -> the typed call is dropped and counted, never guessed (102.670583ms)
✔ rust: dispatch wires self+typed calls, drops ambiguity, keeps engines node-identical (300.020958ms)
✔ rust: two same-named owners -> the typed call is dropped and counted, never guessed (107.234542ms)
✔ ruby: dispatch wires self/implicit/typed calls; engines stay node-identical; deterministic (297.708875ms)
✔ php: dispatch wires self/implicit/typed calls; engines stay node-identical; deterministic (292.959916ms)
✔ php: two same-named owners -> the typed call is dropped, never guessed (104.073458ms)
✔ ruby: a bare identifier (not a call node) never wires; cross-class names never wire implicitly (106.764459ms)
✔ ruby: classes, owner-qualified methods, self methods, top-level defs, calls, spec role (80.625416ms)
✔ php: classes + visibility-as-export methods, functions, calls, test role (101.406625ms)
✔ kotlin: classes/objects, methods, expression-bodied funs, internal/private visibility (77.902ms)
✔ swift: structs/classes/extensions, methods, public/open visibility, Tests role (74.252875ms)
✔ determinism: all four languages, two runs, byte-identical fragments (162.393583ms)
✔ LR1: scanSymbols — JS functions/classes/methods/field-arrows, in-process (1.710042ms)
✔ LR2: scanSymbols — Python defs inside docstrings are masked away (0.626125ms)
✔ LR3: scanSymbols — Rust impl owners and Go receivers qualify methods (0.512417ms)
✔ LR4: bodyEnd — brace matching survives destructured params; Python dedents (0.210834ms)
✔ LR5: parseSignature — declaration and arrow forms, NBSP whitespace preserved (0.28525ms)
✔ LR6: shared tables — KEYWORDS filters control flow; langOf keys the meta vocabulary (0.16025ms)
✔ IR1: re-export chain — renamed barrel export resolves to the real symbol, in-process (1.028625ms)
✔ IR2: bindFileImports — a named import through the barrel binds the alias and the edge (0.640458ms)
✔ IR3: Python re-export table — pkg/__init__ from-import chains to the defining module (0.35875ms)
✔ IR4: defaultExportOf — single-symbol defaults resolve, object defaults do not (0.307959ms)
✔ product.json is the canonical language list — thirteen, C and C++ included (1.012375ms)
✔ commands/codeweb.md names every one of the thirteen native languages (0.622ms)
✔ skills/codebase-anatomy/SKILL.md names every one of the thirteen native languages (0.138625ms)
✔ skills/codebase-anatomy/references/engine-detection.md names every one of the thirteen native languages (0.091208ms)
✔ README names every native language in its fast-path and roadmap lists (0.235625ms)
✔ the extension README covers C and C++ at the canonical count (0.170541ms)
✔ no live surface still claims eleven languages (historical records exempt, and proven so) (14.894458ms)
✔ the sweep actually reads the surfaces it claims to (non-vacuity) (2.723625ms)
✔ the walk emits separator-independent keys, so the exemptions apply on every platform (0.960792ms)
✔ the built site renders all thirteen languages, not a stale snapshot (0.244417ms)
✔ the launch drafts are committed, with an index and a receipts table (0.695875ms)
✔ every draft in the directory is registered in the index with a channel and a status (0.75075ms)
✔ every artifact the drafts draw numbers from was regenerated inside the mission window (2.447167ms)
✔ the unstamped correctness receipt belongs to the same fresh run as the stamped ones (0.495375ms)
✔ the freshness gate does not depend on a gitignored file (28.025792ms)
✔ the receipts table names only artifacts that exist in the tree (0.773334ms)
✔ no unreceipted number appears in the launch drafts (1.872625ms)
✔ each receipted number still equals the value its artifact records (0.669417ms)
✔ every receipted number is actually used by a draft (the table cannot rot into fiction) (0.641833ms)
✔ the check count is derived from the receipts, not asserted against a remembered total (1.347209ms)
✔ all 32 pre-registered checks are recorded as passing (1.578583ms)
✔ no draft states a charter-barred claim (1.399125ms)
✔ no draft names a rival product beside a number (1.282458ms)
✔ the superseded pilot figures are not quoted as live results (0.775042ms)
✔ the Show HN title fits the channel limit (0.400959ms)
✔ each draft publishes the null alongside the passes (0.507375ms)
✔ each draft states the local-product invariants it is trading on (0.204541ms)
✔ the free-forever boundary is stated wherever the drafts mention the paid tier (0.197ms)
✔ both launch pages ship as source pages AND as committed built output (0.746958ms)
✔ the LSP FAQ names the objection and answers it with the four things a one-hop lookup cannot do (0.277958ms)
✔ the gating answer cites a receipt that actually records the gate verdicts (0.606583ms)
✔ the LSP FAQ says the two compose rather than claiming a replacement (0.510334ms)
✔ the comparison page leads with the replicated recall result, at equal cost (0.235875ms)
✔ the comparison page publishes the token null instead of the superseded saving (0.353334ms)
✔ the comparison page renders the honesty ledger from product.json, not by hand (0.317083ms)
✔ neither page names a rival product — the contrast is against approaches and measured baselines (0.697666ms)
✔ every artifact path cited on the launch pages exists in the tree (0.454167ms)
✔ no unreceipted number appears in the authored launch-page copy (1.951875ms)
✔ each receipted number equals the value the committed artifact records (0.688875ms)
✔ the receipted numbers are actually on the pages (the map cannot rot into a fiction) (1.167334ms)
✔ both pages are registered in the PAGES table as listed pages (0.544625ms)
✔ both pages are in the committed sitemap (0.256208ms)
✔ the consistency sweeps cover both new pages (0.285458ms)
✔ both pages are one click from the live homepage, and the links resolve in docs/ (0.289792ms)
✔ the widened nav can shrink instead of pushing the CTAs off-screen (0.668583ms)
✔ the product page routes its LSP objection card to the full FAQ (0.126875ms)
✔ the charter records the divergence from COMPETITIVE.md Bet 1 rather than leaving it silent (0.178666ms)
✔ L1: warm cached run never initializes the AST engine and is byte-identical to cold (238.648458ms)
✔ L2: a warm cached run of a dispatch-tier language never re-initializes the engine (224.063083ms)
✔ L3: --engine regex reports ast: off and the regex cache namespace (115.695833ms)
✔ L4: probe version string equals the loaded engine version (15.099166ms)
✔ corpus sanity: fixtures + every scripts/lib module present (0.409667ms)
✔ P1 maskJs: per-line length preservation over the corpus, both modes (29.3625ms)
✔ P2 maskJs: default-mode idempotence over the corpus (36.908375ms)
✔ P1 maskPy: per-line length preservation over the corpus, both modes (51.451375ms)
✔ P2 maskPy: default-mode idempotence over the corpus (55.19625ms)
✔ P3 maskRuby: idempotence + line-count preservation over the corpus (7.709084ms)
✔ P4 maskAligned: every JS-family extension the extractor enumerates gets the aligned mask (0.319625ms)
✔ MASK-ID repo: maskJs is byte-identical to the frozen reference over every mask-eligible repo file (20079.786042ms)
✔ MASK-ID corpus: maskJs is byte-identical to the frozen reference over a loaded bench-corpus tree (76.375417ms)
✔ MASK-ID fixtures: adversarial shapes (regex, templates, expr nesting, escapes, PHP #) (0.235875ms)
✔ n1 (default/ast tier): nested-template text is prose — no docs -> fabricateMe; real caller survives (124.378583ms)
✔ n2 (default/ast tier): a `}` in nested template text does not invert state (0.119667ms)
✔ n3 (default/ast tier): escaped \` in template text stays text (0.078667ms)
✔ n4 (default/ast tier): string content inside ${} fabricates nothing (0.110417ms)
✔ n5 (default/ast tier): two-deep nesting keeps the middle expr live; regex beats backtick-push (0.0995ms)
✔ n1 (regex tier): nested-template text is prose — no docs -> fabricateMe; real caller survives (65.65325ms)
✔ n2 (regex tier): a `}` in nested template text does not invert state (0.227959ms)
✔ n3 (regex tier): escaped \` in template text stays text (0.124917ms)
✔ n4 (regex tier): string content inside ${} fabricates nothing (0.209625ms)
✔ n5 (regex tier): two-deep nesting keeps the middle expr live; regex beats backtick-push (0.103833ms)
✔ a quote inside a regex literal does not desync the mask: extent stays tight, no fabricated edge (38.72975ms)
✔ a backtick inside a regex literal does not flip template state: prose stays prose (0.153209ms)
✔ division is not lexed as a regex opener; regex after `return` is (0.056667ms)
✔ a {n} quantifier in a regex inside ${} does not corrupt interpolation brace matching (0.057792ms)
✔ self-map: complexity.mjs yields its known same-file edges (31.454667ms)
✔ budget injection: callers defaults to top-20 + more; full:true unabridged; explicit limit wins (239.725875ms)
✔ graph auto-discovery: nearest .codeweb/graph.json above cwd; none -> actionable error naming codeweb_map (113.337125ms)
✔ codeweb_map: builds a real graph over MCP and reports the path + stats (562.484875ms)
✔ API F6: codeweb_map failure never suggests --allow-empty (a flag the tool cannot pass) (241.095208ms)
✔ API F3: risk honors offset (offset:50 is not page 0) and more carries nextOffset (407.176291ms)
✔ API F3: break_cycles pages by offset; deadcode/context tiers and reading_order mark truncation (578.686875ms)
✔ find_similar accepts an inline body over MCP (stdin plumbing) + structural flag (655.377958ms)
✔ ac_10: codeweb_dependents returns the full union (call+import+inherit+test+ref) with byKind (66.84175ms)
✔ ac_10: dependents answers are budgeted with true totals (limit -> more.remaining) (66.196875ms)
✔ ac_10: the CLI serves the same mode from the same manifest entry (--dependents) (51.677ms)
✔ MP-STATS-PARITY: codeweb_stats (in-process) === stats.mjs --json — empty AND non-empty ledgers (223.80575ms)
✔ MP-STATS-MISSING: codeweb_stats on a missing graph falls through to the spawned CLI (identical errResult text) (183.913875ms)
✔ MP-DIFF-PARITY: codeweb_diff (in-process from cachedGraph) === diff.mjs --json, byte-for-byte (MD1/MD2/MD2b) (344.19225ms)
✔ MP-DIFF-FALLBACK: codeweb_diff on a nonexistent after graph → isError (spawn fallback), stdout stays pure (104.172833ms)
✔ queueKeyFor: graph tools key to the DIR of graph.json (annotate too — dirFromGraph, not graphless) (0.619459ms)
✔ queueKeyFor: diff keys to the dir of args.after — COLLIDES with refresh on one workspace (#30) (0.085166ms)
✔ queueKeyFor: a relative after resolves against cwd (0.053291ms)
✔ queueKeyFor: map keys to resolve(out) (default out = <target>/.codeweb) (0.062792ms)
✔ queueKeyFor: the "(graphless)" slot is UNREACHABLE for shipped tools (only diff+map are graphless) (0.09575ms)
✔ I5: a failing codeweb_map settles ONCE (exactly one reply for its id) and the server drains + exits 0 (195.501667ms)
✔ I5b: unsupported-repo map failure names the escapes, never the --allow-empty leak (213.944375ms)
✔ S1a epipe-survival: find_similar 1MB body + bad graph → isError result, and the server still answers a later ping (alive, exit 0) (116.589625ms)
✔ S1b epipe-survival: client closes its stdout read end mid-burst → server exits 0 (inherited cli.mjs guard) (96.687125ms)
✔ S2 refresh→diff in one burst: the diff reads POST-refresh bytes (waited, I6) and is served in-process (no child) (701.316ms)
✔ S3 two codeweb_map on one out dir in a burst: end(map#1) < start(map#2), surviving graph parses (744.011167ms)
✔ I7 autoRefresh-skip: explicit refresh + a stale-triggering query in one burst → skip-autorefresh, ONE refresh child (768.82475ms)
✔ S4 cancellation-kills-child: notifications/cancelled on a running map → trace kill, NO reply for its id, ping answers, exit 0 (70.693958ms)
✔ S7 malformed-and-batch-frames: 42, "x", null, [] each answer ONE -32600 (id:null); a following ping answers (71.7055ms)
✔ T-34.3 batch fan-out: [{ping id:9},{unknown-tool id:10}] → normal reply for 9 AND -32602 for 10 as individual lines; notifications stay silent (52.376125ms)
✔ S5 refresh-preserves-sidecars: after codeweb_refresh all three sidecars are FRESH (stamps === statSync(graph.json)) (746.727417ms)
✔ S6 reader-overlap: two readers released together by a writer barrier → both start before either ends (I4) (728.234833ms)
✔ I4 cap: 4 readers released by a writer barrier peak at exactly READER_CAP=3 concurrent (never 4) (831.834292ms)
✔ I2/I3 writer-barrier: [reader, writer, reader] one burst → end(reader1) ≤ start(writer) < start(reader2) (803.665125ms)
✔ cancel-during-diff-fast-path: cancel while the diff awaits the writer tail → NO reply, ping answers (741.221292ms)
✔ ac_9: diff {} before any snapshot fails with the refresh {snapshot:true} remedy (59.131875ms)
✔ ac_9: refresh {snapshot:true} then diff {} completes the loop in one MCP session (257.620625ms)
✔ ac_9: the refresh CLI serves the same flag (--snapshot) (165.095792ms)
✔ ac_11: a spawned advisor (codeweb_risk) on a stale graph carries the staleness verdict (132.924ms)
✔ ac_11: codeweb_simulate (the refactor pre-flight) is staleness-annotated too (135.126458ms)
✔ ac_11: codeweb_stats stays unannotated (an activity receipt, not a structural answer) (68.685375ms)
✔ M1: initialize returns protocolVersion, an object tools capability, and serverInfo (59.073334ms)
✔ M2: tools/list exposes the full tool set with object schemas + correct required args (73.532417ms)
✔ M2b: initialize carries workflow instructions; unknown client protocol falls back to ours (116.819333ms)
✔ M3: tools/call codeweb_impact returns the query JSON as text content (63.974708ms)
✔ M3b: tools/call codeweb_review (a new agent tool) returns its JSON through the server (119.270042ms)
✔ M4: tools/call resolves a bare label (codeweb_callers helper) (58.963792ms)
✔ M5: unknown tool name -> JSON-RPC error -32602 (invalid params), not a crash (54.301584ms)
✔ M6: a not-found symbol is a valid tool result (found:false), not a protocol error (68.303083ms)
✔ M6b: a missing required argument -> tool result with isError:true (not a JSON-RPC error) (64.781416ms)
✔ M7: notifications (no id) get no response; later requests are still answered (94.430375ms)
✔ M8: unknown method -> method-not-found error (-32601) (52.742333ms)
✔ M9: the server exits cleanly (status 0) when stdin closes (47.07425ms)
✔ M10: malformed JSON on stdin -> parse error -32700, no crash, recovers (58.873709ms)
✔ MD1: codeweb_diff on two clean snapshots returns the delta JSON as content, ok:true, not isError (71.88075ms)
✔ MD2: a regression (new cycle + new duplication) is a VALID result with ok:false, NOT isError (61.479792ms)
✔ MD2b: adding a brand-new uncalled node is reported but NOT a regression (ok:true) (65.110208ms)
✔ MD3: codeweb_diff args are optional (AC-9) — no discoverable graph for the default `after` fails actionably (76.192834ms)
✔ MD4: codeweb_diff on a nonexistent graph file -> isError:true (IO), stdout stays pure JSON-RPC (138.16425ms)
✔ MD5 / API F6: diff remedies never say "pass `graph`" — codeweb_diff has no such param (52.683708ms)
✔ M11 / CTX-MCP-PARITY: codeweb_context output == context-pack.mjs --json, verbatim (F1) (435.426334ms)
✔ M12 / RFS-MCP-PARITY + IDEMPOTENT: codeweb_refresh matches the CLI and is idempotent (F2) (707.740791ms)
✔ M13: codeweb_hotspots ranks symbols (F4) (117.002542ms)
✔ M14: codeweb_campaign returns an ordered worklist (F5) (209.837833ms)
✔ M15: codeweb_reading_order returns a bounded foundations-first path (F8) (114.86625ms)
✔ codeweb_simulate pre-flights a delete and returns the gate verdict (112.04ms)
✔ codeweb_simulate validates its mode arguments (65.752667ms)
✔ codeweb_annotate records a suppression beside the graph and lists it back (171.575084ms)
✔ codeweb_stats serves the value receipt over MCP (62.119708ms)
✔ codeweb_map emits notifications/progress when the client sends a progressToken (497.372917ms)
✔ LSH-PAIRS-EQ: lshCandidatePairs ≡ verbatim string-key reference — pairs ORDER, buckets, skippedBuckets (220 seeded cases, both signal configs) (190.019166ms)
✔ LSH-TIER2-COLLISION-SPILL: a true band-fold collision spills by exact tuple, never merges differing tuples (0.484875ms)
✔ LSH-PAIRS-DETERMINISTIC: identical entries in identical order -> identical result object (0.613416ms)
✔ N1: minhash estimate tracks true Jaccard within 0.15 at K=128 (>=95% of pairs) (37.826458ms)
✔ N2: banding proposes >=99% of pairs at the overlap confirm thresholds (37.740458ms)
✔ N3: signatures and band keys are deterministic and iteration-order independent (0.688292ms)
✔ emits a per-file `module` node for files with top-level calls (49.377667ms)
✔ top-level calls attribute to the module node, not the trailing function (28.811959ms)
✔ PRECISION: the trailing function does NOT absorb top-level calls (the EOF-range bug) (17.85ms)
✔ RECALL: a non-exported helper called only from module scope is not a false orphan (19.296375ms)
✔ Python: dedent body extent + module attribution (19.062584ms)
✔ regex literals with braces do not corrupt body-end (scanSymbols repro) (14.186375ms)
✔ LINT-NUL: no tracked .mjs file contains a raw byte < 0x09 (81.19825ms)
✔ OD0: the simulation path is declared — delta by default, clone under CODEWEB_OPT_SIM=clone (114.360208ms)
✔ OD1: property — delta and clone simulations emit byte-identical results on random graphs (1464.477917ms)
✔ OD2: a cycle-creating merge is blocked with identical projectedNewCycles either path (100.32625ms)
✔ a body-confirmed high duplicate whose merge stays acyclic is READY (gate would pass) (58.496666ms)
✔ a duplicate whose naive merge would create a new file cycle is BLOCKED (gate would reject) (66.324959ms)
✔ a drifted duplicate is REVIEW, never auto-ready (no blind-merging diverged copies) (70.330208ms)
✔ a structural-high duplicate (bodySim null) is REVIEW — only body-confirmed merges are ready (88.346667ms)
✔ low and refuted findings are excluded entirely (precision over recall) (55.013375ms)
✔ a parallel-impl finding is surfaced as REVIEW, not a delete-the-copies merge (55.5415ms)
✔ an empty overlap set yields a clean zero report and exit 0 (50.453625ms)
✔ opportunities are ordered ready -> blocked -> review (actionable first) (57.020917ms)
✔ --out writes an optimize.md artifact with the tiered sections (48.439541ms)
✔ missing graph path exits 2 (usage) (61.051667ms)
✔ OCC1: a planted C duplicate across two .c files is reported (0.5905ms)
✔ OCC2: a planted C++ duplicate across two .cpp files is reported (0.07775ms)
✔ OCC3: body confirmation read REAL bodies — the extents the extractor measured are right (0.078958ms)
✔ OCC4: the report the gate consumes names both languages (0.058458ms)
✔ OC1+OC2: big-group sampling and hub-label twin cap, both reported (131.812041ms)
✔ N4: LSH finds the planted twin pair the capped path provably never examines (1190.056708ms)
✔ N4b: the LSH path is byte-deterministic across runs (1234.102667ms)
✔ N5: small inputs keep the exact path by default — bytes equal a forced-exact run (882.482167ms)
✔ N6: Signal C near-miss clones — LSH and exact paths confirm the same finding (936.842167ms)
✔ >=4 same-named uncalled implementations demote to interface-pattern (never "merge these") (79.660291ms)
✔ duplicated FIXTURE helpers are excluded from findings by default; CODEWEB_ALL_ROLES=1 restores them (109.686125ms)
✔ Signal B: twin candidates scope to product roles; CODEWEB_ALL_ROLES=1 restores (116.926375ms)
✔ identical bodies -> high confidence duplicate-logic (0.304792ms)
✔ same name, disjoint bodies -> refuted (dismissed as coincidental) (0.065666ms)
✔ partially diverged bodies -> medium/drifted (0.075625ms)
✔ CLI-scaffold names fold into one shared-responsibility finding (0.070792ms)
✔ overlaps are ranked, id-stamped, and written back into the graph (0.131375ms)
✔ structural fallback when source is absent (57.810042ms)
✔ P1: manifest is publishable — bins, files, no runtime deps, not private (2.453042ms)
✔ P2: npm pack ships engine + plugin surfaces, excludes repo-only trees (2635.322084ms)
✔ P3: packed release installs offline and each installed bin answers --help (4495.355708ms)
✔ run.mjs completes and emits all five artifacts (0.3635ms)
✔ graph carries the target through every stage (0.159625ms)
✔ the cross-domain duplicate is surfaced and body-confirmed high (0.12275ms)
✔ report.html is a self-contained, non-trivial document (0.254958ms)
✔ overlap.md lists the finding for human review (0.108958ms)
✔ PL-GRAVITY: suggested domain == inline-recomputed plurality of resolved callees (40 cases) (2342.40225ms)
✔ PL-TIE: a tie resolves to the lexicographically smallest domain (53.730459ms)
✔ SC1: suggested file is the highest-callIn file in the chosen domain (49.519542ms)
✔ PL-REUSE-SOUND: name warnings are real nodes with the exact --name label (68.697917ms)
✔ PL-REUSE-SOUND: body warnings clear the medium (0.35) floor (120.88225ms)
✔ SC3/SC4: unresolved callees reported; empty -> unassigned/null (119.55975ms)
✔ PL-DETERMINISTIC: identical inputs -> identical stdout (101.046667ms)
/Library/Developer/CommandLineTools/usr/bin/ctags: illegal option -- -
usage: ctags [-BFTaduwvx] [-f tagsfile] file ...
✔ structuralRegressions: a NEW file-level cycle is flagged (1.125042ms)
✔ structuralRegressions: a pre-existing cycle is NOT re-flagged (0.122458ms)
✔ structuralRegressions: a SURVIVING symbol that lost all callers is flagged (0.3885ms)
✔ structuralRegressions: a DELETED symbol is not a lost-caller regression (0.076709ms)
✔ structuralRegressions: a clean additive edit yields nothing (0.097375ms)
✔ hook is INERT for a non-source file (no .codeweb work) (54.187333ms)
✔ hook is INERT when the file is not under a mapped target (57.483458ms)
✔ hook flags a NEW cycle introduced by an edit (vs the baseline) (142.317958ms)
✔ S18-1: given a map, the sidecar exists beside graph.json and stamp-matches it (395.296167ms)
/Library/Developer/CommandLineTools/usr/bin/ctags: illegal option -- -
usage: ctags [-BFTaduwvx] [-f tagsfile] file ...
/Library/Developer/CommandLineTools/usr/bin/ctags: illegal option -- -
usage: ctags [-BFTaduwvx] [-f tagsfile] file ...
/Library/Developer/CommandLineTools/usr/bin/ctags: illegal option -- -
usage: ctags [-BFTaduwvx] [-f tagsfile] file ...
/Library/Developer/CommandLineTools/usr/bin/ctags: illegal option -- -
usage: ctags [-BFTaduwvx] [-f tagsfile] file ...
/Library/Developer/CommandLineTools/usr/bin/ctags: illegal option -- -
usage: ctags [-BFTaduwvx] [-f tagsfile] file ...
/Library/Developer/CommandLineTools/usr/bin/ctags: illegal option -- -
usage: ctags [-BFTaduwvx] [-f tagsfile] file ...
✔ S18-2: a valid sidecar yields the same verdict as the legacy parse path on the same payload (595.985208ms)
✔ S18-3: removing a baseline cycle key from the sidecar makes the hook report that cycle as NEW — the sidecar, not the graph, was consumed (478.997833ms)
✔ S18-4: a stale or corrupt sidecar falls back to the legacy path with the correct verdict (768.066625ms)
✔ S18-5: both sidecar AND graph corrupt -> the hook binary exits 0 silently (the contract is fail-open) (594.541042ms)
✔ S18b-NOCHANGE: a no-change in-process fire returns null and leaves the warm cache bytes untouched (483.116375ms)
✔ S18b-PARITY: additionalContext byte-identical via the in-process path and CODEWEB_HOOK_INPROC=0 (spawn) (414.748083ms)
✔ the hook leaves no codeweb-hook-*.json temp files behind (139.0925ms)
✔ the pre-registered check count on every published surface equals what the receipts enumerate (5.399333ms)
✔ no published surface still frames the study as "32 / 33" (1.816583ms)
✔ the retired check is recorded with its reason, not silently dropped (0.29225ms)
✔ every check the receipts enumerate is recorded as passing (0.435458ms)
✔ H15 is claimed as passing only while its receipt says so (0.118667ms)
✔ no phantom symbol is extracted from inside a docstring (37.614042ms)
✔ no call edge is fabricated from inside a docstring (19.249209ms)
✔ no call edge is fabricated from inside a # comment (19.333958ms)
✔ a REAL call after the docstring is still extracted (12.991458ms)
✔ real symbols around the docstring are intact (18.390125ms)
✔ DEPENDENTS: render_template no longer lists the docstring/comment false callers (83.929ms)
✔ single-line f-string: report -> compute edges (0.301125ms)
✔ triple-quoted f-string: multi -> compute edges; {{code}} stays text (0.058583ms)
✔ rf prefix: prefixed -> compute edges (0.045958ms)
✔ plain strings stay blanked: no decoy -> compute edge (0.052292ms)
✔ expr-interior string content stays blanked: no decoy2 -> compute edge (0.050084ms)
✔ RECALL+PRECISION: a relative named import pins the bare call to the exact symbol (42.237709ms)
✔ RECALL: a relative submodule member call resolves (from . import models; models.build()) (38.111333ms)
✔ RECALL: an absolute aliased module member call resolves (import pkg.models as m; m.build()) (24.283208ms)
✔ the submodule import emits a coarse <module> edge (not a symbol edge) (25.851416ms)
✔ PRECISION: a param obj.helper() fabricates no edge (20.356583ms)
✔ DEPENDENTS: --dependents build includes both the submodule and absolute-alias callers (107.219875ms)
/Library/Developer/CommandLineTools/usr/bin/ctags: illegal option -- -
usage: ctags [-BFTaduwvx] [-f tagsfile] file ...
/Library/Developer/CommandLineTools/usr/bin/ctags: illegal option -- -
usage: ctags [-BFTaduwvx] [-f tagsfile] file ...
/Library/Developer/CommandLineTools/usr/bin/ctags: illegal option -- -
usage: ctags [-BFTaduwvx] [-f tagsfile] file ...
/Library/Developer/CommandLineTools/usr/bin/ctags: illegal option -- -
usage: ctags [-BFTaduwvx] [-f tagsfile] file ...
✔ Q1+Q2: from <own-pkg> import name resolves through the src-layout __init__ re-export (102.618334ms)
✔ Q3: an explicit import binds calls across a package boundary (63.031208ms)
✔ Q4: the module-level import site attributes to <module>, matching site granularity (76.385208ms)
✔ Q-guard: `import json` never grabs an in-repo NESTED json package (65.836291ms)
✔ SC1: no query prints usage to stderr (not stdout) and exits 2 (62.786834ms)
✔ SC2: missing graph file exits 2 with a clear message (no raw stack) (62.342166ms)
✔ SC3: --callers returns direct call in-neighbors, sorted (64.511916ms)
✔ SC4: --callees returns direct call out-neighbors, sorted (55.35925ms)
✔ SC5: --impact returns the transitive reverse-call closure + distinct domains (53.486833ms)
✔ SC5b: --impact on an ambiguous label seeds from ALL matches, excluding every seed (60.10175ms)
✔ SC5c: --impact terminates on recursion (self-loop) and excludes the seed (55.972875ms)
✔ SC6: --cycles finds a file-level dependency cycle (SCC size >= 2) (51.647958ms)
✔ SC6b: multiple cycles are emitted in a deterministic order (sorted) (62.865084ms)
✔ SC7: --orphans = no incoming edges AND not exported (exported-unused excluded) (63.319792ms)
✔ SC7b: --orphans returns [] at exit 0 (not 1) when every node has an in-edge (50.672333ms)
✔ SC8a: a bare ambiguous label resolves to ALL matching nodes (union of results) (58.272458ms)
✔ SC8b: unknown symbol exits 1 with found:false (52.130125ms)
✔ SC8c: a found symbol with zero results returns exit 0 + [] (not not-found) (61.563875ms)
✔ SC8d: import edges never leak into call adjacency (callers/callees) (101.422667ms)
✔ SC9: --json output is byte-stable across runs (deterministic for agents) (162.739834ms)
✔ SC-robust: missing node fields (exports/domain/file) default sanely, no crash (65.146375ms)
✔ SC-edgeless: a graph with no edges yields empty cycles/callers and all unexported orphans (180.103042ms)
✔ RE1: /codeweb-apply exists — ready tier only, deterministic gate owns every verdict (0.848334ms)
✔ RE2: /codeweb-pitch exists — every number pinned to an artifact, review before sharing (0.20675ms)
✔ RE3: narration is a provenance-labeled sidecar — brief renders it, absence changes nothing (2.931833ms)
✔ RE4: --serve serves the workspace on localhost only (136.125375ms)
✔ RE5: quickstart bins exist with the Node guard and forward faithfully (101.112ms)
✔ RE6: the acquisition ledger runs on a schedule and appends where the docs say (0.516375ms)
✔ RE7: the spend-gated AI work is documented as funded proposals, not silently run (0.315667ms)
✔ RO-EQUIV-ORACLE + RO-EARLY-EXIT: rewrite ≡ frozen O(n²) oracle; budget b ≡ full-order prefix (200+ seeded cases, all scopes) (10.341166ms)
✔ RO-BUDGET-NORMALIZE: -1 / 0 / 2.5 / NaN / Infinity keep the pre-#22 slice semantics (2.440125ms)
✔ RO-FOUNDATIONS-FIRST: for an acyclic call graph, every callee precedes its caller in the order (4.72325ms)
✔ RO-BUDGET: output length <= budget; budget >= scope size -> every in-scope symbol once (2.312125ms)
✔ RO-SCOPE-CLOSED: domain/file scope only emits in-scope ids; symbol scope stays in its closure (0.161334ms)
✔ RO-CYCLE-SAFE + RO-DETERMINISTIC: a cyclic call graph yields a stable total order, no crash (0.0975ms)
✔ RO-CLI: reading-order.mjs --json emits an ordered, budgeted path (47.960209ms)
✔ RECALL: a function passed to .map(fn) is captured as a reference edge (40.055375ms)
✔ RECALL: a function passed as a callback argument is captured (21.696167ms)
✔ PRECISION: a method call obj.fn() does NOT resolve to a top-level fn() (16.794875ms)
✔ version-sync.mjs runs clean on the aligned repo (idempotent no-op) (149.488458ms)
✔ screenshot.mjs front door: no args dies with usage (exit 2), never a stack trace (51.361584ms)
✔ auditClaimValues: a stated stat that disagrees with its receipt fails; the real repo is clean (14.385625ms)
✔ bumpVersion follows SemVer (0.169334ms)
✔ the real repo derives 28 MCP tools from the source (0.441833ms)
✔ engines.node claims exactly the tested floor (>=22) (0.10975ms)
✔ the real repo is consistent (versions + tool count aligned) (20.872208ms)
✔ check-consistency CLI exits 0 on the aligned repo (77.205917ms)
✔ rollChangelog moves Unreleased into a dated version section (0.897333ms)
✔ rollChangelog refuses an empty Unreleased (0.726583ms)
✔ syncTargets rewrites version + tool count via backref-preserving subs (0.279ms)
✔ checkConsistency catches drift, applySync repairs it (round-trip) (5.12475ms)
✔ checkConsistency fails a sponsorship cost premise in the stdout copy module (3.814416ms)
✔ checkConsistency fails a sponsorship cost premise on any prose surface, not just product-copy (4.185292ms)
✔ checkConsistency fails a numeric claim literal in a script outside product-copy.mjs (7.1355ms)
✔ checkConsistency enforces the D1 manifest discipline (restatement + phantom docs) (5.726ms)
✔ scanProseCounts flags the live package.json description string against 27 tools (0.094166ms)
✔ checkConsistency scans site/data/product.json prose — the stale-elevator class (0.449916ms)
✔ scanProseCounts flags a stale tool count, in digits and words (0.32925ms)
✔ documentation counts survive formatting and Codeweb possessive phrasing (0.164542ms)
✔ current SPEC and reference counts are checked while dated audit counts stay historical (5.757875ms)
✔ scanProseCounts flags a stale native-language count (0.458917ms)
✔ scanProseCounts catches the "(N total)" and bare "N languages" phrasings that slipped v0.9.0 (0.330291ms)
✔ product.json languages match the extractor: one file per extension, counted (255.432417ms)
✔ CHANGELOG never @-mentions a number — bare @digit is banned outside code spans (1.843041ms)
✔ the release workflow re-syncs notes for an existing release instead of skipping (0.398625ms)
✔ G1: callers that try/catch or .catch() the call surface as exception reliance (159.631083ms)
✔ G2: a callee that mutates its parameter is flagged — callers share that object (160.438375ms)
✔ G3: null-checked results surface as nullability reliance (230.576417ms)
✔ G4 (control): none of the evidence -> none of the claims (174.353ms)
✔ explain card reports fields, awaited fraction, and arg range from real call sites (259.461208ms)
✔ the pre-edit hook delivers the reliance line without being asked (138.487292ms)
✔ no callers or unreadable source -> no reliance claim (absence is honest) (328.879459ms)
✔ diff: a rename (same body, new name) reports as renamed, not delete+add churn (60.362291ms)
✔ explain: one bounded card with identity, dependents, tops, and findings membership (119.199583ms)
✔ C1+C4: cost-to-coverage per condition — means over reported cells only, missing counted (49.7005ms)
✔ C2: analyzer output byte-identical across runs (93.57975ms)
✔ P1: missed-then-fixed signature change mines as exactly one task with the history as answer key (1661.98325ms)
✔ P2: a well-executed change (all callers updated) mines nothing — and the funnel says why (1023.672708ms)
✔ P3: a fix outside --followup-window mines nothing — and the funnel says why (1265.895ms)
✔ P4: a formatting-only reformat is NOT a signature change — the prettier trap mines nothing (1169.229209ms)
✔ P5: a change too large to embed verbatim is rejected, never truncated into the instruction (1236.173834ms)
✔ P6: a keyword-labeled symbol is rejected — its "mention" evidence would match syntax (966.679167ms)
✔ T-37.1: gDraw reads cvColors() exactly once, before the edge/node passes (not per label) (0.453459ms)
✔ T-37.3: every edge of a 50k set has per-edge style === its bucket style (byte-exact) (34.249792ms)
✔ T-37.3: theme ink overrides swap the triplet, never the alpha/width/dash math (0.184ms)
✔ T-37.3: weight ≥ 72 collapses to one width bucket, weight ≥ 29 to one alpha, no over-merge across states (0.090792ms)
✔ T-37.2: labelPick caps at the given count (1.462375ms)
✔ T-37.2: priority order is bubbles > hl members > screen radius desc, tie-break by id (0.272291ms)
✔ T-37.2: labelPick is position-independent and deterministic (flicker-free across anneal) (0.789666ms)
✔ T-37.4: hitScan matches the old per-frame AN scan; gDraw no longer rescans AN (0.121084ms)
✔ E1+E2: editor links ship without leaking the source root (56.069959ms)
﹣ L1: harness emits the full measurement schema on a fixture report (0.352667ms) # playwright not resolvable
﹣ L2: a non-report input fails loudly, never emitting bogus timings (0.052208ms) # playwright not resolvable
✔ report-sim: gStepChunk extracts from the template and a small sim settles + terminates (77.230833ms)
✔ report-sim: the layout is deterministic — identical seeds give bitwise-equal positions ×2 runs (298.160625ms)
✔ report-sim: the spiral seeding is also deterministic and stays finite (241.075667ms)
✔ report-sim: sliced (budget=2ms) settle is bitwise-equal to a budget=∞ settle (T-35.4) (580.288166ms)
✔ R2: refresh stamps overlapsDroppedAt, and the brief says "not recounted" instead of 0 (706.629209ms)
✔ R2: a fresh full map clears the stamp and recounts (1013.569584ms)
✔ R3: the session brief nudges when the tree has changed since the map (451.563792ms)
✔ R1/R8: a re-map prints the since-last-map delta and appends history.jsonl (842.162125ms)
✔ R8: trend reads history.jsonl instantly (no pipeline runs) (841.887708ms)
✔ R8: a reused (memo-hit) run does not double-append history (607.560875ms)
✔ R6: the workspace writes its own .gitignore whitelisting the non-regenerable memory (407.249875ms)
✔ R9/R10: the report renders its own age (view-time, byte-clean) and the building version (430.389208ms)
✔ R10: the run banner names the version (397.700542ms)
✔ R10: README and the site ask for a release-watch, not just a star (1.14925ms)
✔ R4: the same regression is flagged once, not on every subsequent edit (632.3015ms)
✔ R5: a suppressed finding disappears from graph.overlaps and reports a suppressedCount (725.237208ms)
✔ R7: the gate comment links home and can render a cross-PR trend line (0.731583ms)
✔ R7: ci-gate documents the --history flag (41.36125ms)
✔ R11a: a failed unsupported-language map leaves a marker that routes to the agent fallback (223.646625ms)
✔ R3: the pre-edit card marks a file whose stamps no longer match the map (303.786125ms)
✔ stats: full maps stamp firstMapAt/lastMapAt/mapCount (and only fresh computes count) (803.153209ms)
✔ RV1: FUNDING.yml exists — payment friction drops from infinite to zero (0.576334ms)
✔ RV2: README states the free-forever contract and the ratified sponsor story (0.293667ms)
✔ RV3: the support page tells the ratified story — placement for sponsors, no cost claims (0.188875ms)
✔ RV4: the receipt-high-point ask fires on real value, once a month, local-only (1320.341833ms)
✔ RV5: trend (the team-lead surface) carries the ask only with a real series (106.784333ms)
✔ RV6: the two shared artifacts carry the sponsor rail (attribution, not solicitation) (4.108666ms)
✔ RV7: anti-placements hold — no ask on agent-facing or trust surfaces (0.936416ms)
✔ RV-HUNK-MAP: changedSymbols == inline interval-overlap oracle; RV-BLAST-EXACT: blast == impactOf (40 cases) (2265.101291ms)
✔ RV-WHOLE-FILE: whole-file change selects exactly that file's nodes (52.325042ms)
✔ SC3/--gate: a new file cycle vs --before is reported and gates (168.335791ms)
✔ RV-DETERMINISTIC: identical inputs -> identical stdout (116.791917ms)
✔ RK-COMPONENTS: components + risk + ranking match the independent recompute (30 cases) (1809.515833ms)
✔ RK-MONOTONE: risk is non-decreasing in each component (100 random vectors) (0.577917ms)
✔ --changed restricts ranked output to changed files (58.74ms)
✔ RK-PAGING: --offset pages with nextOffset; text mode honors --limit (169.981042ms)
✔ RK-DETERMINISTIC: identical inputs -> identical stdout (121.333875ms)
✔ R1: override maps docs/** to generated; heuristics keep the rest (129.654875ms)
✔ R2: first matching glob wins, in config order (145.613791ms)
✔ R3: an unknown role value fails loudly, naming the entry (67.339583ms)
✔ R5: a rules-file role flip with a warm cache re-derives edges (the #10 gate sees fresh roles) (214.272208ms)
✔ R4: absent roles section == absent rules file (byte-identical fragments) (284.385958ms)
✔ T-13.1: a Ruby heredoc body fabricates no symbol and no edge; real code stays live (129.671709ms)
✔ T-13.2: a PHP `#` comment fabricates no edge; the real call edges (99.399041ms)
✔ SE-IMPORT-CLEAN: import(extract-symbols) is side-effect-free (58.304917ms)
✔ IE-TWO-RUNS: two sequential runExtract calls each byte-equal a fresh CLI run (276.022542ms)
✔ IE-TWO-RUNS-CONCURRENT: Promise.all of two runExtract calls each byte-equal a fresh CLI run (249.787625ms)
✔ RE-ERRORS: guard paths throw ExtractError, never exit the host process (0.541667ms)
✔ K1: per-stage timing on stderr, artifacts byte-identical across cold runs (845.521459ms)
✔ K2: scale.mjs emits the full schema and restores the edited source byte-identically (1657.522666ms)
✔ K3: stagesReused honesty is pinned at the parser level (0.954ms)
✔ PROPERTY: every product-role ref edge lands on a product-role target (2.065542ms)
✔ no lib/import-resolve or lib/cli edge into extract-symbols rel/textOf/maskedOnce (0.345833ms)
✔ F6: robots.txt + sitemap.xml exist, and internal markdown is excluded from crawl (1.191875ms)
✔ F12: every same-site fragment link in the built site resolves to an element with that id (8.885041ms)
✔ F6b: the IndexNow key deploys with the site and matches the committed key (0.47725ms)
✔ F6c: search engines get pinged on every site deploy, no account needed (0.264083ms)
✔ F5: the demo — the most-shared URL — finally unfurls (0.30825ms)
✔ F7/F9: built pages carry search vocabulary and every page has an h1 (0.649166ms)
✔ F10/F11: JSON-LD structured data + OG image dimensions (0.124917ms)
✔ F2: server.json exists for the MCP registry and tracks the package version (0.318083ms)
✔ F4: npm metadata carries the category keywords for the next publish (0.161ms)
✔ F8: the case study is a real built page, not stranded markdown (0.19025ms)
✔ F6d: the Search Console ownership proof rides the shared head — dropping it would silently unverify the property (0.128416ms)
✔ F1b: repo About settings are code — the workflow applies what the JSON declares (0.569916ms)
✔ F1: the zero-code operator actions are written down where the operator will find them (0.474416ms)
✔ unterminated quotes tokenize in linear time, not exponential (3.848667ms)
✔ string collapsing semantics are unchanged (0.614ms)
✔ fresh stamp + matching version -> the parsed doc (1.1385ms)
✔ version mismatch -> null (stale schema never served) (0.59375ms)
✔ stale mtime -> null (0.770792ms)
✔ stale size -> null (0.877875ms)
✔ graph rewritten after the sidecar stamped it -> null (1.204042ms)
✔ missing stamp, missing sidecar, malformed JSON, missing graph -> null, never throws (0.996209ms)
✔ writeSidecars is byte-identical to the individual builders the old build-report block ran (403.610542ms)
✔ the trio shares ONE stamp === statSync(graph.json), and all three loaders return non-null (4.100833ms)
✔ similar-index is REBUILT when meta.root is readable (4.282083ms)
✔ similar-index is REMOVED when meta.root is absent (brief + index-lite still written) (2.472875ms)
✔ similar-index is REMOVED when meta.root is set but gone from disk (3.232917ms)
✔ crash-window: a graph rewritten after the sidecars leaves only stamp-MISMATCHED sidecars (all loaders null) (4.392917ms)
✔ after a refresh, session-brief preview() is byte-identical from the sidecar path and the graph path (583.294167ms)
/Library/Developer/CommandLineTools/usr/bin/ctags: illegal option -- -
usage: ctags [-BFTaduwvx] [-f tagsfile] file ...
/Library/Developer/CommandLineTools/usr/bin/ctags: illegal option -- -
usage: ctags [-BFTaduwvx] [-f tagsfile] file ...
/Library/Developer/CommandLineTools/usr/bin/ctags: illegal option -- -
usage: ctags [-BFTaduwvx] [-f tagsfile] file ...
/Library/Developer/CommandLineTools/usr/bin/ctags: illegal option -- -
usage: ctags [-BFTaduwvx] [-f tagsfile] file ...
/Library/Developer/CommandLineTools/usr/bin/ctags: illegal option -- -
usage: ctags [-BFTaduwvx] [-f tagsfile] file ...
/Library/Developer/CommandLineTools/usr/bin/ctags: illegal option -- -
usage: ctags [-BFTaduwvx] [-f tagsfile] file ...
/Library/Developer/CommandLineTools/usr/bin/ctags: illegal option -- -
usage: ctags [-BFTaduwvx] [-f tagsfile] file ...
/Library/Developer/CommandLineTools/usr/bin/ctags: illegal option -- -
usage: ctags [-BFTaduwvx] [-f tagsfile] file ...
/Library/Developer/CommandLineTools/usr/bin/ctags: illegal option -- -
usage: ctags [-BFTaduwvx] [-f tagsfile] file ...
/Library/Developer/CommandLineTools/usr/bin/ctags: illegal option -- -
usage: ctags [-BFTaduwvx] [-f tagsfile] file ...
/Library/Developer/CommandLineTools/usr/bin/ctags: illegal option -- -
usage: ctags [-BFTaduwvx] [-f tagsfile] file ...
/Library/Developer/CommandLineTools/usr/bin/ctags: illegal option -- -
usage: ctags [-BFTaduwvx] [-f tagsfile] file ...
/Library/Developer/CommandLineTools/usr/bin/ctags: illegal option -- -
usage: ctags [-BFTaduwvx] [-f tagsfile] file ...
/Library/Developer/CommandLineTools/usr/bin/ctags: illegal option -- -
usage: ctags [-BFTaduwvx] [-f tagsfile] file ...
/Library/Developer/CommandLineTools/usr/bin/ctags: illegal option -- -
usage: ctags [-BFTaduwvx] [-f tagsfile] file ...
/Library/Developer/CommandLineTools/usr/bin/ctags: illegal option -- -
usage: ctags [-BFTaduwvx] [-f tagsfile] file ...
/Library/Developer/CommandLineTools/usr/bin/ctags: illegal option -- -
usage: ctags [-BFTaduwvx] [-f tagsfile] file ...
/Library/Developer/CommandLineTools/usr/bin/ctags: illegal option -- -
usage: ctags [-BFTaduwvx] [-f tagsfile] file ...
/Library/Developer/CommandLineTools/usr/bin/ctags: illegal option -- -
usage: ctags [-BFTaduwvx] [-f tagsfile] file ...
/Library/Developer/CommandLineTools/usr/bin/ctags: illegal option -- -
usage: ctags [-BFTaduwvx] [-f tagsfile] file ...
/Library/Developer/CommandLineTools/usr/bin/ctags: illegal option -- -
usage: ctags [-BFTaduwvx] [-f tagsfile] file ...
/Library/Developer/CommandLineTools/usr/bin/ctags: illegal option -- -
usage: ctags [-BFTaduwvx] [-f tagsfile] file ...
/Library/Developer/CommandLineTools/usr/bin/ctags: illegal option -- -
usage: ctags [-BFTaduwvx] [-f tagsfile] file ...
/Library/Developer/CommandLineTools/usr/bin/ctags: illegal option -- -
usage: ctags [-BFTaduwvx] [-f tagsfile] file ...
/Library/Developer/CommandLineTools/usr/bin/ctags: illegal option -- -
usage: ctags [-BFTaduwvx] [-f tagsfile] file ...
/Library/Developer/CommandLineTools/usr/bin/ctags: illegal option -- -
usage: ctags [-BFTaduwvx] [-f tagsfile] file ...
/Library/Developer/CommandLineTools/usr/bin/ctags: illegal option -- -
usage: ctags [-BFTaduwvx] [-f tagsfile] file ...
✔ SIG-FIDELITY: extracted params match an independent inline parser over random decls (1087.685334ms)
✔ SIG-NULL-SAFE: multi-line + paren-less + no-paren decls yield signature null (41.928792ms)
✔ SC2: return annotation captured for TS and Python (42.098584ms)
✔ SIG-CONTEXT-PACK: context-pack callees include the node signature (no drift) (60.107416ms)
✔ SC2: projected has gate shape and ok === (no new cycles && no lost callers) (46.387916ms)
✔ SE-FAITHFUL: tool matches the oracle + ok invariant holds — delete (30 cases) (1517.381709ms)
✔ SE-FAITHFUL: tool matches the oracle + ok invariant holds — merge (30 cases) (1455.860083ms)
✔ SE-FAITHFUL: tool matches the oracle + ok invariant holds — move (30 cases) (1341.834ms)
✔ SE-FAITHFUL: tool matches the oracle across mixed random ops (60 cases) (2395.985208ms)
✔ SE-PURE: the input graph file is byte-identical after a run (38.988833ms)
✔ H4: --into defaults to the smallest resolved id when omitted (41.339042ms)
✔ SE-DETERMINISTIC: same input -> identical stdout (80.507667ms)
✔ SE-OPTIMIZE-AGREE: simulate-edit --merge and optimize.mjs project the SAME newCycles for a finding (74.504792ms)
✔ SC4: unknown symbol -> exit 1; missing op -> exit 2 (74.912458ms)
✔ --out redirects the whole build (135.851ms)
✔ builder runs and reports the expected page count (140.220542ms)
✔ emits every page in the information architecture (135.567125ms)
✔ output is deterministic — byte-stable across consecutive builds (296.472375ms)
✔ no unfilled template placeholders remain (127.460875ms)
✔ no "undefined" ever renders into a page, and every tool card has a description (142.097042ms)
✔ every page links the shared stylesheet and sets a canonical URL (127.144ms)
✔ footer version is in lock-step with package.json (129.040125ms)
✔ pages are self-contained — no third-party network origins (124.604583ms)
✔ downloads dashboard uses the full package history and excludes incomplete recent days (129.625417ms)
✔ SKL-RENAME-INVARIANT: a consistent identifier rename yields an identical skeleton (sim 1) (18.173833ms)
✔ SKL-LITERAL-NORMALIZED: changing only literal values leaves the skeleton equal (0.134ms)
✔ SKL-STRUCTURE-SENSITIVE: changing control flow changes the skeleton (does not saturate to 1) (0.127334ms)
✔ SKL-STRUCTURE-SENSITIVE (prop): inserting one extra if-block changes the skeleton (sim < 1) (8.782625ms)
✔ SKL-OPERATOR-SENSITIVE: operator identity survives normalization (+ vs *, && vs ||) (0.095125ms)
✔ SKL-KEYWORDS-PRESERVED: keywords survive normalization (control flow is visible) (0.146625ms)
✔ SKL-DETERMINISTIC: same source -> same skeleton + shingles (3.997542ms)
✔ SKL-DISTINGUISHES-UNRELATED: structurally different bodies are not near-1 (0.099416ms)
✔ SP-1: a spread call `...metrics(ws)` edges to the same-file callee (104.901833ms)
✔ SP-2: IIFE initializers are not function nodes; real arrows still are (1.798416ms)
✔ SP-3: self-map dogfood — trend.mjs:metrics has a caller; PERM_SEEDS is no node (174.075583ms)
✔ S1: identical fragment -> all four stages reused, outputs equal a --full rerun (mod generatedAt) (968.660083ms)
✔ S2: a source edit invalidates the memo (793.570875ms)
✔ S3: a missing output invalidates the memo and is restored (763.297917ms)
✔ S4: a CODEWEB_* lever change invalidates the memo (636.748041ms)
✔ S5: byte-tampered-but-parseable graph.json forces recompute (content hash, not a parse) (615.600833ms)
✔ S6: a tampered report.md forces recompute (the four non-graph outputs are guarded too) (617.9515ms)
✔ S7: --stages through-overlap computes through overlap, skips report + memo, never poisons a full run (656.011666ms)
✔ S8: --stages with an unknown phase exits 2 (no silent typo path) (38.624334ms)
✔ stats lib: bump accumulates monthly, opt-out is a true no-op, receipt line renders (95.989ms)
✔ writers: the pre-edit hook and the MCP server put real events on the ledger (324.653083ms)
✔ empty ledger: the receipt says how counters accrue instead of showing nothing (126.658041ms)
✔ receipt survives the month boundary (lifetime) and the brief nudges on a stale map (157.550916ms)
✔ #10: CLI queries count toward the receipt (queriesServed bumps beside the graph) (139.440375ms)
✔ query --orphans --json: >64KB piped output arrives complete and parses (72.432292ms)
✔ deadcode --json: >64KB piped output arrives complete and parses (84.221584ms)
✔ deadcode text mode: >64KB piped output arrives complete (75.281917ms)
✔ F6-STRUCTURAL-FIND: --structural ranks a renamed clone higher than lexical does (105.414875ms)
✔ F7-SUPPRESS: annotate a deadcode finding -> deadcode hides + counts it; --show-suppressed reveals (207.31625ms)
✔ F7-DEST: annotate in an unmapped cwd exits 2 with the no-map message and creates nothing (142.749583ms)
✔ F7-RESURFACE: changing the orphan id changes its fingerprint -> not silently suppressed (155.721375ms)
✔ S1 query miss exits 1 and suggests the near-match + concept search (59.382625ms)
✔ S2 query miss --json carries hint + ranked suggestions with full ids (54.905458ms)
✔ S3 suggestions are bounded (max 3) and deterministic (101.874292ms)
✔ S4 a hopeless miss still gets the hint, without fabricated suggestions (48.062416ms)
✔ S5 explain miss carries the same hint + suggestions (54.377125ms)
✔ S6 context-pack miss names the near-match in its error (55.741541ms)
/Library/Developer/CommandLineTools/usr/bin/ctags: illegal option -- -
usage: ctags [-BFTaduwvx] [-f tagsfile] file ...
/Library/Developer/CommandLineTools/usr/bin/ctags: illegal option -- -
usage: ctags [-BFTaduwvx] [-f tagsfile] file ...
/Library/Developer/CommandLineTools/usr/bin/ctags: illegal option -- -
usage: ctags [-BFTaduwvx] [-f tagsfile] file ...
/Library/Developer/CommandLineTools/usr/bin/ctags: illegal option -- -
usage: ctags [-BFTaduwvx] [-f tagsfile] file ...
/Library/Developer/CommandLineTools/usr/bin/ctags: illegal option -- -
usage: ctags [-BFTaduwvx] [-f tagsfile] file ...
/Library/Developer/CommandLineTools/usr/bin/ctags: illegal option -- -
usage: ctags [-BFTaduwvx] [-f tagsfile] file ...
/Library/Developer/CommandLineTools/usr/bin/ctags: illegal option -- -
usage: ctags [-BFTaduwvx] [-f tagsfile] file ...
/Library/Developer/CommandLineTools/usr/bin/ctags: illegal option -- -
usage: ctags [-BFTaduwvx] [-f tagsfile] file ...
/Library/Developer/CommandLineTools/usr/bin/ctags: illegal option -- -
usage: ctags [-BFTaduwvx] [-f tagsfile] file ...
/Library/Developer/CommandLineTools/usr/bin/ctags: illegal option -- -
usage: ctags [-BFTaduwvx] [-f tagsfile] file ...
/Library/Developer/CommandLineTools/usr/bin/ctags: illegal option -- -
usage: ctags [-BFTaduwvx] [-f tagsfile] file ...
/Library/Developer/CommandLineTools/usr/bin/ctags: illegal option -- -
usage: ctags [-BFTaduwvx] [-f tagsfile] file ...
/Library/Developer/CommandLineTools/usr/bin/ctags: illegal option -- -
usage: ctags [-BFTaduwvx] [-f tagsfile] file ...
/Library/Developer/CommandLineTools/usr/bin/ctags: illegal option -- -
usage: ctags [-BFTaduwvx] [-f tagsfile] file ...
/Library/Developer/CommandLineTools/usr/bin/ctags: illegal option -- -
usage: ctags [-BFTaduwvx] [-f tagsfile] file ...
/Library/Developer/CommandLineTools/usr/bin/ctags: illegal option -- -
usage: ctags [-BFTaduwvx] [-f tagsfile] file ...
/Library/Developer/CommandLineTools/usr/bin/ctags: illegal option -- -
usage: ctags [-BFTaduwvx] [-f tagsfile] file ...
/Library/Developer/CommandLineTools/usr/bin/ctags: illegal option -- -
usage: ctags [-BFTaduwvx] [-f tagsfile] file ...
/Library/Developer/CommandLineTools/usr/bin/ctags: illegal option -- -
usage: ctags [-BFTaduwvx] [-f tagsfile] file ...
/Library/Developer/CommandLineTools/usr/bin/ctags: illegal option -- -
usage: ctags [-BFTaduwvx] [-f tagsfile] file ...
/Library/Developer/CommandLineTools/usr/bin/ctags: illegal option -- -
usage: ctags [-BFTaduwvx] [-f tagsfile] file ...
/Library/Developer/CommandLineTools/usr/bin/ctags: illegal option -- -
usage: ctags [-BFTaduwvx] [-f tagsfile] file ...
/Library/Developer/CommandLineTools/usr/bin/ctags: illegal option -- -
usage: ctags [-BFTaduwvx] [-f tagsfile] file ...
/Library/Developer/CommandLineTools/usr/bin/ctags: illegal option -- -
usage: ctags [-BFTaduwvx] [-f tagsfile] file ...
✔ TE-PRECISION: test-edge targets == independent scan of test-file references (15 cases) (731.905291ms)
✔ TE-PRESERVE: no call/import edge from a test-file node to a prod symbol (45.529958ms)
✔ TE-QUERY-COMPLETE: --tests X == raw test-edge in-neighbors (96.542375ms)
✔ SC3: test edges do not count as callers/imports (orphan + callers contract) (110.642417ms)
✔ TE-ANON: anonymous test callback edges <module> -> prod:foo as a test edge (44.396958ms)
✔ TE-DESTRUCTURE: destructuring-param fn owns its body call and stays in impactOf (121.115042ms)
✔ JM-COMMENT: calls inside // and /* */ comments produce no call edge (40.677417ms)
✔ JM-STRING: // inside a string does not blank the rest of the line (43.393833ms)
✔ JM-TEMPLATE: call inside ${} interpolation still edges (37.911875ms)
✔ RX-RENAME: call via `export {x as y} from` barrel edges to impl:x (107.833417ms)
✔ RX-CHAIN: re-export through two barrels resolves transitively (45.741709ms)
✔ the no-progress guard is present in the shipped template (cannot silently regress out) (0.793459ms)
✔ a dominant final item terminates instead of overflowing the stack (0.213958ms)
✔ all-zero values terminate and still fully tile (no NaN from /0) (0.077084ms)
✔ large uniform input (the .live-scale case) terminates (1.30925ms)
✔ areas are proportional to value and tile the box exactly (0.145459ms)
✔ degenerate single and empty inputs are handled (0.806792ms)
✔ trend renders body-confirmed duplication across snapshots (oldest -> newest) (52.737417ms)
✔ trend --json emits structured per-snapshot metrics (45.547375ms)
✔ trend with no input exits 2 (usage) (44.164583ms)
✔ trend --git charts duplication rising across real commits (1218.557583ms)
✔ trend --git reused-ws belt: a failed middle commit is zeroed; neighbors stay correctly attributed (1131.130167ms)
✔ loadTsEngine returns null OR a {cyclomaticExact, version} engine — never throws (0.731917ms)
✔ cyclomaticExact: no decisions → 1 (5.168917ms)
✔ cyclomaticExact: if + && → 3 (0.710666ms)
✔ cyclomaticExact: switch cases + catch → 4 (0.497458ms)
✔ cyclomaticExact: loops + nullish → 4 (0.29375ms)
✔ precision: optional param `?:` is not a ternary (0.624709ms)
✔ precision: `.catch(` is a Promise method, not try/catch (0.193167ms)
✔ precision: logic inside a template interpolation is real branching (0.354917ms)
✔ determinism: identical input → identical value (0.388042ms)
✔ always >= 1, and empty/garbage input does not throw (0.484167ms)
✔ extractJsTs: method ids are class-qualified (file:Class.method), labels stay bare (1.916334ms)
✔ extractJsTs: this.m() + typed-receiver dispatch resolve to qualified method ids (0.655083ms)
✔ extractJsTs: deterministic across runs (2.051042ms)
✔ extractJsTs: garbage input never throws (graceful per-file fallback signal) (0.190791ms)
✔ L-MEM: every parser.parse site in ts-engine.mjs frees its tree (0.194917ms)
✔ T1+T2: reordered statements pair as a near-miss clone, REVIEW-only (409.578292ms)
✔ T3: structurally different bodies of similar length do not pair (412.768333ms)
✔ T4: small bodies never fingerprint (exact-clone territory stays Signal A) (402.937917ms)
✔ T5: regex engine -> no fingerprints, no near-miss findings (369.302084ms)
✔ T6: determinism — same source, two workspaces, byte-identical graphs (mod generatedAt) (704.698416ms)
✔ the gate comment carries the org-dashboard line in its footer, beside the attribution (1.08625ms)
✔ the gate comment keeps its attribution footer when the upgrade line is suppressed (0.144917ms)
✔ a caller rendering its own dashboard link can turn the upgrade line off (0.0575ms)
✔ the trend nudge fires at 5 snapshots and stays silent at 4 (145.135541ms)
✔ the trend nudge is exactly one line, printed once, after the table (105.372708ms)
✔ trend --json stays pure JSON at any snapshot count (129.439291ms)
✔ both documented levers suppress the trend nudge at 5 snapshots (95.479ms)
✔ placementsSuppressed reads the environment at call time, and only on "1" (0.122958ms)
✔ the shared report artifact keeps its attribution footer (0.584959ms)
✔ no placement string reaches any unsanctioned script, hook, or bin entry (4.978417ms)
✔ the sweep actually covers the three anti-placement surfaces (0.228ms)
✔ behavioral: an MCP tool response carries no placement (61.378541ms)
✔ behavioral: error paths carry no placement (304.049375ms)
✔ the charter records which surfaces may carry an upgrade line, and which may never (0.482083ms)
✔ the suppression lever is documented where every other environment knob is (0.327834ms)
✔ lens-core: callers count reverse call edges only; blast is the impact closure (0.846792ms)
✔ lens-core: inherit edges make subclasses part of the blast (0.073917ms)
✔ lens-core: minCallers hides sub-threshold symbols; unknown file yields no lenses (0.088584ms)
✔ lens-core: blastOf uses the pointer-index walk, not shift()/spread-merge (#38 shape) (0.246333ms)
✔ lens-core: full-file pass scales ~linearly (2N pass ≈ 2× the N pass) (#38) (398.353959ms)
✔ lens-core: the linear-scaling estimator still fails a quadratic pass (#38 able-to-fail) (158.684667ms)
✔ lens-core: memo carry === cold rebuild for every id across randomized edge+node mutations (#38) (61.385ms)
✔ lens-core: memo carry reuses untouched ids and drops affected ones (#38 counting) (0.165708ms)
✔ extension: selector covers all 13 native languages and wires the watcher + refresh (0.527875ms)
✔ extension: activation is graph-gated (workspaceContains) with onCommand fallbacks, no onStartupFinished (#38) (0.277583ms)
✔ release.yml: publish needs the test job — no publish path skips the suite (0.764291ms)
✔ release.yml: dispatched refs must be ancestors of origin/main, checked before tag creation (0.243084ms)
✔ release.yml: vsce is exact-pinned, never @latest, and no Marketplace publish exists (1.451667ms)
✔ ci.yml: the test job runs an os x node matrix (0.149875ms)
✔ every actions/setup-node block across all three workflows enables the npm cache (0.508833ms)
✔ ci.yml: post-install AST probe + skip ceiling — an install hiccup cannot green-skip the AST tier (0.175792ms)
✔ ci.yml: a no-optional-deps job exercises the regex fallback for real (0.124583ms)
✔ codeweb-gate.yml: the structural self-gate installs deps (AST-aware, not regex-blind) (0.090916ms)
✔ ci.yml: committed docs/ is gated fresh after the site build (0.246459ms)
ℹ tests 1142
ℹ suites 0
ℹ pass 1135
ℹ fail 0
ℹ cancelled 0
ℹ skipped 7
ℹ todo 0
ℹ duration_ms 28180.568417
== 4/5 consistency ==
check-consistency: OK — v0.14.0, 28 tools, all surfaces aligned.
== 5/5 evals ==
ok    cli-help
ok    example-upper
ok    mcp-initialize
ok    mcp-tools-list
ok    query-help
evals: all 5 case(s) passed
ALL CHECKS PASSED
