== 1/5 spec lint ==
OK  SPEC.md: 18 live AC(s), 18 built and test-pinned
== 2/5 harness tests ==
----------------------------------------------------------------------
Ran 30 tests in 4.459s

OK
== 3/5 product tests ==

> @ghostlygawd/codeweb@0.14.0 test
> node --test "tests/**/*.test.mjs"

✔ cleanup marker (0.813459ms)
✔ accessors (regex tier): getter keeps the bare id, setter gets @5 (138.0845ms)
✔ decl lines (regex tier): no class -> own-member phantom callers; setter call attributes to @5 (0.221292ms)
✔ module-level overload stubs (regex tier): stubs get @line ids; no <module> or self fabrication (0.322666ms)
✔ accessors (ast tier): getter keeps the bare id, setter gets @5 (191.914667ms)
✔ decl lines (ast tier): no class -> own-member phantom callers; setter call attributes to @5 (0.969833ms)
✔ module-level overload stubs (ast tier): stubs get @line ids; no <module> or self fabrication (0.184875ms)
✔ A/B: both tiers emit the identical id set for the accessor fixture (0.458042ms)
✔ regex method matcher probes: describe() never matches; it(...) noise is pre-existing; if dies in KEYWORDS (1.19625ms)
✔ teardown (0.481334ms)
✔ acquisition ledger parser keeps valid npm snapshots, de-duplicates dates, and skips torn rows (10.993458ms)
✔ npm range parser keeps valid daily values, de-duplicates dates, and skips invalid rows (0.196042ms)
✔ acquisition SVG is a mobile-readable line chart with honest source and cutoff metadata (9.122292ms)
✔ README puts the generated npm trend in the opening proof section (0.292791ms)
✔ proof-strip claims carry existing evidence paths and obey the brand shape rule (1.421875ms)
✔ every value-setting codeweb-ref: example pins the shipped release tag (39.21575ms)
✔ the codeweb-ref input declaration lives only in action.yml, and still defaults to main (10.869375ms)
✔ every codeweb-gate@ usage example pins a release tag, never @main (10.198458ms)
✔ the pinned tag is a released version, not an unreleased bump (0.519917ms)
✔ the doc pins are version-synced, so a release cannot leave them behind (0.243667ms)
✔ the ledger records gateReposExternal and surfaces WHY when it cannot (0.23725ms)
✔ the ledger accepts an operator-supplied search credential, gated like every other secret (0.088709ms)
✔ the newest ledger row carries the gateReposExternal field (0.3655ms)
✔ ac_12: every agent-path engine value (hybrid|tools|read) labels the brief payload (1.930083ms)
✔ ac_12: deterministic-pipeline engines (ctags|regex) carry no agent label (0.183875ms)
✔ ac_12: the rendered brief (session-start injection) says the provenance out loud (0.183042ms)
✔ ac_12: the fallback schema documents meta.engine as the provenance label (0.151209ms)
✔ FPR-STABLE: fingerprint ignores order / title / severity / evidence — only kind + symbol set (6.693833ms)
✔ FPR-STABLE (prop): fingerprint is deterministic and order-independent over random findings (8.746ms)
✔ FPR-DISTINGUISHES: different kind or different node-set -> different fingerprint (0.105208ms)
✔ ANN-SUPPRESS-EXACT: applySuppressions removes exactly the matching findings; counts partition (0.168167ms)
✔ ANN-IDENTITY-CHANGE-RESURFACES: changing an implicated symbol id un-suppresses the finding (0.070917ms)
✔ ANN-KIND-JOINT: suppression keys on kind AND nodes — a different-kind finding over the same nodes stays visible (0.359709ms)
✔ ANN-EMPTY/ABSENT: no annotations file -> everything visible, none suppressed (0.407667ms)
✔ ANN-PERSIST-IDEMPOTENT: addSuppression writes .codeweb/annotations.json; twice -> one entry (2.434666ms)
✔ ANN-E2E-ROUNDTRIP: annotate writes where deadcode reads by default (720.464541ms)
✔ AE-IMMUTABLE: applyEdit never mutates its argument (6.647916ms)
✔ AE-DELETE: removes exactly the named nodes and every edge touching them (0.4295ms)
✔ AE-MERGE: drops non-canonical copies, redirects in AND out edges, drops self-loops, de-dups (0.095125ms)
✔ AE-MERGE: a pre-existing self-call on a copy stays a self-loop and is dropped (0.068875ms)
✔ AE-MOVE: changes only the target node file; nothing else (0.079416ms)
✔ SE-FAITHFUL (core): applyEdit agrees with independent naiveApply under structuralRegressions (20.4935ms)
✔ SE-DELETE-NO-NEW-COUPLING: every after-cycle is contained in some before-cycle (4.367208ms)
✔ atomicWrite: target parses, no temp sibling remains (11.14275ms)
✔ finding #42: stats + annotations writers are crash-safe (parse, no temp sibling, formatting kept) (4.6085ms)
✔ a corrupt graph.json is recomputed on re-map, not "stages reused"; intact workspaces still reuse (1135.145791ms)
✔ staleness: an edited source file annotates query results until refresh (303.719417ms)
✔ pre-edit hook: one-line advisory for a mapped, depended-on file; silent otherwise (115.133416ms)
✔ ambient loop: the pre-edit hook injects the explain card, not just a pointer (133.656ms)
✔ ambient loop: MCP auto-refresh heals a stale graph in the BACKGROUND (finding 19) (465.306958ms)
✔ pre-edit hook envelope: additionalContext only — never a permissionDecision (171.0005ms)
✔ B1+B4: sections present, session valid, corpus skip explicit (4280.177333ms)
✔ B2: a lowered budget fails the gate by name; real budgets pass (7622.013542ms)
✔ B2b: a toy fixture is unmeasurable however slow the machine is (the stage budgets stay off) (3910.095292ms)
✔ B5: --check enforces the budgets without rewriting the receipt (9188.833792ms)
✔ B3: claims audit fails on a missing source and passes on the real tree (1.373834ms)
✔ bench: cost-only mode without a compiler oracle (graceful degradation) (346.242375ms)
﹣ bench: compiler-graded mode on a TS fixture (0.104292ms) # typescript not resolvable (set TS_MODULE to enable)
✔ bench: text summary is the default surface (293.059083ms)
✔ the boundary page ships as a source page AND as committed built output (0.609458ms)
✔ the boundary page states the free half in the ratified words (0.32825ms)
✔ the boundary page states the paid half — what money buys, and what it never breaks (0.23275ms)
✔ the pricing page ships as a source page AND as committed built output (0.066792ms)
✔ the pricing page carries the price, the seat definition, and the flat-unlimited framing (0.178458ms)
✔ the price is published as ratified INTENT, not as a live offer (0.121708ms)
✔ the pricing page carries a Teams sign-up rail pointing at the real App install flow (0.227583ms)
✔ the pricing page still separates the live install from the not-yet-live price (0.672875ms)
✔ the rival contrast names no competitor — category framing only (0.331375ms)
✔ the category price anchor cites the in-repo scan that recorded it (0.827208ms)
✔ no unreceipted number appears in the authored boundary/pricing copy (0.458875ms)
✔ both pages are registered in the PAGES table as listed pages (1.148708ms)
✔ both pages are in the committed sitemap (0.227375ms)
✔ the homepage nav reaches both pages, and the links resolve in docs/ (0.190708ms)
✔ the consistency sweeps cover both new pages (0.116625ms)
✔ C8: SPEC.md no longer gates the Teams tier behind the distribution trigger (0.640875ms)
✔ C8: docs/ROADMAP.md no longer parks the Teams build or the boundary statement (0.163708ms)
✔ C8: the charter records the contradiction as resolved, not still-open drift (0.138ms)
✔ B1: report template and site tokens carry the same core palette values (1.261083ms)
✔ B2: report template stays square, mono, and dark-by-default (0.284792ms)
✔ B3: docs/demo/index.html embeds the current report template (style + script parity) (0.282042ms)
✔ B4: no retired palette hex or rgba survives on an authored brand surface (9.033333ms)
✔ B5: brand SVGs are square-language (no circles, ellipses, or rounded rects); injected nav has no pills (0.918042ms)
✔ B6: assets/screens were re-verified after the last report-template change (stamp matches) (0.741292ms)
✔ B7: every "N symbols … M domains" and "N callers" caption matches docs/demo/axios.graph.json (2.0745ms)
✔ B8: no dead image references in README or site content (1.01675ms)
✔ B9: terminal replay is evidence-backed, sanitized, and placed in the quickstart (0.983333ms)
✔ CB-CHEAP/NO-FABRICATE/VERIFIED over random 2-cycles (40 cases) (2349.309958ms)
✔ CB-ADVERSARIAL: the cheaper of two working cuts is chosen (49.1645ms)
✔ CB-3RING: cheapest verified cut on random 3-file rings (20 cases) (1241.105625ms)
✔ CB-COVERS: an acyclic graph yields zero cycle proposals (57.175167ms)
✔ CB-DETERMINISTIC: identical input -> identical stdout (121.345541ms)
✔ CB-PSEUDO-EQ: cheapestCuts ≡ whole-graph oracle over 150 seeded all-kind cyclic graphs (incl. ref-closed + duplicates) (9.784ms)
✔ CB-REF-ALIVE: given a call+ref pair, when its structural cut is tried, then the cycle survives and the next candidate is chosen (0.168792ms)
✔ brief: one page with counts, load-bearing symbols, tests, and findings (314.174042ms)
✔ session-brief hook: injects the briefing in a mapped repo, silent otherwise (152.723083ms)
✔ brief over MCP: 24th tool, served in-process, staleness-annotated shape (187.684167ms)
✔ BR-SIDECAR: hook output identical with, without, and with a stale brief.json (465.8155ms)
✔ unmapped repo with source gets ONE nudge; stamped and source-less dirs stay silent (174.90025ms)
✔ build-report does not embed the absolute local path (meta.root) in report.html (108.056542ms)
✔ two identical runs produce byte-identical report.html and (with SOURCE_DATE_EPOCH) graph.json (240.286375ms)
✔ report.html embed strips unread node/edge fields; graph.json keeps them (#36) (68.149583ms)
✔ report carries og metadata, the pipeline-findings renderer, and the shareable-hash machinery (74.586791ms)
✔ report ships light+print themes, focus-visible parity, ARIA tab wiring, and no blocking prompt (0.624041ms)
✔ CF-SHAPE: v16 entries hold interned edges and NO syms; warm no-change replays byte-identically (263.2925ms)
✔ CF-HASH-HIT: touched-but-unchanged file replays the full product set without a re-scan (418.616959ms)
✔ CF-MIGRATE: a stale-version cache (planted poison) is discarded — cold rebuild, byte-equal to no-cache, cache rewritten at the live version (335.6235ms)
✔ CF-NEST-FLIP: nesting a fallback target invalidates its consumers, warm stays byte-equal to cold (318.608416ms)
✔ CF-SKIP-WRITE: an unchanged fragment is not rewritten (mtime stable), a changed one is (306.759791ms)
/Library/Developer/CommandLineTools/usr/bin/ctags: illegal option -- -
usage: ctags [-BFTaduwvx] [-f tagsfile] file ...
✔ map + post-edit hook + refresh share ONE cache file, and warm runs ride it (772.939667ms)
✔ X.member.call(...) resolves to the underlying function (39.016792ms)
✔ X.member.apply(...) resolves to the underlying function (28.099125ms)
✔ PRECISION: a param obj.member.call() fabricates no edge (26.358584ms)
✔ CMP-GREEN-CHAIN: applying the plan in order introduces no file cycle absent at the start (36.650292ms)
✔ CMP-INCLUDES-MERGES: emitted merges are real opportunities; not all merges are dropped (35.845958ms)
✔ CMP-ORDER: cuts precede deletes precede merges; within a phase ROI is non-increasing (5.427125ms)
✔ CMP-MONOTONE-DELTAS: cumulative locReclaimed AND cyclesBroken non-decreasing; totals == sum (5.934708ms)
✔ CMP-BUDGET: --budget N yields the first-N prefix of the full ordered plan, at several lengths (19.32325ms)
✔ CMP-EMPTY + CMP-DETERMINISTIC: clean graph -> empty plan; deterministic incl. shuffled input (0.502875ms)
✔ CMP-CLI: campaign.mjs --json composes all three advisors — a delete AND a merge appear (143.032875ms)
✔ CMP-CONCURRENT-STABLE: campaign --json is byte-stable + banner-clean on a cycles+dups+orphans fixture (291.163041ms)
✔ CMP-DELETE-ROI: delete steps rank and project by the deadcode `loc` field (0.782959ms)
✔ CMP-DELTA-EQUIV: simulator-chained plan == historical clone-chain plan (120 cases) (9.550083ms)
✔ B1: edits touching card-named caller files count once each; the card set is consumed (612.340417ms)
✔ B2: the card's own subject file never counts as following the advice (323.307292ms)
✔ B3: a new card replaces the pending set; B4: opt-out records nothing (384.087ms)
✔ A1: non-goal 5 is struck — the distribution trigger no longer gates the Teams build (0.728958ms)
✔ A1 does not loosen non-goal 4 — the local product still takes no accounts or telemetry (0.11275ms)
✔ A2: non-goal 8 is amended, not struck, and names the second trusted source (0.137333ms)
✔ A3: the boundary section states the rule, where billing lives, and the price intent (0.176791ms)
✔ A4: non-goal 6 stands live and its reaffirmation is on the record (0.103875ms)
✔ every 2026-08-17/18 amendment is indexed, dated, and attributed (0.240084ms)
✔ the open-questions discipline survives the amendment (0.112542ms)
✔ the ratified job line is untouched by the amendment (0.068791ms)
✔ CH1: counts commits per file, window-bounded, cached by HEAD (563.844167ms)
✔ CH2: not a git repo -> {} (advisors degrade to churn-less ranking) (70.743292ms)
✔ ci-gate fails (exit 1) when the working tree introduces a new duplication (1474.912458ms)
✔ ci-gate passes (exit 0) when the working tree matches base (1619.733084ms)
✔ ac_13: ci-gate --md carries real duplication evidence and commit-pinned subdirectory links without changing the verdict (1880.05475ms)
✔ ac_13: dirty source locations stay plain text for untracked, modified and staged files (5008.907667ms)
✔ ci-gate without --base exits 2 (usage) (41.501042ms)
✔ ci-gate exits 2 (not a crash) when the base ref cannot be resolved (971.377375ms)
✔ the composite action ships the sticky-comment reviewer, opt-in and fork-safe (0.432541ms)
✔ a static-method call on an imported class refs the CLASS (and still calls the method) (60.856959ms)
✔ instanceof on an imported class refs the CLASS (18.840583ms)
✔ construction still produces a call edge to the class (21.232708ms)
✔ PRECISION: an object-default member access creates NO class ref (14.412667ms)
✔ DEPENDENTS: --dependents of the class unions the ref users, with a ref byKind breakdown (74.227584ms)
✔ F1 run.mjs --help prints usage and exits 0 (it used to error "target not found: --help") (54.390667ms)
✔ F2 run.mjs rejects an unknown flag with usage, exit 2 (54.354083ms)
✔ F3 run.mjs with no target maps the cwd — a sourceless cwd is refused by the guard, not usage (164.467917ms)
✔ F4 every USAGE-bearing CLI answers --help with exit 0 (1258.064208ms)
✔ F5 graph auto-discovery: bare query works from inside a mapped repo, and says which graph it used (106.257625ms)
✔ F6 bare stats works from a mapped repo (the README-advertised invocation) (62.994375ms)
✔ F7 outside any mapped repo, bare query still dies with usage (exit 2) (57.475875ms)
✔ F8 build-report IO failures use exit 2 per the convention (79.616167ms)
✔ F9 run.mjs success points the user at the report (469.029458ms)
✔ F10 context-pack works with a bare symbol from a mapped repo (72.148917ms)
✔ API F7: refresh, fitness, placement, codemod discover the graph via the walk-up (430.55925ms)
✔ API F7: unmapped, the four die with the shared usage naming CODEWEB_WS (exit 2) (261.224916ms)
✔ explain.mjs rejects an unknown flag with usage, exit 2 (was: --jsno silently ignored -> exit 0) (52.354958ms)
✔ diff.mjs rejects an unknown flag with usage, exit 2 (was: bogus flag silently ignored -> exit 0) (55.913542ms)
✔ brief/stats/coverage reject an unknown flag with usage, exit 2 (one policy) (173.126375ms)
✔ bench-ts-engine.mjs rejects an unknown flag with usage, exit 2 (was: swallowed into the target positional -> exit 1 "target not found") (62.30825ms)
✔ explain.mjs: --json still parses, positionals resolve (graph + symbol -> found) (66.017333ms)
✔ diff.mjs: --json still parses, positionals resolve (before + after -> no regressions) (60.122ms)
✔ --help still prints usage and exits 0 on every converted front door (288.984167ms)
✔ coach: did-you-mean on a near-miss flag, silence on a far one (104.90475ms)
✔ coach: --flag=value parses for value flags and bool switches take =false (116.385042ms)
✔ coach: unmapped directory gets cause + remedy, usage appended (ERRORS R1) (49.826084ms)
✔ default de-hub (indeg>=12) keeps hooks callers in their home directory (56.414541ms)
✔ disabling de-hub lets the hub bridge hooks callers into lib (the bug de-hub prevents) (58.52075ms)
✔ domains are named after directories, not utility symbols (52.846208ms)
✔ meta is carried forward from fragment into graph (54.870542ms)
✔ CM-GATE-AGREE: plan.projectedGate == structuralRegressions(applyEdit(merge)); deletions/rewrites exact (30 cases) (1835.953208ms)
✔ CM-PLAN-PURE: a plan-only run leaves graph.json byte-identical (67.534708ms)
✔ CM-WRITE-REVERSIBLE: a predicted-regression --write leaves source byte-identical and exits 1 (64.465875ms)
✔ CM-INTO-RESOLVES: unresolvable/ambiguous --into exits 2 and touches nothing, even with --write (53.306167ms)
✔ CM-WRITE-STRING-GUARD: a loser label inside a string refuses --write and reverts byte-identically (53.923959ms)
✔ CM-WRITE-COMMENT-OK: a comment mention is skipped (and counted), live code is rewritten (189.705041ms)
✔ CM-IMPORT-REPOINT: a consumer importing the loser ends up importing the canonical from its real file (229.07975ms)
✔ CM-IMPORT-REPOINT-MTS: an .mts consumer importing the loser is repointed too (181.905541ms)
✔ CM-WRITE-SUCCESS: a safe same-file merge applies and the loser definition is gone (224.618209ms)
✔ CM-COPY: plan text owns its check, hedges the rewires, and is honest about undo (66.672917ms)
✔ CX-MIN-ONE: a straight-line body has cyclomatic 1; an empty body has 1 (0.6495ms)
✔ CX-COUNT-JS: cyclomatic === 1 + (if|for|while + && + || + ternary) decision tokens (0.073416ms)
✔ CX-COUNT-PY: python elif / except / and / or count as decisions (lang=py) (0.156667ms)
✔ CX-COUNT: monotone — appending a snippet with d decisions raises cyclomatic by exactly d (2.617291ms)
✔ CX-RENAME-INVARIANT: renaming identifiers (not keywords) never changes cyclomatic (2.463208ms)
✔ CX-IGNORES-STRINGS-COMMENTS: decision keywords inside strings/comments are not counted (0.108208ms)
✔ CX-DETERMINISTIC: same source -> same cyclomatic (0.995375ms)
✔ CXD-FLAT: nestingDepth — flat body <= 1, one block = 1, nested blocks count (1.324375ms)
✔ CXD-NONNEG + brace/string safety: never negative; braces in strings/comments ignored (0.978875ms)
✔ CXD-PY: python nesting depth follows indentation (0.199958ms)
✔ extractor stamps pub through named and star re-export chains, and meta.dynamic (102.081708ms)
✔ explain: public API and dynamic-dispatch caveats calibrate the card (207.228583ms)
✔ callers/dependents: a zero answer carries its asterisk instead of false confidence (253.002209ms)
✔ ac_14: context reports capped, unmatched, and unavailable source evidence independently of neighbor lists (3.291166ms)
✔ ac_14: list budgets report blast omissions; complete lists never promise complete analysis (0.30225ms)
✔ ac_14: freshness distinguishes unchanged stamps, stale data, and missing stamps (0.929166ms)
✔ ac_14: CLI and MCP emit identical context analysis and evidence (124.131375ms)
✔ CP-COMPLETE & CP-SOUND: callers/callees equal the independent raw-edge neighbor sets (768.2805ms)
✔ CP-BLAST-SUPERSET: blastRadius ⊇ callers and excludes the target (918.786958ms)
✔ CP-BOUNDED: callees and blastRadius carry NO body text (only target+callers do) (64.039125ms)
✔ CP-M3: a label resolving to multiple nodes returns the UNION across all matched ids (57.551875ms)
✔ CP-DETERMINISTIC: same graph+symbol -> identical stdout (118.488292ms)
✔ SC1: unknown symbol -> exit 1 (54.23325ms)
✔ SC1: resolves a bare label to its node (64.470041ms)
✔ CP-BODY-FIDELITY: target & caller bodies are byte-for-byte the real source lines (138.03ms)
✔ CP-SC4: source absent -> bodies null and sourceAvailable false (never a guess) (66.866083ms)
✔ current Markdown prose stays under 55 words per paragraph (4.920709ms)
✔ current authored HTML prose stays under 55 words per paragraph (2.661375ms)
✔ listing descriptions (package/plugin/marketplace) stay under 55 words (0.648583ms)
✔ C1 lcov parses and annotates: executed -> covered+hits, instrumented-but-idle -> covered:false, unseen file untouched (0.972583ms)
✔ C2 istanbul/c8 JSON parses to the same shape (0.161125ms)
✔ C3 the CLI annotates a graph on disk and explain/tests/context surface the facts (204.712709ms)
✔ C4 refresh drops stale coverage annotations and says how to restore them (316.094875ms)
✔ C5 dogfood: Node's own lcov reporter output annotates a real codeweb graph (369.990792ms)
✔ C1: the trust/offer line answers cost + safety at every ask (1.113125ms)
✔ C3: peak conviction has an ask — demo CTA and report footer (0.373958ms)
✔ C4: the install chooser is labeled by situation, and the npx form is the cheap one (0.15175ms)
✔ C5: the one hard requirement (Node >= 22) is stated at the README install decision (0.150125ms)
✔ C7: MCP is expanded at first use (1.536791ms)
✔ C8: start.html shows the payoff — the map, the ~3 s, and what success looks like (0.6845ms)
✔ C9: the closing sells the human, in plain words, without a 0-star star-beg (0.123167ms)
✔ C6: the tool wall opens with a job-framed index (0.168375ms)
✔ cold run: ONE batched ctags process (-L -) serves every file (422.262958ms)
✔ untouched warm run: zero ctags processes (stamp tier) (137.665625ms)
✔ warm run with one changed file: one PER-FILE spawn, not a whole-repo batch (275.7445ms)
✔ DC-MEMBERSHIP: safe == inline-recomputed (orphans − test-targeted − entrypoints) over random graphs (2426.583958ms)
✔ DC-FIXTURE: test-targeted/entrypoint/test-file-defined -> review, plain orphan -> safe (56.649167ms)
✔ DC-COPY: text heading hedges up front and shows the suppress door (71.817083ms)
✔ DC-DETERMINISTIC: identical input -> identical stdout (124.053958ms)
✔ DC-SCOPE: non-product orphans are excluded by default with counts; --all restores them (98.356083ms)
✔ DC-MANIFEST: a file named by package.json main/bin is review-tier, never safe (60.419709ms)
✔ DC-CLOSURE: a function inside a reachable parent span is review-tier (closure-reachable) (54.428833ms)
✔ D1: fewer than two graph args prints usage to stderr and exits 2 (60.771416ms)
✔ D1b: a missing graph file exits 2 with a clear message (no raw stack) (54.833375ms)
✔ D5: identical snapshots -> empty deltas, ok:true, exit 0 (48.914666ms)
✔ D3: adds a cycle + duplicate + a brand-new orphan node -> cycle & dup are regressions; new node is NOT (52.156833ms)
✔ D3b: an EXISTING node that loses its only caller is a regression (ok:false, exit 1) (58.728625ms)
✔ D4: the reverse diff (pure removals) is NOT a regression -> ok:true, exit 0 (53.8835ms)
✔ D-overlap-identity: the same finding with a different id/title is NOT added or removed (56.400625ms)
✔ D-sparse: graphs missing top-level arrays normalize instead of crashing (46.539291ms)
✔ D6: --json output is byte-stable and the CLI actually ran (not a vacuous pass) (181.044125ms)
✔ D-RENAME-PIN-inplace: same file, new name, same body -> renamed (not delete+add) (56.142458ms)
✔ D-RENAME-PIN-move: same label, moved file, same body -> renamed via the sameLabel path (69.942875ms)
✔ D-RENAME-PIN-submatch: a genuinely different body (sim < 0.85) is NOT a rename (83.2855ms)
✔ D-RENAME-PIN-spanshape: unreadable bodies fall back to same-file span-shape (sim null) (84.871792ms)
✔ D-RENAME-LONGBODY: an obvious >400-line rename still detects under the body cap (65.329834ms)
✔ D-RENAME-CAP: >200 on a side skips detection with an additive renameCheck marker (empty side gets none) (129.005834ms)
✔ D-RENAME-CAP-text: the cap-trip prints one text-mode line naming the skip (59.365792ms)
✔ ac_16: diagnostics from the installed front door are read-only and name exact missing-map repair arguments (85.217417ms)
✔ ac_16: diagnostics distinguish stale, unstamped, invalid, and unavailable-source graphs without changing them (164.054667ms)
✔ ac_16: directory discovery and explicit workspace override are visible (229.222834ms)
✔ IOV-DETECTS: a changed symbol that copies an existing body is reported (sim >= high) (1.262333ms)
✔ IOV-BOUNDARY: detection happens iff body-Jaccard >= high, across the whole 0..1 range (21.420291ms)
✔ IOV-REFLEXIVE-EXCLUDED: over random multi-symbol graphs, a symbol never dups itself (5.290917ms)
✔ IOV-THRESHOLD: a distinct body (sum) is not flagged as a duplicate of anything (0.865333ms)
✔ IOV-DETERMINISTIC: same input -> same output (sorted) (0.763292ms)
✔ IOV-MATCHES-FINDSIMILAR: top dupOf equals find-similar.mjs top match (one truth, {root} mode) (83.644084ms)
✔ DUP-GATE-DETECTS: review --before --gate on the file that added a clone -> newDuplications + exit 1 (70.058542ms)
✔ DUP-GATE-CLEAN: changing a non-duplicating file reports no newDuplications and passes the gate (73.299458ms)
✔ DUP-GATE-THRESHOLD: a ~50%-similar edit is below the high bar -> not flagged, gate stays green (75.753333ms)
✔ IOV-PIN-26: >400-line pool body (capped), unreadable body, and no-match are pinned (7.082833ms)
✔ DC-SIDECAR-EQ: sidecar-fresh ≡ live byte-identical (CRLF + >400-line pool bodies); stale/v1 rejected; missing id still found; changed ids shingle live (20.81175ms)
✔ DC-PREFILTER-EXACT: prefiltered results == filterless oracle on random pools (40 cases) (10.222292ms)
✔ ED-IDFILE: idFile splits a node id on its last colon (paths use / , label after last :) (2.345916ms)
✔ ED-PRECEDENCE: alias > same-file > unique-in-package (2.605ms)
✔ ED-AMBIGUOUS: two in-package defs of the same name drop (ambiguous counted) (0.127333ms)
✔ ED-KEYWORDS: a language keyword call-shape produces no edge (0.115458ms)
✔ ED-TESTKIND: a test-file caller of a prod symbol reclassifies to a test edge (0.080834ms)
✔ ED-RBPHP-FILTER: a Ruby/PHP bare name never reaches another file owner-qualified method (0.077958ms)
✔ ED-LEGACY-FALLBACK: both states — off drops ambiguous, on wires defs[0] (0.10675ms)
✔ ED-NSALIAS: ns-alias member + .call/.apply chain resolves via resolveFileMember (0.208416ms)
✔ ED-SELF-SUPPRESS: self-call and same-decl-line call produce no edge (0.100333ms)
✔ ED-CLOSURE-LOCAL: a bare name never resolves to a closure-local target in another file (0.102333ms)
✔ ED-RETURN-SHAPE: return carries edges/hasModule/ambiguous/short/cand (0.085958ms)
✔ PUB-WALK: entry-reachable exports (direct + through a re-export chain) are stamped (0.288291ms)
✔ PUB-WALK: no manifest / no entry -> empty stamp set (no fs in the lib) (0.06525ms)
✔ TYPED-INTENTS: a receiver class resolving to exactly one file wires; ambiguous/absent drop (0.157708ms)
✔ TYPED-INTENTS: ambiguous class (two defining files) drops (0.070709ms)
✔ TYPED-INTENTS: a test-file caller reclassifies to a test edge (0.057625ms)
✔ ac_15: baseline captures refreshed source and survives refresh/snapshot; verification sees later edits (785.434ms)
✔ ac_15: invalid baselines fail before mutation; failed extraction preserves a previous baseline (293.623209ms)
✔ ac_15: queued MCP begin/verify is ordered; background refresh preserves baseline and verification finds a regression (1250.123166ms)
✔ ac_15: a dropped overlap set is not a clean duplication check or a claimed fix (0.74975ms)
✔ ac_15: review identifies unevaluated structure and unavailable duplication evidence (59.34375ms)
✔ frozen truth (args.truth) SKIPS the oracle and runs reps with a paired-delta mean +/- SD headline (3.913333ms)
✔ args delivered as a JSON STRING is parsed (regression: must not silently fall back to the oracle) (0.541375ms)
✔ M1: args.root repoints every prompt path — the harness is portable (Spec M) (0.736458ms)
✔ M1b: defaults unchanged without args.root (backward compatible) (2.08825ms)
✔ M2: args.budgeted flips the treatment arm to MCP-parity budgeted consumption (Spec M) (3.845708ms)
✔ M3: the graph pre-flight proves truth ids resolve — exit 2 when one does not (Spec M) (749.100084ms)
✔ without args.truth the per-run oracle IS spawned (backward compatible) (0.524625ms)
✔ parseLabel maps control/treat labels to arm + task + rep (and rejects others) (1.187166ms)
✔ stat returns mean / sample-SD (n-1) / n, matching the harness aggregation (0.199ms)
✔ aggregateUsage computes the paired-delta headline (mean +/- SD over reps) per metric (1.337042ms)
✔ CLI joins a Workflow journal to transcripts and writes a paired-delta usage.json (63.980042ms)
✔ E1 given an empty directory, extract exits 1 and says no supported source was found (103.966916ms)
✔ E2 given only unsupported files, extract exits 1 with the same guidance (107.267709ms)
✔ E3 given --allow-empty, an empty target extracts an empty fragment and exits 0 (114.356958ms)
✔ E4 given supported files that define no symbols, extract exits 1 and says so (162.600917ms)
✔ E5 given an empty target, run.mjs aborts at extract with the message visible (169.524208ms)
✔ E6 given --allow-empty, run.mjs completes the pipeline on an empty target (455.605333ms)
✔ E7 given a nonexistent target, run.mjs exits 2 and leaves NO .codeweb behind (58.797709ms)
✔ ENC-PROP: innermost index equals the linear enclosing() scan on every line (5.64825ms)
✔ ENC-PROP: owner stack equals the :422 class-owner scan over a line-sorted build loop (2.514ms)
✔ ENC-GOLD: regex-tier owner-qualified ids unchanged on nested/adjacent/same-line class shapes (78.120708ms)
✔ ENC-GOLD-AST: default-engine ids add the tree-sitter method nodes (single-line bodies) (106.068625ms)
✔ ENC-BIG: single big-file extract is deterministic byte-for-byte (846.672125ms)
✔ CA1 (c): a bound function-pointer table wires the call to its implementation (216.857334ms)
✔ CA2 (c): an UNBOUND receiver wires nothing — a pointer parameter is not evidence (140.528292ms)
✔ CA3 (c): a field bound TWO ways in one file is ambiguous — neither wires (142.326291ms)
✔ CA4 (c): the tier adds EDGES only — node sets are identical across engines (200.495917ms)
✔ CA5 (c): the C fixture holds under CODEWEB_ENGINE=tree-sitter (121.098542ms)
✔ CA6 (c++): the C++ fixture holds under CODEWEB_ENGINE=tree-sitter (183.113709ms)
✔ CA5 (c): the C fixture holds under CODEWEB_ENGINE=regex (88.869417ms)
✔ CA6 (c++): the C++ fixture holds under CODEWEB_ENGINE=regex (97.532041ms)
✔ CA7: the tree-sitter run never claims a tier it did not use (114.063666ms)
✔ X1 (c++): unique typed-receiver dispatch resolves cross-file with the AST tier only (266.247208ms)
✔ X1b (c++): a NAMESPACE-QUALIFIED parameter type dispatches on its tail (173.203042ms)
✔ X1c (c++): a class SPLIT across header and .cpp is one class, not an ambiguity (170.373333ms)
✔ X2 (c++): an ambiguous receiver class wires NOTHING (162.068875ms)
✔ X3 (c++): this-calls resolve in-file; the node set is identical across engines (258.60125ms)
✔ T1 (java): unique typed-receiver dispatch resolves cross-file with the AST tier only (203.459875ms)
✔ T2 (java): an ambiguous receiver class wires NOTHING (127.834667ms)
✔ T3 (java): this-calls resolve in-file; the node set is identical across engines (196.483541ms)
✔ T1-cs (c#): typed-receiver dispatch, Allman style (218.152917ms)
✔ C1: functions are extracted from .c and .h with C linkage as the export rule (75.940792ms)
✔ C2: a cross-file call through a header resolves to the definition (20.083292ms)
✔ C3: #include "…" becomes an import edge to the header module (25.667166ms)
✔ C3b: system includes and unresolvable headers are dropped, never guessed (27.638208ms)
✔ C4: a struct of function POINTERS mints no symbols and guesses no call (17.273542ms)
✔ C5: control flow, macros and casts never become phantom symbols (17.86225ms)
✔ C6: a .h holding a real definition is scanned like any other translation unit (38.635208ms)
✔ C7: SRC_RE and langOf agree on the C extension family (and C++ is untouched) (0.2655ms)
✔ C8: a mixed C and C++ tree reports both languages, each with its own rules (27.000875ms)
✔ EX-CX-PRESENT: every function/method node carries integer complexity (>=1) and maxDepth (>=0) (160.14125ms)
✔ EX-CX-VALUES: a straight-line fn is complexity 1; a branchy fn is clearly higher (141.66525ms)
✔ EX-CX-MATCHES-LIB: graph complexity == lib/complexity.cyclomatic of the real body lines (135.230333ms)
✔ EX-CX-ONLY-CALLABLE: class and module nodes carry no complexity field (139.065708ms)
✔ CPP1: classes, in-class methods, out-of-line methods, and namespace-scope functions (67.066542ms)
✔ CPP2: prototypes are not symbols — a declaration and its definition never collide (27.280459ms)
✔ CPP3: cross-file call edges resolve to the definition (22.023ms)
✔ CPP4: #include "…" becomes an import edge to the header module (23.635375ms)
✔ CPP4b: the include/ + src/ split resolves — the dominant real-world C++ layout (19.153667ms)
✔ CPP4c: an AMBIGUOUS basename is dropped — a guess is worse than an absent edge (27.392208ms)
✔ CPP5: angle-bracket and unresolvable includes are dropped, never guessed (19.812375ms)
✔ CPP6: control flow, lambdas and statements never become phantom symbols (20.060625ms)
✔ CPP7: meta.languages reports cpp for every C++ extension (22.835125ms)
✔ CPP8: SRC_RE and langOf agree on the C++ extension family (1.43375ms)
✔ forced --engine regex: no complexityEngine field (output shape unchanged) (0.436375ms)
✔ default (no flag) = tree-sitter when installed, regex fallback otherwise (0.102708ms)
✔ tree-sitter run: exact complexity + meta records the pinned engine (0.053708ms)
✔ the opt-in demonstrably changes behavior: regex diverges from exact on the marked symbols (0.05925ms)
﹣ graceful fallback: with the engine unavailable, --engine tree-sitter == regex output (0.0415ms) # engine available — fallback path not exercised here
✔ unknown --engine exits 2 with the valid set; --engine regex still works (145.673875ms)
✔ tree-sitter: method node ids are class-qualified; class/function ids stay bare (0.230042ms)
✔ tree-sitter: dynamic-dispatch call edges (this.* + typed receiver) are wired (0.756625ms)
✔ default (regex) run: method ids match the tree-sitter qualification scheme; still NO dispatch edges (0.1155ms)
✔ Go: func/method/struct/interface become nodes with the right kind and Go visibility (43.766833ms)
✔ Go: in-body calls wire by name (with ambiguity drop) (25.943833ms)
✔ Go: meta.languages reports go (24.875916ms)
✔ Java: types/methods/constructors with visibility, owner-qualified ids, no control-flow phantoms (106.555ms)
✔ Java: FooTest.java and src/test/ classify as test role (120.99275ms)
✔ C#: Allman-brace + expression-bodied members, owner-qualified, base-list inherit, no phantoms (135.307042ms)
✔ C#: .csproj marks a package boundary (no cross-project bare-name edges) (113.005042ms)
✔ (a) decl-line magnet: `function metrics(g) {` fabricates no ref to a test-file g (103.903ms)
✔ (a-inv) test -> product survives, relabeled kind `test` (the gate is one-directional) (113.741208ms)
✔ (b) body param shadow: `walk(rel)` using `rel` never falls back to a global rel() (105.753708ms)
✔ (c) short-name guard: a free-floating 1-char bare ref is dropped and counted (116.792709ms)
✔ (e) python: __init__ param shadows a module symbol inside __init__ only (96.434791ms)
✔ (f) closure-local magnet: loop-var `dep` never ref-resolves into another file's closure (134.027916ms)
✔ (d) suppression is per-binding: f(map) loses the edge, sibling h() keeps it (103.889583ms)
✔ Rust: fn/struct/impl-method become nodes with the right kind and exports (43.375417ms)
✔ Rust: in-body calls wire by name (with ambiguity drop) (25.958541ms)
✔ Rust: meta.languages reports rust (17.827334ms)
✔ discovers every symbol (9 across 8 files) (45.51725ms)
✔ FIX: ambiguous multi-def bare call is dropped, not wired to a global def (24.639542ms)
✔ LEGACY toggle restores the pre-fix byName[0] wiring (fix is load-bearing) (19.379ms)
✔ same-file definition resolves authoritatively (20.642375ms)
✔ single-def bare name still falls back to the one global def (25.484ms)
✔ imported symbol resolves to the imported target, beating both drop and byName[0] (18.10225ms)
✔ meta block is the single source of truth for the target (20.755ms)
✔ extract-symbols writes output when invoked through a symlinked script path (126.711208ms)
✔ symlinked and real invocation paths produce the same fragment (206.512875ms)
✔ body spans survive multi-line template literals with braces (no more swallowed neighbors) (41.53575ms)
✔ nodes carry a role derived from their path (21.141166ms)
✔ bare-name resolution stays inside a package boundary (no cross-package collision edges) (40.218583ms)
✔ class-field arrow methods: discovered inside a class (qualified), NOT outside one (19.129042ms)
✔ v9: `export * from` barrel chains resolve to the real symbol (no swallowed edges) (16.725791ms)
✔ FS-ORACLE: reported sims + ranking match the independent shingler over random bodies (40 cases) (2279.157792ms)
✔ FS-DOGFOOD: the shared shingler is byte-stable (keywords + strings/comments handled) (0.250875ms)
✔ FS-SELF: an exact-body candidate self-matches at sim 1.0, ranked first (46.879375ms)
✔ FS-NEGATIVE: no reported match has sim < 0.15 (1090.52525ms)
✔ FS-BOUNDED-K: --k truncates to the top-K (51.306125ms)
✔ FS-TRUE-TOTAL: count is the pre-cap match total; more.remaining marks the k-cap (113.420125ms)
✔ FS-DETERMINISTIC: identical inputs → identical stdout (94.948792ms)
✔ SC3: missing meta.root → exit 2 with an explicit reason (52.038708ms)
✔ usage: no --body/--stdin/--signature → exit 2 (43.699125ms)
✔ FS-SIDECAR: sidecar path == live path byte-for-byte; stale sidecar falls back (262.349541ms)
✔ find: ranks the product symbol first and says why (169.572458ms)
✔ find: multi-term coverage beats single-token hits; stemming bridges morphology (281.196958ms)
✔ find: budgeted output with true totals; usage errors are actionable (213.385291ms)
✔ find over MCP: 23rd+ tool, served in-process from the cached graph, budgeted (172.37825ms)
✔ FR1: marketplace.json exists and satisfies the marketplace-add contract (0.610375ms)
✔ FR2: bare run maps the current directory into ./.codeweb; usage states both defaults (448.279042ms)
✔ ac_17 FR3: the first-run banner leads with the result and a next: block — no fossil strings (417.702917ms)
✔ FR4: overlap, optimize, and build-report print one findings vocabulary (430.24075ms)
✔ FR5: an empty map is announced as EMPTY; the empty-target error routes to the agent fallback (583.381667ms)
✔ FR6: bin wrappers guard the Node version and forward faithfully (129.068458ms)
✔ FR7: the result block rides stdout (2>/dev/null-surviving); stage progress stays off it (428.26275ms)
✔ FR8: --json emits exactly one parseable line on stdout with the five keys — no text block (439.842542ms)
✔ FR9: a memo-reuse run still prints the done line on stdout, and --json says reused:true (790.414584ms)
✔ ac_17: README and agent rules preserve the baseline through repair (1.097541ms)
✔ ac_17: the published cycle commands find the caller, go red, then repair to green (1112.731166ms)
✔ FR-FORBIDDEN-SOUND: forbidden-dependency violations == inline edge filter (40 cases) (2162.269333ms)
✔ FR-LAYER: layer violations == inline upward-edge filter (1021.232125ms)
✔ FR-FANIN: max-fan-in violations == inline callIn count over the limit (50.887708ms)
✔ FR-CYCLE-AGREE: no-cycles flags a real cycle (with files) and passes a clean graph (106.921208ms)
✔ FR-EXIT: error->exit 1, warning->exit 0; unknown rule type -> exit 2 (132.891083ms)
✔ F1: MCP simulate on an unknown symbol never returns an empty success (121.144541ms)
✔ F1: simulate-edit --json emits found:false JSON on stdout for an unknown symbol (58.854875ms)
✔ F2: required-arg errors distinguish missing / wrong type / empty (55.970792ms)
✔ F3: garbage/negative limit, offset, window are errors — never a silently-disabled budget (61.46125ms)
✔ F4: a misconfigured fitness rule dies at load — the gate never passes while checking nothing (210.815667ms)
✔ F5: a roles-only codeweb.rules.json is "0 rules configured", not a rejection (53.029708ms)
✔ F6: a malformed target rules file names itself; an unknown top-level key warns (191.773417ms)
✔ F7: release.mjs — --help works, unknown flags die, --version is semver-validated (150.432166ms)
✔ F8: reading-order rejects an invalid --scope kind with the valid set (52.895083ms)
✔ F9: run.mjs --coverage validates the path before any stage runs (62.272667ms)
✔ F10: --help documents every real flag on the advisors that hid theirs (185.967709ms)
✔ F11: codeweb_review stops advertising params that do nothing (64.094958ms)
✔ F12: codemod infers the survivor when into is omitted; fitness discovers its rules file (135.413625ms)
✔ F13: near-miss suggestions catch a 1-2 edit typo (2.075791ms)
✔ F14a: codemod usage brackets --into as optional (51.796666ms)
✔ F14c: CLI negative --limit dies at parse, matching the MCP clamp (46.669416ms)
✔ API F4: an unknown argument key is rejected naming the near-miss, never silently ignored (56.262584ms)
✔ API F4: boolean params validate like numerics — full:"false" means FALSE, garbage errors (54.905584ms)
✔ API F4: reading_order scope without value is a correction, not a silent whole-repo answer (104.119208ms)
✔ API F5: context `bodies` owns caller rendering; `full` stays the unabridged-list switch (53.822ms)
✔ F0-EQUIV: cache-extract ≡ full-extract after edits; F0-ONLY-CHANGED: scans == changed files (407.626875ms)
✔ F0-CACHE-NEUTRAL: --cache vs no-cache → identical fragment on the same tree (246.334917ms)
✔ SC3: refresh updates nodes+edges, re-attaches domain by id, drops overlaps (483.7465ms)
✔ F10-STAMP: no-change warm scans zero files; CODEWEB_VERIFY_FRESHNESS=1 restores the hash path (504.163875ms)
✔ F4-VERIFY: mtime-preserving content change is invisible to stat-only, caught by verify tier (123.213625ms)
✔ SC3: refresh with missing meta.root → exit 2 (47.828166ms)
✔ README puts the gate lead between the identity line and any map-led narrative (0.824208ms)
✔ the README gate lead states the verdict, its three blockers, and its token cost (0.43775ms)
✔ README gates every pull request before it explains the graph internals (0.286375ms)
✔ README carries a free-forever boundary section linking the published boundary page (0.296292ms)
✔ the identity line stays verbatim on all four enforced surfaces (0.826416ms)
✔ the built homepage hero renders the identity line verbatim (0.151916ms)
✔ the homepage leads with the gate and demotes the live map below it (0.13625ms)
✔ the homepage gate story states its blockers, its cost, and where it runs (0.123417ms)
✔ the homepage hero still carries its conversion rails after the reorder (0.107959ms)
✔ gate-md: clean diff renders the one-glance summary, no blocking section (0.853375ms)
✔ gate-md: caps every list and says what was dropped (1.708ms)
✔ gate-md: lost-callers excludes brand-new and renamed-to symbols; renames show similarity (0.1965ms)
✔ ac_13: evidence links use graph lines, analyzed commit and target; guidance distinguishes unknown callers (0.278917ms)
✔ ac_13: evidence is bounded and escaped; unsafe paths and link contexts stay plain text (0.18875ms)
✔ ac_13: local comments use file:line and missing evidence never invents a confidence (0.092292ms)
✔ GV-PREFLIGHT: exemptExported:false is structuralRegressions, id-for-id, over random pairs (19.878833ms)
✔ GV-GATE: exemptExported:true agrees with the shipped diff verdict over random pairs (11.626833ms)
✔ GV-DIVERGENCE: an exported symbol losing its last caller — preflight blocks, gate exempts but LISTS it (9.691791ms)
✔ GV-SIMULATE-TEXT: simulate speaks for its own check, not the gate (COPY.md #2) (163.0475ms)
[golden] SKIP — golden target not on disk: D:/GitHub Projects/ecc-test/plugins/marketplaces/ecc/scripts (set CODEWEB_GOLDEN_TARGET)
﹣ the extractor parses the full target into a substantial graph (0.895542ms) # golden target not on disk: D:/GitHub Projects/ecc-test/plugins/marketplaces/ecc/scripts (set CODEWEB_GOLDEN_TARGET)
﹣ FIXED: no `log` super-hub — max log in-degree genuine (<60), discord:log single-digit (0.1565ms) # golden target not on disk: D:/GitHub Projects/ecc-test/plugins/marketplaces/ecc/scripts (set CODEWEB_GOLDEN_TARGET)
﹣ LEGACY toggle is load-bearing — fabricates the dropped edges back (0.090625ms) # golden target not on disk: D:/GitHub Projects/ecc-test/plugins/marketplaces/ecc/scripts (set CODEWEB_GOLDEN_TARGET)
✔ every vendored grammar matches its recorded sha256 (11.145292ms)
✔ every recorded digest has its wasm on disk (no phantom rows) (0.3355ms)
✔ the runtime version the table pins is the one package.json declares (0.211167ms)
✔ normalizeGraph fills sane defaults (mirrors build-report) (0.823375ms)
✔ buildIndex separates call adjacency from any-incoming (call|import) (0.643875ms)
✔ resolveSymbol: exact id wins; else all label matches (sorted); else [] (0.101916ms)
✔ callersOf / calleesOf use only call edges, sorted + unioned (0.102083ms)
✔ impactOf is transitive, excludes seeds, and terminates on self-loops (0.101125ms)
✔ fileCycles: file-level SCCs (>=2), sorted + deterministic; same-file self-call ignored (0.164709ms)
✔ orphans: zero incoming (call|import) AND not exported (0.100167ms)
✔ structuralRegressions: a surviving node that loses its only caller is a lostCaller; a deleted one is not (0.235917ms)
✔ structuralRegressions: a file cycle present only in after is a newCycle (0.157166ms)
✔ structuralRegressions (property): lostCallers ⊆ surviving before-nodes, newCycles ∉ before-cycles (9.674708ms)
✔ finding 9: allBlastCounts / impactCountOf agree with per-node impactOf on random graphs (11.6745ms)
✔ runNodeAsync: runNode contract parity — exit status + captured stderr, no rejection (44.233458ms)
✔ runNodeAsync: two awaited-in-parallel 400 ms children overlap (wall < 750 ms) (452.1795ms)
✔ SRC_RE matches every C/C++ extension the extractor claims (0.768ms)
✔ pre-edit hook: a .c edit produces the same class of card as a .js edit (883.011875ms)
✔ pre-edit hook: the .c card ships on the same structured channel, still advisory (494.504083ms)
✔ post-edit hook: a cycle introduced by a .c edit is flagged, as it is for .js (1126.04425ms)
✔ P1: map writes index-lite.json; hook output byte-identical from sidecar vs graph (438.72875ms)
✔ P2: stale or corrupt sidecar falls back to the graph path silently (442.027291ms)
✔ P3: the sidecar is slim relative to the graph (424.54575ms)
✔ ac_18: shipped hooks use the documented configuration shape and retain all handlers (1.107416ms)
✔ HOT-WEIGHTS: weights are non-negative and sum to 1 (so score in [0,1]) (0.678ms)
✔ HOT-WEIGHTED-BLEND: score is the graph-max-normalized weighted sum of the components (0.129584ms)
✔ HOT-ZERO: zero maxes never produce NaN (empty/degenerate graphs) (0.0625ms)
✔ HOT-DOMINANCE: dominating a symbol on every component never ranks below it (0.929083ms)
✔ HOT-RANK: rankHotspots sorts by score desc, ties by id; deterministic; no NaN (1.292583ms)
✔ HOT-CLI: hotspots.mjs --json ranks symbols with components (52.354ms)
✔ HOT-SCOPE: non-product symbols are excluded by default, counted, and restored by allRoles (0.182625ms)
✔ HL-CX: cyclomatic on a 9,000,000-char string literal returns 1 (no RangeError) (34.051083ms)
✔ HL-RB: maskRuby on a 9,000,000-char double-quoted string returns (no RangeError) (12.985167ms)
✔ HL-RB-ESC: maskRuby survives the escape-heavy adversarial shape (2M escaped quotes) (16.152791ms)
✔ HL-EQ: old and unrolled regexes replace identically over 5,000 seeded strings, per site (22.894542ms)
✔ HL-SHIPPED: the shipped sources contain exactly the unrolled regexes the property tested (1.934ms)
✔ HL-BELT: an internal throw degrades cyclomatic to 1 and nestingDepth to 0 (0.131625ms)
✔ HL-E2E (default engine): 9MB single-line string no longer kills the extract (510.913417ms)
✔ HL-E2E (regex engine): 9MB single-line string no longer kills the extract (237.83225ms)
✔ python: same-named methods across two classes get class-qualified, distinct ids (40.057708ms)
✔ go: same-named methods across two receivers get receiver-qualified, distinct ids (39.031625ms)
✔ rust: same-named fns across two impl blocks get impl-type-qualified, distinct ids (21.028958ms)
✔ js (regex tier): same-named methods across two classes get class-qualified, distinct ids (29.307875ms)
✔ a call from inside a method is attributed FROM the qualified method id (30.206958ms)
✔ PRECISION: an importer that never touches the anchor is NOT a dependent of it (50.014958ms)
✔ the coarse module-import edge is redirected to the target <module> node (20.3115ms)
✔ RECALL: real member-access dependencies are still precise (24.311292ms)
✔ DEPENDENTS: --dependents of the anchor excludes the non-user, includes the real user (70.056333ms)
✔ a default import of a single-symbol class lands the coarse edge on the CLASS (38.451959ms)
✔ the default-export import edge is NOT routed to <module> when a single symbol exists (23.007584ms)
✔ DEPENDENTS: the importer is a dependent of the class even without a detected call (67.820291ms)
✔ RECALL: a namespace/default-import member call resolves to the imported symbol (43.086083ms)
✔ RECALL: default-import construction (new Widget()) resolves to the class (27.168834ms)
✔ RECALL: a static member call on a default-import alias resolves (Widget.from()) (18.658542ms)
✔ PRECISION: a param obj.merge() does NOT fabricate an edge to the imported merge (25.173ms)
✔ DEPENDENTS: --dependents is a superset of --callers and includes the member-access caller (121.186875ms)
✔ i1: `.js` specifier disambiguates between two same-named `.ts` exports (ext remap) (127.173125ms)
✔ i2: `import * as u from "./util.js"` binds the namespace to util.ts (member call edges) (103.43425ms)
✔ i3: re-export chain through a `.js`-specified barrel resolves + barrel dependent edge (100.412042ms)
✔ i4: `.mjs`->`.mts` remap and `/index.tsx` index candidates resolve (108.849791ms)
✔ i5: pub-entrypoint walk follows main "./src/index.js" to src/index.ts (mirrored list) (95.047375ms)
✔ i6: when BOTH dual.js and dual.ts exist, the literal on-disk .js wins (Node semantics) (93.28675ms)
✔ PRECISION: a bare object-default alias reference does NOT resolve to the anchor (47.293209ms)
✔ RECALL: member access on the object alias still resolves (28.14625ms)
✔ IE-INPROC-PARITY: in-process runExtract fragment byte-equals the spawned CLI stdout (151.804375ms)
✔ IE-COLD-PARITY: cold cache == no-cache == --full (caching changes nothing cold) (66.67675ms)
✔ IE-INCREMENTALITY: a pure body edit re-edges only the changed file AND still equals cold full (129.179125ms)
✔ IE-INCREMENTALITY (kill-switch leg): CODEWEB_NAME_DELTA=0 restores the wholesale mechanism verbatim (58.7195ms)
✔ IE-BIND-COUPLING: rensym of an IMPORTED name re-edges the importer (the aliased-import trap) (55.833042ms)
✔ IE-REX-FLIP: retargeting a re-export barrel re-aims the consumer edge (warm == cold) (72.437791ms)
✔ IE-DANGLING: deleting a file that another file imports leaves no dangling edge (warm == cold) (62.501458ms)
▶ IE-EQUIVALENCE: warm incremental == cold full, for random mutation sequences
  ✔ trial 0 (701.719ms)
  ✔ trial 1 (709.856708ms)
  ✔ trial 2 (900.535167ms)
  ✔ trial 3 (433.550709ms)
  ✔ trial 4 (862.025458ms)
  ✔ trial 5 (1046.59575ms)
  ✔ trial 6 (359.607542ms)
  ✔ trial 7 (510.558334ms)
  ✔ trial 8 (704.800792ms)
  ✔ trial 9 (437.542292ms)
✔ IE-EQUIVALENCE: warm incremental == cold full, for random mutation sequences (1807.6355ms)
✔ JS: `class X extends Y` emits an inherit edge X -> Y (alias-resolved across files) (54.953291ms)
✔ JS: a same-file `extends` resolves (23.865041ms)
✔ Python: `class X(Y)` emits an inherit edge (21.701708ms)
✔ an extended base class is NOT a dead-code orphan (19.806ms)
✔ --impact of a base class includes its subclass (inherit reverse-reachability) (20.331916ms)
✔ imported json files become <module> nodes; orphans never do (39.5905ms)
✔ every import form wires the file-level edge with the right kind (18.080458ms)
✔ mapped json files are stamped into meta.sources; languages gains json (19.5595ms)
✔ a json edit after mapping is flagged stale (the map admits it is behind) (23.689416ms)
✔ json is never parsed: a syntactically broken json file still maps identically (19.355083ms)
✔ fragment is deterministic run-over-run (47.815958ms)
✔ a json-only tree still refuses to masquerade as a map (json is a tier, not a language) (64.027166ms)
✔ pre-edit hook speaks for an imported json file, byte-identical sidecar vs graph (576.975833ms)
✔ python: dispatch wires self+typed calls, drops ambiguity, keeps engines node-identical (269.904917ms)
✔ python: two same-named owners -> the typed call is dropped and counted, never guessed (98.816458ms)
✔ go: dispatch wires self+typed calls, drops ambiguity, keeps engines node-identical (284.77225ms)
✔ go: two same-named owners -> the typed call is dropped and counted, never guessed (104.211125ms)
✔ rust: dispatch wires self+typed calls, drops ambiguity, keeps engines node-identical (292.648541ms)
✔ rust: two same-named owners -> the typed call is dropped and counted, never guessed (104.049959ms)
✔ ruby: dispatch wires self/implicit/typed calls; engines stay node-identical; deterministic (287.360167ms)
✔ php: dispatch wires self/implicit/typed calls; engines stay node-identical; deterministic (287.521833ms)
✔ php: two same-named owners -> the typed call is dropped, never guessed (104.13875ms)
✔ ruby: a bare identifier (not a call node) never wires; cross-class names never wire implicitly (125.345875ms)
✔ ruby: classes, owner-qualified methods, self methods, top-level defs, calls, spec role (84.472208ms)
✔ php: classes + visibility-as-export methods, functions, calls, test role (106.67075ms)
✔ kotlin: classes/objects, methods, expression-bodied funs, internal/private visibility (86.4515ms)
✔ swift: structs/classes/extensions, methods, public/open visibility, Tests role (78.995417ms)
✔ determinism: all four languages, two runs, byte-identical fragments (159.070667ms)
✔ LR1: scanSymbols — JS functions/classes/methods/field-arrows, in-process (1.986958ms)
✔ LR2: scanSymbols — Python defs inside docstrings are masked away (0.6025ms)
✔ LR3: scanSymbols — Rust impl owners and Go receivers qualify methods (0.494709ms)
✔ LR4: bodyEnd — brace matching survives destructured params; Python dedents (0.201666ms)
✔ LR5: parseSignature — declaration and arrow forms, NBSP whitespace preserved (0.270833ms)
✔ LR6: shared tables — KEYWORDS filters control flow; langOf keys the meta vocabulary (0.151875ms)
✔ IR1: re-export chain — renamed barrel export resolves to the real symbol, in-process (1.39225ms)
✔ IR2: bindFileImports — a named import through the barrel binds the alias and the edge (0.606416ms)
✔ IR3: Python re-export table — pkg/__init__ from-import chains to the defining module (0.342ms)
✔ IR4: defaultExportOf — single-symbol defaults resolve, object defaults do not (0.325875ms)
✔ product.json is the canonical language list — thirteen, C and C++ included (0.463042ms)
✔ commands/codeweb.md names every one of the thirteen native languages (0.955291ms)
✔ skills/codebase-anatomy/SKILL.md names every one of the thirteen native languages (0.366542ms)
✔ skills/codebase-anatomy/references/engine-detection.md names every one of the thirteen native languages (0.114416ms)
✔ README names every native language in its fast-path and roadmap lists (0.217125ms)
✔ the extension README covers C and C++ at the canonical count (0.193958ms)
✔ no live surface still claims eleven languages (historical records exempt, and proven so) (15.897375ms)
✔ the sweep actually reads the surfaces it claims to (non-vacuity) (2.884792ms)
✔ the walk emits separator-independent keys, so the exemptions apply on every platform (0.9795ms)
✔ the built site renders all thirteen languages, not a stale snapshot (0.277875ms)
✔ the launch drafts are committed, with an index and a receipts table (1.456625ms)
✔ every draft in the directory is registered in the index with a channel and a status (0.955667ms)
✔ every artifact the drafts draw numbers from was regenerated inside the mission window (3.763667ms)
✔ the unstamped correctness receipt belongs to the same fresh run as the stamped ones (0.711583ms)
✔ the freshness gate does not depend on a gitignored file (40.357583ms)
✔ the receipts table names only artifacts that exist in the tree (0.905583ms)
✔ no unreceipted number appears in the launch drafts (2.151084ms)
✔ each receipted number still equals the value its artifact records (0.734834ms)
✔ every receipted number is actually used by a draft (the table cannot rot into fiction) (0.719417ms)
✔ the check count is derived from the receipts, not asserted against a remembered total (0.872166ms)
✔ all 32 pre-registered checks are recorded as passing (0.978125ms)
✔ no draft states a charter-barred claim (0.627ms)
✔ no draft names a rival product beside a number (0.468542ms)
✔ the superseded pilot figures are not quoted as live results (0.179875ms)
✔ the Show HN title fits the channel limit (0.111792ms)
✔ each draft publishes the null alongside the passes (0.124458ms)
✔ each draft states the local-product invariants it is trading on (0.149916ms)
✔ the free-forever boundary is stated wherever the drafts mention the paid tier (0.157625ms)
✔ both launch pages ship as source pages AND as committed built output (0.781041ms)
✔ the LSP FAQ names the objection and answers it with the four things a one-hop lookup cannot do (0.292708ms)
✔ the gating answer cites a receipt that actually records the gate verdicts (0.573042ms)
✔ the LSP FAQ says the two compose rather than claiming a replacement (0.622959ms)
✔ the comparison page leads with the replicated recall result, at equal cost (0.679209ms)
✔ the comparison page publishes the token null instead of the superseded saving (0.384083ms)
✔ the comparison page renders the honesty ledger from product.json, not by hand (0.337041ms)
✔ neither page names a rival product — the contrast is against approaches and measured baselines (1.009583ms)
✔ every artifact path cited on the launch pages exists in the tree (0.40575ms)
✔ no unreceipted number appears in the authored launch-page copy (4.505583ms)
✔ each receipted number equals the value the committed artifact records (1.347375ms)
✔ the receipted numbers are actually on the pages (the map cannot rot into a fiction) (1.47925ms)
✔ both pages are registered in the PAGES table as listed pages (0.335292ms)
✔ both pages are in the committed sitemap (0.164625ms)
✔ the consistency sweeps cover both new pages (0.210833ms)
✔ both pages are one click from the live homepage, and the links resolve in docs/ (0.185ms)
✔ the widened nav can shrink instead of pushing the CTAs off-screen (1.129875ms)
✔ the product page routes its LSP objection card to the full FAQ (0.10125ms)
✔ the charter records the divergence from COMPETITIVE.md Bet 1 rather than leaving it silent (0.163917ms)
✔ L1: warm cached run never initializes the AST engine and is byte-identical to cold (266.004583ms)
✔ L2: a warm cached run of a dispatch-tier language never re-initializes the engine (245.55725ms)
✔ L3: --engine regex reports ast: off and the regex cache namespace (131.229583ms)
✔ L4: probe version string equals the loaded engine version (12.466333ms)
✔ corpus sanity: fixtures + every scripts/lib module present (1.2145ms)
✔ P1 maskJs: per-line length preservation over the corpus, both modes (50.197125ms)
✔ P2 maskJs: default-mode idempotence over the corpus (19.09225ms)
✔ P1 maskPy: per-line length preservation over the corpus, both modes (64.998584ms)
✔ P2 maskPy: default-mode idempotence over the corpus (69.804208ms)
✔ P3 maskRuby: idempotence + line-count preservation over the corpus (7.870417ms)
✔ P4 maskAligned: every JS-family extension the extractor enumerates gets the aligned mask (0.286083ms)
✔ MASK-ID repo: maskJs is byte-identical to the frozen reference over every mask-eligible repo file (18942.517459ms)
✔ MASK-ID corpus: maskJs is byte-identical to the frozen reference over a loaded bench-corpus tree (73.942ms)
✔ MASK-ID fixtures: adversarial shapes (regex, templates, expr nesting, escapes, PHP #) (0.243667ms)
✔ n1 (default/ast tier): nested-template text is prose — no docs -> fabricateMe; real caller survives (122.418667ms)
✔ n2 (default/ast tier): a `}` in nested template text does not invert state (0.282ms)
✔ n3 (default/ast tier): escaped \` in template text stays text (0.121917ms)
✔ n4 (default/ast tier): string content inside ${} fabricates nothing (0.073083ms)
✔ n5 (default/ast tier): two-deep nesting keeps the middle expr live; regex beats backtick-push (0.065959ms)
✔ n1 (regex tier): nested-template text is prose — no docs -> fabricateMe; real caller survives (73.183917ms)
✔ n2 (regex tier): a `}` in nested template text does not invert state (0.385625ms)
✔ n3 (regex tier): escaped \` in template text stays text (0.07425ms)
✔ n4 (regex tier): string content inside ${} fabricates nothing (0.076416ms)
✔ n5 (regex tier): two-deep nesting keeps the middle expr live; regex beats backtick-push (8.623167ms)
✔ a quote inside a regex literal does not desync the mask: extent stays tight, no fabricated edge (48.954375ms)
✔ a backtick inside a regex literal does not flip template state: prose stays prose (0.155666ms)
✔ division is not lexed as a regex opener; regex after `return` is (0.059ms)
✔ a {n} quantifier in a regex inside ${} does not corrupt interpolation brace matching (0.058292ms)
✔ self-map: complexity.mjs yields its known same-file edges (26.918583ms)
✔ budget injection: callers defaults to top-20 + more; full:true unabridged; explicit limit wins (248.206542ms)
✔ graph auto-discovery: nearest .codeweb/graph.json above cwd; none -> actionable error naming codeweb_map (122.566875ms)
✔ codeweb_map: builds a real graph over MCP and reports the path + stats (530.035041ms)
✔ API F6: codeweb_map failure never suggests --allow-empty (a flag the tool cannot pass) (217.352833ms)
✔ API F3: risk honors offset (offset:50 is not page 0) and more carries nextOffset (388.380375ms)
✔ API F3: break_cycles pages by offset; deadcode/context tiers and reading_order mark truncation (554.820084ms)
✔ find_similar accepts an inline body over MCP (stdin plumbing) + structural flag (605.220042ms)
✔ ac_10: codeweb_dependents returns the full union (call+import+inherit+test+ref) with byKind (83.439458ms)
✔ ac_10: dependents answers are budgeted with true totals (limit -> more.remaining) (58.344959ms)
✔ ac_10: the CLI serves the same mode from the same manifest entry (--dependents) (60.54725ms)
✔ MP-STATS-PARITY: codeweb_stats (in-process) === stats.mjs --json — empty AND non-empty ledgers (242.653ms)
✔ MP-STATS-MISSING: codeweb_stats on a missing graph falls through to the spawned CLI (identical errResult text) (166.447ms)
✔ MP-DIFF-PARITY: codeweb_diff (in-process from cachedGraph) === diff.mjs --json, byte-for-byte (MD1/MD2/MD2b) (343.129708ms)
✔ MP-DIFF-FALLBACK: codeweb_diff on a nonexistent after graph → isError (spawn fallback), stdout stays pure (102.080583ms)
✔ queueKeyFor: graph tools key to the DIR of graph.json (annotate too — dirFromGraph, not graphless) (0.430334ms)
✔ queueKeyFor: diff keys to the dir of args.after — COLLIDES with refresh on one workspace (#30) (0.077084ms)
✔ queueKeyFor: a relative after resolves against cwd (0.051958ms)
✔ queueKeyFor: map keys to resolve(out) (default out = <target>/.codeweb) (0.057ms)
✔ queueKeyFor: the "(graphless)" slot is UNREACHABLE for shipped tools (only diff+map are graphless) (0.095917ms)
✔ I5: a failing codeweb_map settles ONCE (exactly one reply for its id) and the server drains + exits 0 (226.248542ms)
✔ I5b: unsupported-repo map failure names the escapes, never the --allow-empty leak (248.745208ms)
✔ S1a epipe-survival: find_similar 1MB body + bad graph → isError result, and the server still answers a later ping (alive, exit 0) (130.548875ms)
✔ S1b epipe-survival: client closes its stdout read end mid-burst → server exits 0 (inherited cli.mjs guard) (86.9255ms)
✔ S2 refresh→diff in one burst: the diff reads POST-refresh bytes (waited, I6) and is served in-process (no child) (690.356916ms)
✔ S3 two codeweb_map on one out dir in a burst: end(map#1) < start(map#2), surviving graph parses (663.389291ms)
✔ I7 autoRefresh-skip: explicit refresh + a stale-triggering query in one burst → skip-autorefresh, ONE refresh child (707.88175ms)
✔ S4 cancellation-kills-child: notifications/cancelled on a running map → trace kill, NO reply for its id, ping answers, exit 0 (66.202541ms)
✔ S7 malformed-and-batch-frames: 42, "x", null, [] each answer ONE -32600 (id:null); a following ping answers (59.311375ms)
✔ T-34.3 batch fan-out: [{ping id:9},{unknown-tool id:10}] → normal reply for 9 AND -32602 for 10 as individual lines; notifications stay silent (57.784458ms)
✔ S5 refresh-preserves-sidecars: after codeweb_refresh all three sidecars are FRESH (stamps === statSync(graph.json)) (705.842584ms)
✔ S6 reader-overlap: two readers released together by a writer barrier → both start before either ends (I4) (706.540375ms)
✔ I4 cap: 4 readers released by a writer barrier peak at exactly READER_CAP=3 concurrent (never 4) (783.954792ms)
✔ I2/I3 writer-barrier: [reader, writer, reader] one burst → end(reader1) ≤ start(writer) < start(reader2) (774.679625ms)
✔ cancel-during-diff-fast-path: cancel while the diff awaits the writer tail → NO reply, ping answers (680.665583ms)
✔ ac_9: diff {} before any snapshot fails with the refresh {snapshot:true} remedy (81.667333ms)
✔ ac_9: refresh {snapshot:true} then diff {} completes the loop in one MCP session (264.806833ms)
✔ ac_9: the refresh CLI serves the same flag (--snapshot) (171.461792ms)
✔ ac_11: a spawned advisor (codeweb_risk) on a stale graph carries the staleness verdict (123.902125ms)
✔ ac_11: codeweb_simulate (the refactor pre-flight) is staleness-annotated too (128.552125ms)
✔ ac_11: codeweb_stats stays unannotated (an activity receipt, not a structural answer) (54.293792ms)
✔ M1: initialize returns protocolVersion, an object tools capability, and serverInfo (57.271875ms)
✔ M2: tools/list exposes the full tool set with object schemas + correct required args (59.460709ms)
✔ M2b: initialize carries workflow instructions; unknown client protocol falls back to ours (119.910375ms)
✔ M3: tools/call codeweb_impact returns the query JSON as text content (58.476125ms)
✔ M3b: tools/call codeweb_review (a new agent tool) returns its JSON through the server (114.408125ms)
✔ M4: tools/call resolves a bare label (codeweb_callers helper) (62.23325ms)
✔ M5: unknown tool name -> JSON-RPC error -32602 (invalid params), not a crash (56.124542ms)
✔ M6: a not-found symbol is a valid tool result (found:false), not a protocol error (58.542333ms)
✔ M6b: a missing required argument -> tool result with isError:true (not a JSON-RPC error) (66.19ms)
✔ M7: notifications (no id) get no response; later requests are still answered (59.401083ms)
✔ M8: unknown method -> method-not-found error (-32601) (50.33375ms)
✔ M9: the server exits cleanly (status 0) when stdin closes (54.766208ms)
✔ M10: malformed JSON on stdin -> parse error -32700, no crash, recovers (69.822875ms)
✔ MD1: codeweb_diff on two clean snapshots returns the delta JSON as content, ok:true, not isError (77.638834ms)
✔ MD2: a regression (new cycle + new duplication) is a VALID result with ok:false, NOT isError (61.453167ms)
✔ MD2b: adding a brand-new uncalled node is reported but NOT a regression (ok:true) (59.089209ms)
✔ MD3: codeweb_diff args are optional (AC-9) — no discoverable graph for the default `after` fails actionably (48.594833ms)
✔ MD4: codeweb_diff on a nonexistent graph file -> isError:true (IO), stdout stays pure JSON-RPC (118.840791ms)
✔ MD5 / API F6: diff remedies never say "pass `graph`" — codeweb_diff has no such param (51.132583ms)
✔ M11 / CTX-MCP-PARITY: codeweb_context output == context-pack.mjs --json, verbatim (F1) (393.0775ms)
✔ M12 / RFS-MCP-PARITY + IDEMPOTENT: codeweb_refresh matches the CLI and is idempotent (F2) (707.553542ms)
✔ M13: codeweb_hotspots ranks symbols (F4) (105.099375ms)
✔ M14: codeweb_campaign returns an ordered worklist (F5) (186.203166ms)
✔ M15: codeweb_reading_order returns a bounded foundations-first path (F8) (128.769792ms)
✔ codeweb_simulate pre-flights a delete and returns the gate verdict (125.938666ms)
✔ codeweb_simulate validates its mode arguments (51.842459ms)
✔ codeweb_annotate records a suppression beside the graph and lists it back (166.05925ms)
✔ codeweb_stats serves the value receipt over MCP (57.001166ms)
✔ codeweb_map emits notifications/progress when the client sends a progressToken (456.184917ms)
✔ LSH-PAIRS-EQ: lshCandidatePairs ≡ verbatim string-key reference — pairs ORDER, buckets, skippedBuckets (220 seeded cases, both signal configs) (157.640084ms)
✔ LSH-TIER2-COLLISION-SPILL: a true band-fold collision spills by exact tuple, never merges differing tuples (0.494792ms)
✔ LSH-PAIRS-DETERMINISTIC: identical entries in identical order -> identical result object (0.659917ms)
✔ N1: minhash estimate tracks true Jaccard within 0.15 at K=128 (>=95% of pairs) (26.826ms)
✔ N2: banding proposes >=99% of pairs at the overlap confirm thresholds (28.044167ms)
✔ N3: signatures and band keys are deterministic and iteration-order independent (0.699916ms)
✔ emits a per-file `module` node for files with top-level calls (47.81075ms)
✔ top-level calls attribute to the module node, not the trailing function (22.900708ms)
✔ PRECISION: the trailing function does NOT absorb top-level calls (the EOF-range bug) (27.088625ms)
✔ RECALL: a non-exported helper called only from module scope is not a false orphan (19.44475ms)
✔ Python: dedent body extent + module attribution (20.08225ms)
✔ regex literals with braces do not corrupt body-end (scanSymbols repro) (16.440125ms)
✔ LINT-NUL: no tracked .mjs file contains a raw byte < 0x09 (70.191292ms)
✔ OD0: the simulation path is declared — delta by default, clone under CODEWEB_OPT_SIM=clone (108.996083ms)
✔ OD1: property — delta and clone simulations emit byte-identical results on random graphs (1363.549417ms)
✔ OD2: a cycle-creating merge is blocked with identical projectedNewCycles either path (127.652458ms)
✔ a body-confirmed high duplicate whose merge stays acyclic is READY (gate would pass) (54.336625ms)
✔ a duplicate whose naive merge would create a new file cycle is BLOCKED (gate would reject) (48.880458ms)
✔ a drifted duplicate is REVIEW, never auto-ready (no blind-merging diverged copies) (47.468ms)
✔ a structural-high duplicate (bodySim null) is REVIEW — only body-confirmed merges are ready (52.990708ms)
✔ low and refuted findings are excluded entirely (precision over recall) (67.230666ms)
✔ a parallel-impl finding is surfaced as REVIEW, not a delete-the-copies merge (54.573792ms)
✔ an empty overlap set yields a clean zero report and exit 0 (62.497916ms)
✔ opportunities are ordered ready -> blocked -> review (actionable first) (52.83725ms)
✔ --out writes an optimize.md artifact with the tiered sections (49.265166ms)
✔ missing graph path exits 2 (usage) (46.430167ms)
✔ OCC1: a planted C duplicate across two .c files is reported (0.604625ms)
✔ OCC2: a planted C++ duplicate across two .cpp files is reported (0.083792ms)
✔ OCC3: body confirmation read REAL bodies — the extents the extractor measured are right (0.076792ms)
✔ OCC4: the report the gate consumes names both languages (0.057584ms)
✔ OC1+OC2: big-group sampling and hub-label twin cap, both reported (110.930667ms)
✔ N4: LSH finds the planted twin pair the capped path provably never examines (1113.590458ms)
✔ N4b: the LSH path is byte-deterministic across runs (1187.460791ms)
✔ N5: small inputs keep the exact path by default — bytes equal a forced-exact run (832.658625ms)
✔ N6: Signal C near-miss clones — LSH and exact paths confirm the same finding (895.520208ms)
✔ >=4 same-named uncalled implementations demote to interface-pattern (never "merge these") (62.687375ms)
✔ duplicated FIXTURE helpers are excluded from findings by default; CODEWEB_ALL_ROLES=1 restores them (127.883958ms)
✔ Signal B: twin candidates scope to product roles; CODEWEB_ALL_ROLES=1 restores (125.031166ms)
✔ identical bodies -> high confidence duplicate-logic (0.317208ms)
✔ same name, disjoint bodies -> refuted (dismissed as coincidental) (0.0795ms)
✔ partially diverged bodies -> medium/drifted (0.059ms)
✔ CLI-scaffold names fold into one shared-responsibility finding (0.0765ms)
✔ overlaps are ranked, id-stamped, and written back into the graph (0.279042ms)
✔ structural fallback when source is absent (52.969875ms)
✔ P1: manifest is publishable — bins, files, no runtime deps, not private (3.531792ms)
✔ P2: npm pack ships engine + plugin surfaces, excludes repo-only trees (2305.796958ms)
✔ P3: packed release installs offline and each installed bin answers --help (4359.924208ms)
✔ run.mjs completes and emits all five artifacts (0.36575ms)
✔ graph carries the target through every stage (0.187458ms)
✔ the cross-domain duplicate is surfaced and body-confirmed high (0.119041ms)
✔ report.html is a self-contained, non-trivial document (0.287584ms)
✔ overlap.md lists the finding for human review (0.141833ms)
✔ PL-GRAVITY: suggested domain == inline-recomputed plurality of resolved callees (40 cases) (2236.66375ms)
✔ PL-TIE: a tie resolves to the lexicographically smallest domain (55.884666ms)
✔ SC1: suggested file is the highest-callIn file in the chosen domain (56.65775ms)
✔ PL-REUSE-SOUND: name warnings are real nodes with the exact --name label (57.392958ms)
✔ PL-REUSE-SOUND: body warnings clear the medium (0.35) floor (101.355583ms)
✔ SC3/SC4: unresolved callees reported; empty -> unassigned/null (105.526166ms)
✔ PL-DETERMINISTIC: identical inputs -> identical stdout (93.62225ms)
/Library/Developer/CommandLineTools/usr/bin/ctags: illegal option -- -
usage: ctags [-BFTaduwvx] [-f tagsfile] file ...
✔ structuralRegressions: a NEW file-level cycle is flagged (1.16625ms)
✔ structuralRegressions: a pre-existing cycle is NOT re-flagged (0.1315ms)
✔ structuralRegressions: a SURVIVING symbol that lost all callers is flagged (0.400208ms)
✔ structuralRegressions: a DELETED symbol is not a lost-caller regression (0.070875ms)
✔ structuralRegressions: a clean additive edit yields nothing (0.102125ms)
✔ hook is INERT for a non-source file (no .codeweb work) (57.262084ms)
✔ hook is INERT when the file is not under a mapped target (49.494333ms)
✔ hook flags a NEW cycle introduced by an edit (vs the baseline) (158.821959ms)
✔ S18-1: given a map, the sidecar exists beside graph.json and stamp-matches it (410.883375ms)
/Library/Developer/CommandLineTools/usr/bin/ctags: illegal option -- -
usage: ctags [-BFTaduwvx] [-f tagsfile] file ...
/Library/Developer/CommandLineTools/usr/bin/ctags: illegal option -- -
usage: ctags [-BFTaduwvx] [-f tagsfile] file ...
/Library/Developer/CommandLineTools/usr/bin/ctags: illegal option -- -
usage: ctags [-BFTaduwvx] [-f tagsfile] file ...
/Library/Developer/CommandLineTools/usr/bin/ctags: illegal option -- -
usage: ctags [-BFTaduwvx] [-f tagsfile] file ...
/Library/Developer/CommandLineTools/usr/bin/ctags: illegal option -- -
usage: ctags [-BFTaduwvx] [-f tagsfile] file ...
/Library/Developer/CommandLineTools/usr/bin/ctags: illegal option -- -
usage: ctags [-BFTaduwvx] [-f tagsfile] file ...
✔ S18-2: a valid sidecar yields the same verdict as the legacy parse path on the same payload (601.002083ms)
✔ S18-3: removing a baseline cycle key from the sidecar makes the hook report that cycle as NEW — the sidecar, not the graph, was consumed (446.334459ms)
✔ S18-4: a stale or corrupt sidecar falls back to the legacy path with the correct verdict (712.021792ms)
✔ S18-5: both sidecar AND graph corrupt -> the hook binary exits 0 silently (the contract is fail-open) (514.545292ms)
✔ S18b-NOCHANGE: a no-change in-process fire returns null and leaves the warm cache bytes untouched (491.494542ms)
✔ S18b-PARITY: additionalContext byte-identical via the in-process path and CODEWEB_HOOK_INPROC=0 (spawn) (408.97475ms)
✔ the hook leaves no codeweb-hook-*.json temp files behind (122.8305ms)
✔ the pre-registered check count on every published surface equals what the receipts enumerate (5.288959ms)
✔ no published surface still frames the study as "32 / 33" (0.9045ms)
✔ the retired check is recorded with its reason, not silently dropped (0.241625ms)
✔ every check the receipts enumerate is recorded as passing (0.377166ms)
✔ H15 is claimed as passing only while its receipt says so (0.108875ms)
✔ no phantom symbol is extracted from inside a docstring (41.578459ms)
✔ no call edge is fabricated from inside a docstring (17.269416ms)
✔ no call edge is fabricated from inside a # comment (22.413666ms)
✔ a REAL call after the docstring is still extracted (22.550542ms)
✔ real symbols around the docstring are intact (21.924083ms)
✔ DEPENDENTS: render_template no longer lists the docstring/comment false callers (62.696375ms)
✔ single-line f-string: report -> compute edges (0.294291ms)
✔ triple-quoted f-string: multi -> compute edges; {{code}} stays text (0.057292ms)
✔ rf prefix: prefixed -> compute edges (0.04925ms)
✔ plain strings stay blanked: no decoy -> compute edge (0.054208ms)
✔ expr-interior string content stays blanked: no decoy2 -> compute edge (0.050125ms)
✔ RECALL+PRECISION: a relative named import pins the bare call to the exact symbol (41.041834ms)
✔ RECALL: a relative submodule member call resolves (from . import models; models.build()) (28.75225ms)
✔ RECALL: an absolute aliased module member call resolves (import pkg.models as m; m.build()) (33.105958ms)
✔ the submodule import emits a coarse <module> edge (not a symbol edge) (15.553625ms)
✔ PRECISION: a param obj.helper() fabricates no edge (18.724ms)
✔ DEPENDENTS: --dependents build includes both the submodule and absolute-alias callers (95.265958ms)
/Library/Developer/CommandLineTools/usr/bin/ctags: illegal option -- -
usage: ctags [-BFTaduwvx] [-f tagsfile] file ...
/Library/Developer/CommandLineTools/usr/bin/ctags: illegal option -- -
usage: ctags [-BFTaduwvx] [-f tagsfile] file ...
/Library/Developer/CommandLineTools/usr/bin/ctags: illegal option -- -
usage: ctags [-BFTaduwvx] [-f tagsfile] file ...
/Library/Developer/CommandLineTools/usr/bin/ctags: illegal option -- -
usage: ctags [-BFTaduwvx] [-f tagsfile] file ...
✔ Q1+Q2: from <own-pkg> import name resolves through the src-layout __init__ re-export (83.432834ms)
✔ Q3: an explicit import binds calls across a package boundary (60.842208ms)
✔ Q4: the module-level import site attributes to <module>, matching site granularity (69.707ms)
✔ Q-guard: `import json` never grabs an in-repo NESTED json package (43.557208ms)
✔ SC1: no query prints usage to stderr (not stdout) and exits 2 (76.626542ms)
✔ SC2: missing graph file exits 2 with a clear message (no raw stack) (45.291625ms)
✔ SC3: --callers returns direct call in-neighbors, sorted (57.999125ms)
✔ SC4: --callees returns direct call out-neighbors, sorted (55.090666ms)
✔ SC5: --impact returns the transitive reverse-call closure + distinct domains (52.559084ms)
✔ SC5b: --impact on an ambiguous label seeds from ALL matches, excluding every seed (55.459625ms)
✔ SC5c: --impact terminates on recursion (self-loop) and excludes the seed (53.793875ms)
✔ SC6: --cycles finds a file-level dependency cycle (SCC size >= 2) (57.632541ms)
✔ SC6b: multiple cycles are emitted in a deterministic order (sorted) (55.648417ms)
✔ SC7: --orphans = no incoming edges AND not exported (exported-unused excluded) (81.321875ms)
✔ SC7b: --orphans returns [] at exit 0 (not 1) when every node has an in-edge (47.076291ms)
✔ SC8a: a bare ambiguous label resolves to ALL matching nodes (union of results) (51.568291ms)
✔ SC8b: unknown symbol exits 1 with found:false (58.798042ms)
✔ SC8c: a found symbol with zero results returns exit 0 + [] (not not-found) (50.876166ms)
✔ SC8d: import edges never leak into call adjacency (callers/callees) (119.674167ms)
✔ SC9: --json output is byte-stable across runs (deterministic for agents) (105.332125ms)
✔ SC-robust: missing node fields (exports/domain/file) default sanely, no crash (59.905875ms)
✔ SC-edgeless: a graph with no edges yields empty cycles/callers and all unexported orphans (153.129875ms)
✔ RE1: /codeweb-apply exists — ready tier only, deterministic gate owns every verdict (1.35675ms)
✔ RE2: /codeweb-pitch exists — every number pinned to an artifact, review before sharing (0.243334ms)
✔ RE3: narration is a provenance-labeled sidecar — brief renders it, absence changes nothing (3.028125ms)
✔ RE4: --serve serves the workspace on localhost only (140.165792ms)
✔ RE5: quickstart bins exist with the Node guard and forward faithfully (102.901667ms)
✔ RE6: the acquisition ledger runs on a schedule and appends where the docs say (0.627459ms)
✔ RE7: the spend-gated AI work is documented as funded proposals, not silently run (0.343375ms)
✔ RO-EQUIV-ORACLE + RO-EARLY-EXIT: rewrite ≡ frozen O(n²) oracle; budget b ≡ full-order prefix (200+ seeded cases, all scopes) (8.537541ms)
✔ RO-BUDGET-NORMALIZE: -1 / 0 / 2.5 / NaN / Infinity keep the pre-#22 slice semantics (1.069666ms)
✔ RO-FOUNDATIONS-FIRST: for an acyclic call graph, every callee precedes its caller in the order (4.29375ms)
✔ RO-BUDGET: output length <= budget; budget >= scope size -> every in-scope symbol once (2.503459ms)
✔ RO-SCOPE-CLOSED: domain/file scope only emits in-scope ids; symbol scope stays in its closure (0.140625ms)
✔ RO-CYCLE-SAFE + RO-DETERMINISTIC: a cyclic call graph yields a stable total order, no crash (0.070375ms)
✔ RO-CLI: reading-order.mjs --json emits an ordered, budgeted path (53.290167ms)
✔ RECALL: a function passed to .map(fn) is captured as a reference edge (36.566334ms)
✔ RECALL: a function passed as a callback argument is captured (18.284417ms)
✔ PRECISION: a method call obj.fn() does NOT resolve to a top-level fn() (16.262958ms)
✔ version-sync.mjs runs clean on the aligned repo (idempotent no-op) (142.589166ms)
✔ screenshot.mjs front door: no args dies with usage (exit 2), never a stack trace (46.821959ms)
✔ auditClaimValues: a stated stat that disagrees with its receipt fails; the real repo is clean (15.183625ms)
✔ bumpVersion follows SemVer (0.181125ms)
✔ the real repo derives 28 MCP tools from the source (0.432125ms)
✔ engines.node claims exactly the tested floor (>=22) (0.112958ms)
✔ the real repo is consistent (versions + tool count aligned) (22.782125ms)
✔ check-consistency CLI exits 0 on the aligned repo (77.392708ms)
✔ rollChangelog moves Unreleased into a dated version section (0.976625ms)
✔ rollChangelog refuses an empty Unreleased (0.169459ms)
✔ syncTargets rewrites version + tool count via backref-preserving subs (0.216417ms)
✔ checkConsistency catches drift, applySync repairs it (round-trip) (5.940833ms)
✔ checkConsistency fails a sponsorship cost premise in the stdout copy module (4.478167ms)
✔ checkConsistency fails a sponsorship cost premise on any prose surface, not just product-copy (3.639041ms)
✔ checkConsistency fails a numeric claim literal in a script outside product-copy.mjs (3.683292ms)
✔ checkConsistency enforces the D1 manifest discipline (restatement + phantom docs) (3.631917ms)
✔ scanProseCounts flags the live package.json description string against 27 tools (0.068959ms)
✔ checkConsistency scans site/data/product.json prose — the stale-elevator class (0.047083ms)
✔ scanProseCounts flags a stale tool count, in digits and words (0.717333ms)
✔ scanProseCounts flags a stale native-language count (0.107792ms)
✔ scanProseCounts catches the "(N total)" and bare "N languages" phrasings that slipped v0.9.0 (0.1865ms)
✔ product.json languages match the extractor: one file per extension, counted (243.563458ms)
✔ CHANGELOG never @-mentions a number — bare @digit is banned outside code spans (1.416292ms)
✔ the release workflow re-syncs notes for an existing release instead of skipping (0.35825ms)
✔ G1: callers that try/catch or .catch() the call surface as exception reliance (158.662458ms)
✔ G2: a callee that mutates its parameter is flagged — callers share that object (172.099625ms)
✔ G3: null-checked results surface as nullability reliance (179.392583ms)
✔ G4 (control): none of the evidence -> none of the claims (170.09225ms)
✔ explain card reports fields, awaited fraction, and arg range from real call sites (235.271417ms)
✔ the pre-edit hook delivers the reliance line without being asked (123.385542ms)
✔ no callers or unreadable source -> no reliance claim (absence is honest) (301.669083ms)
✔ diff: a rename (same body, new name) reports as renamed, not delete+add churn (61.684125ms)
✔ explain: one bounded card with identity, dependents, tops, and findings membership (109.360584ms)
✔ C1+C4: cost-to-coverage per condition — means over reported cells only, missing counted (50.542667ms)
✔ C2: analyzer output byte-identical across runs (98.247209ms)
✔ P1: missed-then-fixed signature change mines as exactly one task with the history as answer key (1672.039875ms)
✔ P2: a well-executed change (all callers updated) mines nothing — and the funnel says why (980.635834ms)
✔ P3: a fix outside --followup-window mines nothing — and the funnel says why (1353.226625ms)
✔ P4: a formatting-only reformat is NOT a signature change — the prettier trap mines nothing (1178.686417ms)
✔ P5: a change too large to embed verbatim is rejected, never truncated into the instruction (1254.277209ms)
✔ P6: a keyword-labeled symbol is rejected — its "mention" evidence would match syntax (1067.686666ms)
✔ T-37.1: gDraw reads cvColors() exactly once, before the edge/node passes (not per label) (0.441584ms)
✔ T-37.3: every edge of a 50k set has per-edge style === its bucket style (byte-exact) (36.045833ms)
✔ T-37.3: theme ink overrides swap the triplet, never the alpha/width/dash math (0.172083ms)
✔ T-37.3: weight ≥ 72 collapses to one width bucket, weight ≥ 29 to one alpha, no over-merge across states (0.091708ms)
✔ T-37.2: labelPick caps at the given count (1.652083ms)
✔ T-37.2: priority order is bubbles > hl members > screen radius desc, tie-break by id (0.633167ms)
✔ T-37.2: labelPick is position-independent and deterministic (flicker-free across anneal) (1.942125ms)
✔ T-37.4: hitScan matches the old per-frame AN scan; gDraw no longer rescans AN (0.156834ms)
✔ E1+E2: editor links ship without leaking the source root (67.115875ms)
﹣ L1: harness emits the full measurement schema on a fixture report (0.308334ms) # playwright not resolvable
﹣ L2: a non-report input fails loudly, never emitting bogus timings (0.04875ms) # playwright not resolvable
✔ report-sim: gStepChunk extracts from the template and a small sim settles + terminates (72.920792ms)
✔ report-sim: the layout is deterministic — identical seeds give bitwise-equal positions ×2 runs (268.894958ms)
✔ report-sim: the spiral seeding is also deterministic and stays finite (218.584334ms)
✔ report-sim: sliced (budget=2ms) settle is bitwise-equal to a budget=∞ settle (T-35.4) (555.234125ms)
✔ R2: refresh stamps overlapsDroppedAt, and the brief says "not recounted" instead of 0 (631.925416ms)
✔ R2: a fresh full map clears the stamp and recounts (1039.927666ms)
✔ R3: the session brief nudges when the tree has changed since the map (413.881709ms)
✔ R1/R8: a re-map prints the since-last-map delta and appends history.jsonl (816.522208ms)
✔ R8: trend reads history.jsonl instantly (no pipeline runs) (856.652625ms)
✔ R8: a reused (memo-hit) run does not double-append history (615.898459ms)
✔ R6: the workspace writes its own .gitignore whitelisting the non-regenerable memory (424.995959ms)
✔ R9/R10: the report renders its own age (view-time, byte-clean) and the building version (456.609041ms)
✔ R10: the run banner names the version (402.713167ms)
✔ R10: README and the site ask for a release-watch, not just a star (0.323875ms)
✔ R4: the same regression is flagged once, not on every subsequent edit (623.047125ms)
✔ R5: a suppressed finding disappears from graph.overlaps and reports a suppressedCount (803.844667ms)
✔ R7: the gate comment links home and can render a cross-PR trend line (0.831541ms)
✔ R7: ci-gate documents the --history flag (42.921459ms)
✔ R11a: a failed unsupported-language map leaves a marker that routes to the agent fallback (257.081333ms)
✔ R3: the pre-edit card marks a file whose stamps no longer match the map (306.26ms)
✔ stats: full maps stamp firstMapAt/lastMapAt/mapCount (and only fresh computes count) (755.59475ms)
✔ RV1: FUNDING.yml exists — payment friction drops from infinite to zero (0.535583ms)
✔ RV2: README states the free-forever contract and the ratified sponsor story (0.27825ms)
✔ RV3: the support page tells the ratified story — placement for sponsors, no cost claims (0.213625ms)
✔ RV4: the receipt-high-point ask fires on real value, once a month, local-only (1263.879166ms)
✔ RV5: trend (the team-lead surface) carries the ask only with a real series (108.644416ms)
✔ RV6: the two shared artifacts carry the sponsor rail (attribution, not solicitation) (3.58375ms)
✔ RV7: anti-placements hold — no ask on agent-facing or trust surfaces (0.559167ms)
✔ RV-HUNK-MAP: changedSymbols == inline interval-overlap oracle; RV-BLAST-EXACT: blast == impactOf (40 cases) (2199.048958ms)
✔ RV-WHOLE-FILE: whole-file change selects exactly that file's nodes (46.841833ms)
✔ SC3/--gate: a new file cycle vs --before is reported and gates (160.423625ms)
✔ RV-DETERMINISTIC: identical inputs -> identical stdout (113.342ms)
✔ RK-COMPONENTS: components + risk + ranking match the independent recompute (30 cases) (1686.198208ms)
✔ RK-MONOTONE: risk is non-decreasing in each component (100 random vectors) (0.857292ms)
✔ --changed restricts ranked output to changed files (59.465042ms)
✔ RK-PAGING: --offset pages with nextOffset; text mode honors --limit (173.003625ms)
✔ RK-DETERMINISTIC: identical inputs -> identical stdout (112.006ms)
✔ R1: override maps docs/** to generated; heuristics keep the rest (155.585375ms)
✔ R2: first matching glob wins, in config order (171.836084ms)
✔ R3: an unknown role value fails loudly, naming the entry (58.995084ms)
✔ R5: a rules-file role flip with a warm cache re-derives edges (the #10 gate sees fresh roles) (206.549291ms)
✔ R4: absent roles section == absent rules file (byte-identical fragments) (250.706833ms)
✔ T-13.1: a Ruby heredoc body fabricates no symbol and no edge; real code stays live (117.508291ms)
✔ T-13.2: a PHP `#` comment fabricates no edge; the real call edges (97.074958ms)
✔ SE-IMPORT-CLEAN: import(extract-symbols) is side-effect-free (60.332333ms)
✔ IE-TWO-RUNS: two sequential runExtract calls each byte-equal a fresh CLI run (259.554959ms)
✔ IE-TWO-RUNS-CONCURRENT: Promise.all of two runExtract calls each byte-equal a fresh CLI run (264.484458ms)
✔ RE-ERRORS: guard paths throw ExtractError, never exit the host process (0.495792ms)
✔ K1: per-stage timing on stderr, artifacts byte-identical across cold runs (768.743917ms)
✔ K2: scale.mjs emits the full schema and restores the edited source byte-identically (1644.797042ms)
✔ K3: stagesReused honesty is pinned at the parser level (0.648125ms)
✔ PROPERTY: every product-role ref edge lands on a product-role target (1.020583ms)
✔ no lib/import-resolve or lib/cli edge into extract-symbols rel/textOf/maskedOnce (0.897792ms)
✔ F6: robots.txt + sitemap.xml exist, and internal markdown is excluded from crawl (0.91575ms)
✔ F12: every same-site fragment link in the built site resolves to an element with that id (21.607208ms)
✔ F6b: the IndexNow key deploys with the site and matches the committed key (0.910708ms)
✔ F6c: search engines get pinged on every site deploy, no account needed (0.4025ms)
✔ F5: the demo — the most-shared URL — finally unfurls (0.362083ms)
✔ F7/F9: built pages carry search vocabulary and every page has an h1 (0.476625ms)
✔ F10/F11: JSON-LD structured data + OG image dimensions (0.142708ms)
✔ F2: server.json exists for the MCP registry and tracks the package version (0.3055ms)
✔ F4: npm metadata carries the category keywords for the next publish (0.1605ms)
✔ F8: the case study is a real built page, not stranded markdown (0.19975ms)
✔ F6d: the Search Console ownership proof rides the shared head — dropping it would silently unverify the property (0.129417ms)
✔ F1b: repo About settings are code — the workflow applies what the JSON declares (0.946333ms)
✔ F1: the zero-code operator actions are written down where the operator will find them (0.679916ms)
✔ unterminated quotes tokenize in linear time, not exponential (3.252708ms)
✔ string collapsing semantics are unchanged (0.44525ms)
✔ fresh stamp + matching version -> the parsed doc (1.499083ms)
✔ version mismatch -> null (stale schema never served) (0.63625ms)
✔ stale mtime -> null (0.597666ms)
✔ stale size -> null (0.534625ms)
✔ graph rewritten after the sidecar stamped it -> null (1.103583ms)
✔ missing stamp, missing sidecar, malformed JSON, missing graph -> null, never throws (2.732792ms)
✔ writeSidecars is byte-identical to the individual builders the old build-report block ran (386.249042ms)
✔ the trio shares ONE stamp === statSync(graph.json), and all three loaders return non-null (3.2635ms)
✔ similar-index is REBUILT when meta.root is readable (4.600125ms)
✔ similar-index is REMOVED when meta.root is absent (brief + index-lite still written) (3.419042ms)
✔ similar-index is REMOVED when meta.root is set but gone from disk (1.655917ms)
✔ crash-window: a graph rewritten after the sidecars leaves only stamp-MISMATCHED sidecars (all loaders null) (3.857667ms)
✔ after a refresh, session-brief preview() is byte-identical from the sidecar path and the graph path (565.069125ms)
/Library/Developer/CommandLineTools/usr/bin/ctags: illegal option -- -
usage: ctags [-BFTaduwvx] [-f tagsfile] file ...
/Library/Developer/CommandLineTools/usr/bin/ctags: illegal option -- -
usage: ctags [-BFTaduwvx] [-f tagsfile] file ...
/Library/Developer/CommandLineTools/usr/bin/ctags: illegal option -- -
usage: ctags [-BFTaduwvx] [-f tagsfile] file ...
/Library/Developer/CommandLineTools/usr/bin/ctags: illegal option -- -
usage: ctags [-BFTaduwvx] [-f tagsfile] file ...
/Library/Developer/CommandLineTools/usr/bin/ctags: illegal option -- -
usage: ctags [-BFTaduwvx] [-f tagsfile] file ...
/Library/Developer/CommandLineTools/usr/bin/ctags: illegal option -- -
usage: ctags [-BFTaduwvx] [-f tagsfile] file ...
/Library/Developer/CommandLineTools/usr/bin/ctags: illegal option -- -
usage: ctags [-BFTaduwvx] [-f tagsfile] file ...
/Library/Developer/CommandLineTools/usr/bin/ctags: illegal option -- -
usage: ctags [-BFTaduwvx] [-f tagsfile] file ...
/Library/Developer/CommandLineTools/usr/bin/ctags: illegal option -- -
usage: ctags [-BFTaduwvx] [-f tagsfile] file ...
/Library/Developer/CommandLineTools/usr/bin/ctags: illegal option -- -
usage: ctags [-BFTaduwvx] [-f tagsfile] file ...
/Library/Developer/CommandLineTools/usr/bin/ctags: illegal option -- -
usage: ctags [-BFTaduwvx] [-f tagsfile] file ...
/Library/Developer/CommandLineTools/usr/bin/ctags: illegal option -- -
usage: ctags [-BFTaduwvx] [-f tagsfile] file ...
/Library/Developer/CommandLineTools/usr/bin/ctags: illegal option -- -
usage: ctags [-BFTaduwvx] [-f tagsfile] file ...
/Library/Developer/CommandLineTools/usr/bin/ctags: illegal option -- -
usage: ctags [-BFTaduwvx] [-f tagsfile] file ...
/Library/Developer/CommandLineTools/usr/bin/ctags: illegal option -- -
usage: ctags [-BFTaduwvx] [-f tagsfile] file ...
/Library/Developer/CommandLineTools/usr/bin/ctags: illegal option -- -
usage: ctags [-BFTaduwvx] [-f tagsfile] file ...
/Library/Developer/CommandLineTools/usr/bin/ctags: illegal option -- -
usage: ctags [-BFTaduwvx] [-f tagsfile] file ...
/Library/Developer/CommandLineTools/usr/bin/ctags: illegal option -- -
usage: ctags [-BFTaduwvx] [-f tagsfile] file ...
/Library/Developer/CommandLineTools/usr/bin/ctags: illegal option -- -
usage: ctags [-BFTaduwvx] [-f tagsfile] file ...
/Library/Developer/CommandLineTools/usr/bin/ctags: illegal option -- -
usage: ctags [-BFTaduwvx] [-f tagsfile] file ...
/Library/Developer/CommandLineTools/usr/bin/ctags: illegal option -- -
usage: ctags [-BFTaduwvx] [-f tagsfile] file ...
/Library/Developer/CommandLineTools/usr/bin/ctags: illegal option -- -
usage: ctags [-BFTaduwvx] [-f tagsfile] file ...
/Library/Developer/CommandLineTools/usr/bin/ctags: illegal option -- -
usage: ctags [-BFTaduwvx] [-f tagsfile] file ...
/Library/Developer/CommandLineTools/usr/bin/ctags: illegal option -- -
usage: ctags [-BFTaduwvx] [-f tagsfile] file ...
/Library/Developer/CommandLineTools/usr/bin/ctags: illegal option -- -
usage: ctags [-BFTaduwvx] [-f tagsfile] file ...
/Library/Developer/CommandLineTools/usr/bin/ctags: illegal option -- -
usage: ctags [-BFTaduwvx] [-f tagsfile] file ...
/Library/Developer/CommandLineTools/usr/bin/ctags: illegal option -- -
usage: ctags [-BFTaduwvx] [-f tagsfile] file ...
✔ SIG-FIDELITY: extracted params match an independent inline parser over random decls (1271.001ms)
✔ SIG-NULL-SAFE: multi-line + paren-less + no-paren decls yield signature null (56.425166ms)
✔ SC2: return annotation captured for TS and Python (48.352083ms)
✔ SIG-CONTEXT-PACK: context-pack callees include the node signature (no drift) (56.05025ms)
✔ SC2: projected has gate shape and ok === (no new cycles && no lost callers) (44.439209ms)
✔ SE-FAITHFUL: tool matches the oracle + ok invariant holds — delete (30 cases) (1457.990875ms)
✔ SE-FAITHFUL: tool matches the oracle + ok invariant holds — merge (30 cases) (1530.74825ms)
✔ SE-FAITHFUL: tool matches the oracle + ok invariant holds — move (30 cases) (1411.241709ms)
✔ SE-FAITHFUL: tool matches the oracle across mixed random ops (60 cases) (2387.300292ms)
✔ SE-PURE: the input graph file is byte-identical after a run (35.853584ms)
✔ H4: --into defaults to the smallest resolved id when omitted (44.017291ms)
✔ SE-DETERMINISTIC: same input -> identical stdout (75.628584ms)
✔ SE-OPTIMIZE-AGREE: simulate-edit --merge and optimize.mjs project the SAME newCycles for a finding (76.701542ms)
✔ SC4: unknown symbol -> exit 1; missing op -> exit 2 (74.610417ms)
✔ --out redirects the whole build (125.306334ms)
✔ builder runs and reports the expected page count (116.089084ms)
✔ emits every page in the information architecture (158.367209ms)
✔ output is deterministic — byte-stable across consecutive builds (260.109625ms)
✔ no unfilled template placeholders remain (124.78425ms)
✔ no "undefined" ever renders into a page, and every tool card has a description (132.932167ms)
✔ every page links the shared stylesheet and sets a canonical URL (129.155583ms)
✔ footer version is in lock-step with package.json (144.243ms)
✔ pages are self-contained — no third-party network origins (125.082292ms)
✔ downloads dashboard uses the full package history and excludes incomplete recent days (122.678958ms)
✔ SKL-RENAME-INVARIANT: a consistent identifier rename yields an identical skeleton (sim 1) (16.030792ms)
✔ SKL-LITERAL-NORMALIZED: changing only literal values leaves the skeleton equal (0.102542ms)
✔ SKL-STRUCTURE-SENSITIVE: changing control flow changes the skeleton (does not saturate to 1) (0.115125ms)
✔ SKL-STRUCTURE-SENSITIVE (prop): inserting one extra if-block changes the skeleton (sim < 1) (6.645291ms)
✔ SKL-OPERATOR-SENSITIVE: operator identity survives normalization (+ vs *, && vs ||) (0.103083ms)
✔ SKL-KEYWORDS-PRESERVED: keywords survive normalization (control flow is visible) (0.157083ms)
✔ SKL-DETERMINISTIC: same source -> same skeleton + shingles (3.321625ms)
✔ SKL-DISTINGUISHES-UNRELATED: structurally different bodies are not near-1 (0.080541ms)
✔ SP-1: a spread call `...metrics(ws)` edges to the same-file callee (96.344916ms)
✔ SP-2: IIFE initializers are not function nodes; real arrows still are (1.496084ms)
✔ SP-3: self-map dogfood — trend.mjs:metrics has a caller; PERM_SEEDS is no node (120.917916ms)
✔ S1: identical fragment -> all four stages reused, outputs equal a --full rerun (mod generatedAt) (981.595666ms)
✔ S2: a source edit invalidates the memo (788.668709ms)
✔ S3: a missing output invalidates the memo and is restored (741.294958ms)
✔ S4: a CODEWEB_* lever change invalidates the memo (708.481666ms)
✔ S5: byte-tampered-but-parseable graph.json forces recompute (content hash, not a parse) (700.279833ms)
✔ S6: a tampered report.md forces recompute (the four non-graph outputs are guarded too) (589.018958ms)
✔ S7: --stages through-overlap computes through overlap, skips report + memo, never poisons a full run (642.115375ms)
✔ S8: --stages with an unknown phase exits 2 (no silent typo path) (41.813917ms)
✔ stats lib: bump accumulates monthly, opt-out is a true no-op, receipt line renders (97.136791ms)
✔ writers: the pre-edit hook and the MCP server put real events on the ledger (334.997584ms)
✔ empty ledger: the receipt says how counters accrue instead of showing nothing (151.667292ms)
✔ receipt survives the month boundary (lifetime) and the brief nudges on a stale map (173.998125ms)
✔ #10: CLI queries count toward the receipt (queriesServed bumps beside the graph) (163.336916ms)
✔ query --orphans --json: >64KB piped output arrives complete and parses (71.2045ms)
✔ deadcode --json: >64KB piped output arrives complete and parses (90.117708ms)
✔ deadcode text mode: >64KB piped output arrives complete (77.744333ms)
✔ F6-STRUCTURAL-FIND: --structural ranks a renamed clone higher than lexical does (115.013917ms)
✔ F7-SUPPRESS: annotate a deadcode finding -> deadcode hides + counts it; --show-suppressed reveals (191.985042ms)
✔ F7-DEST: annotate in an unmapped cwd exits 2 with the no-map message and creates nothing (169.311083ms)
✔ F7-RESURFACE: changing the orphan id changes its fingerprint -> not silently suppressed (152.366459ms)
✔ S1 query miss exits 1 and suggests the near-match + concept search (52.377834ms)
✔ S2 query miss --json carries hint + ranked suggestions with full ids (52.493125ms)
✔ S3 suggestions are bounded (max 3) and deterministic (104.131667ms)
✔ S4 a hopeless miss still gets the hint, without fabricated suggestions (64.52825ms)
✔ S5 explain miss carries the same hint + suggestions (59.307541ms)
✔ S6 context-pack miss names the near-match in its error (56.732166ms)
/Library/Developer/CommandLineTools/usr/bin/ctags: illegal option -- -
usage: ctags [-BFTaduwvx] [-f tagsfile] file ...
/Library/Developer/CommandLineTools/usr/bin/ctags: illegal option -- -
usage: ctags [-BFTaduwvx] [-f tagsfile] file ...
/Library/Developer/CommandLineTools/usr/bin/ctags: illegal option -- -
usage: ctags [-BFTaduwvx] [-f tagsfile] file ...
/Library/Developer/CommandLineTools/usr/bin/ctags: illegal option -- -
usage: ctags [-BFTaduwvx] [-f tagsfile] file ...
/Library/Developer/CommandLineTools/usr/bin/ctags: illegal option -- -
usage: ctags [-BFTaduwvx] [-f tagsfile] file ...
/Library/Developer/CommandLineTools/usr/bin/ctags: illegal option -- -
usage: ctags [-BFTaduwvx] [-f tagsfile] file ...
/Library/Developer/CommandLineTools/usr/bin/ctags: illegal option -- -
usage: ctags [-BFTaduwvx] [-f tagsfile] file ...
/Library/Developer/CommandLineTools/usr/bin/ctags: illegal option -- -
usage: ctags [-BFTaduwvx] [-f tagsfile] file ...
/Library/Developer/CommandLineTools/usr/bin/ctags: illegal option -- -
usage: ctags [-BFTaduwvx] [-f tagsfile] file ...
/Library/Developer/CommandLineTools/usr/bin/ctags: illegal option -- -
usage: ctags [-BFTaduwvx] [-f tagsfile] file ...
/Library/Developer/CommandLineTools/usr/bin/ctags: illegal option -- -
usage: ctags [-BFTaduwvx] [-f tagsfile] file ...
/Library/Developer/CommandLineTools/usr/bin/ctags: illegal option -- -
usage: ctags [-BFTaduwvx] [-f tagsfile] file ...
/Library/Developer/CommandLineTools/usr/bin/ctags: illegal option -- -
usage: ctags [-BFTaduwvx] [-f tagsfile] file ...
/Library/Developer/CommandLineTools/usr/bin/ctags: illegal option -- -
usage: ctags [-BFTaduwvx] [-f tagsfile] file ...
/Library/Developer/CommandLineTools/usr/bin/ctags: illegal option -- -
usage: ctags [-BFTaduwvx] [-f tagsfile] file ...
/Library/Developer/CommandLineTools/usr/bin/ctags: illegal option -- -
usage: ctags [-BFTaduwvx] [-f tagsfile] file ...
/Library/Developer/CommandLineTools/usr/bin/ctags: illegal option -- -
usage: ctags [-BFTaduwvx] [-f tagsfile] file ...
/Library/Developer/CommandLineTools/usr/bin/ctags: illegal option -- -
usage: ctags [-BFTaduwvx] [-f tagsfile] file ...
/Library/Developer/CommandLineTools/usr/bin/ctags: illegal option -- -
usage: ctags [-BFTaduwvx] [-f tagsfile] file ...
/Library/Developer/CommandLineTools/usr/bin/ctags: illegal option -- -
usage: ctags [-BFTaduwvx] [-f tagsfile] file ...
/Library/Developer/CommandLineTools/usr/bin/ctags: illegal option -- -
usage: ctags [-BFTaduwvx] [-f tagsfile] file ...
/Library/Developer/CommandLineTools/usr/bin/ctags: illegal option -- -
usage: ctags [-BFTaduwvx] [-f tagsfile] file ...
/Library/Developer/CommandLineTools/usr/bin/ctags: illegal option -- -
usage: ctags [-BFTaduwvx] [-f tagsfile] file ...
/Library/Developer/CommandLineTools/usr/bin/ctags: illegal option -- -
usage: ctags [-BFTaduwvx] [-f tagsfile] file ...
✔ TE-PRECISION: test-edge targets == independent scan of test-file references (15 cases) (792.224791ms)
✔ TE-PRESERVE: no call/import edge from a test-file node to a prod symbol (56.622125ms)
✔ TE-QUERY-COMPLETE: --tests X == raw test-edge in-neighbors (95.409542ms)
✔ SC3: test edges do not count as callers/imports (orphan + callers contract) (101.758167ms)
✔ TE-ANON: anonymous test callback edges <module> -> prod:foo as a test edge (39.744084ms)
✔ TE-DESTRUCTURE: destructuring-param fn owns its body call and stays in impactOf (94.518584ms)
✔ JM-COMMENT: calls inside // and /* */ comments produce no call edge (45.713166ms)
✔ JM-STRING: // inside a string does not blank the rest of the line (36.643291ms)
✔ JM-TEMPLATE: call inside ${} interpolation still edges (40.596292ms)
✔ RX-RENAME: call via `export {x as y} from` barrel edges to impl:x (97.118417ms)
✔ RX-CHAIN: re-export through two barrels resolves transitively (45.629208ms)
✔ the no-progress guard is present in the shipped template (cannot silently regress out) (0.397333ms)
✔ a dominant final item terminates instead of overflowing the stack (0.191083ms)
✔ all-zero values terminate and still fully tile (no NaN from /0) (0.07675ms)
✔ large uniform input (the .live-scale case) terminates (1.067041ms)
✔ areas are proportional to value and tile the box exactly (0.179875ms)
✔ degenerate single and empty inputs are handled (0.583916ms)
✔ trend renders body-confirmed duplication across snapshots (oldest -> newest) (56.948333ms)
✔ trend --json emits structured per-snapshot metrics (52.722208ms)
✔ trend with no input exits 2 (usage) (45.915708ms)
✔ trend --git charts duplication rising across real commits (1195.970333ms)
✔ trend --git reused-ws belt: a failed middle commit is zeroed; neighbors stay correctly attributed (1305.202625ms)
✔ loadTsEngine returns null OR a {cyclomaticExact, version} engine — never throws (0.53325ms)
✔ cyclomaticExact: no decisions → 1 (3.37675ms)
✔ cyclomaticExact: if + && → 3 (0.562084ms)
✔ cyclomaticExact: switch cases + catch → 4 (0.517917ms)
✔ cyclomaticExact: loops + nullish → 4 (0.292541ms)
✔ precision: optional param `?:` is not a ternary (0.565542ms)
✔ precision: `.catch(` is a Promise method, not try/catch (0.175542ms)
✔ precision: logic inside a template interpolation is real branching (0.346958ms)
✔ determinism: identical input → identical value (0.341917ms)
✔ always >= 1, and empty/garbage input does not throw (0.422458ms)
✔ extractJsTs: method ids are class-qualified (file:Class.method), labels stay bare (1.831041ms)
✔ extractJsTs: this.m() + typed-receiver dispatch resolve to qualified method ids (0.658083ms)
✔ extractJsTs: deterministic across runs (1.121541ms)
✔ extractJsTs: garbage input never throws (graceful per-file fallback signal) (0.157542ms)
✔ L-MEM: every parser.parse site in ts-engine.mjs frees its tree (0.208625ms)
✔ T1+T2: reordered statements pair as a near-miss clone, REVIEW-only (440.260125ms)
✔ T3: structurally different bodies of similar length do not pair (391.408584ms)
✔ T4: small bodies never fingerprint (exact-clone territory stays Signal A) (396.393875ms)
✔ T5: regex engine -> no fingerprints, no near-miss findings (336.021416ms)
✔ T6: determinism — same source, two workspaces, byte-identical graphs (mod generatedAt) (796.115416ms)
✔ the gate comment carries the org-dashboard line in its footer, beside the attribution (1.067791ms)
✔ the gate comment keeps its attribution footer when the upgrade line is suppressed (0.134875ms)
✔ a caller rendering its own dashboard link can turn the upgrade line off (0.05525ms)
✔ the trend nudge fires at 5 snapshots and stays silent at 4 (172.802042ms)
✔ the trend nudge is exactly one line, printed once, after the table (89.766583ms)
✔ trend --json stays pure JSON at any snapshot count (143.480917ms)
✔ both documented levers suppress the trend nudge at 5 snapshots (92.02275ms)
✔ placementsSuppressed reads the environment at call time, and only on "1" (0.13025ms)
✔ the shared report artifact keeps its attribution footer (0.59975ms)
✔ no placement string reaches any unsanctioned script, hook, or bin entry (4.753458ms)
✔ the sweep actually covers the three anti-placement surfaces (0.883667ms)
✔ behavioral: an MCP tool response carries no placement (70.362375ms)
✔ behavioral: error paths carry no placement (274.4705ms)
✔ the charter records which surfaces may carry an upgrade line, and which may never (0.468667ms)
✔ the suppression lever is documented where every other environment knob is (0.182709ms)
✔ lens-core: callers count reverse call edges only; blast is the impact closure (0.80525ms)
✔ lens-core: inherit edges make subclasses part of the blast (0.070625ms)
✔ lens-core: minCallers hides sub-threshold symbols; unknown file yields no lenses (0.084833ms)
✔ lens-core: blastOf uses the pointer-index walk, not shift()/spread-merge (#38 shape) (0.246583ms)
✔ lens-core: full-file pass scales ~linearly (2N pass ≈ 2× the N pass) (#38) (446.125459ms)
✔ lens-core: the linear-scaling estimator still fails a quadratic pass (#38 able-to-fail) (153.511667ms)
✔ lens-core: memo carry === cold rebuild for every id across randomized edge+node mutations (#38) (64.441166ms)
✔ lens-core: memo carry reuses untouched ids and drops affected ones (#38 counting) (0.178708ms)
✔ extension: selector covers all 13 native languages and wires the watcher + refresh (0.521667ms)
✔ extension: activation is graph-gated (workspaceContains) with onCommand fallbacks, no onStartupFinished (#38) (0.268ms)
✔ release.yml: publish needs the test job — no publish path skips the suite (0.560875ms)
✔ release.yml: dispatched refs must be ancestors of origin/main, checked before tag creation (0.093708ms)
✔ release.yml: vsce is exact-pinned, never @latest, and no Marketplace publish exists (0.12525ms)
✔ ci.yml: the test job runs an os x node matrix (0.04425ms)
✔ every actions/setup-node block across all three workflows enables the npm cache (0.200417ms)
✔ ci.yml: post-install AST probe + skip ceiling — an install hiccup cannot green-skip the AST tier (0.048167ms)
✔ ci.yml: a no-optional-deps job exercises the regex fallback for real (0.051875ms)
✔ codeweb-gate.yml: the structural self-gate installs deps (AST-aware, not regex-blind) (0.036541ms)
✔ ci.yml: committed docs/ is gated fresh after the site build (0.060584ms)
ℹ tests 1140
ℹ suites 0
ℹ pass 1133
ℹ fail 0
ℹ cancelled 0
ℹ skipped 7
ℹ todo 0
ℹ duration_ms 27648.4365
== 4/5 consistency ==
check-consistency: OK — v0.14.0, 28 tools, all surfaces aligned.
== 5/5 evals ==
ok    cli-help
ok    example-upper
ok    mcp-initialize
ok    mcp-tools-list
ok    query-help
evals: all 5 case(s) passed
ALL CHECKS PASSED
