== 1/5 spec lint ==
OK  SPEC.md: 18 live AC(s), 18 built and test-pinned
== 2/5 harness tests ==
----------------------------------------------------------------------
Ran 30 tests in 3.937s

OK
== 3/5 product tests ==

> @ghostlygawd/codeweb@0.14.0 test
> node --test "tests/**/*.test.mjs"

✔ cleanup marker (1.278416ms)
✔ accessors (regex tier): getter keeps the bare id, setter gets @5 (99.88225ms)
✔ decl lines (regex tier): no class -> own-member phantom callers; setter call attributes to @5 (0.120125ms)
✔ module-level overload stubs (regex tier): stubs get @line ids; no <module> or self fabrication (0.09075ms)
✔ accessors (ast tier): getter keeps the bare id, setter gets @5 (114.446042ms)
✔ decl lines (ast tier): no class -> own-member phantom callers; setter call attributes to @5 (0.062458ms)
✔ module-level overload stubs (ast tier): stubs get @line ids; no <module> or self fabrication (0.08375ms)
✔ A/B: both tiers emit the identical id set for the accessor fixture (0.432083ms)
✔ regex method matcher probes: describe() never matches; it(...) noise is pre-existing; if dies in KEYWORDS (1.828083ms)
✔ teardown (0.481ms)
✔ acquisition ledger parser keeps valid npm snapshots, de-duplicates dates, and skips torn rows (9.273375ms)
✔ npm range parser keeps valid daily values, de-duplicates dates, and skips invalid rows (0.156917ms)
✔ acquisition SVG is a mobile-readable line chart with honest source and cutoff metadata (5.464ms)
✔ README puts the generated npm trend in the opening proof section (0.275291ms)
✔ proof-strip claims carry existing evidence paths and obey the brand shape rule (0.202875ms)
✔ every value-setting codeweb-ref: example pins the shipped release tag (17.369042ms)
✔ the codeweb-ref input declaration lives only in action.yml, and still defaults to main (7.220917ms)
✔ every codeweb-gate@ usage example pins a release tag, never @main (6.108709ms)
✔ the pinned tag is a released version, not an unreleased bump (0.194042ms)
✔ the doc pins are version-synced, so a release cannot leave them behind (0.149583ms)
✔ the ledger records gateReposExternal and surfaces WHY when it cannot (0.196792ms)
✔ the ledger accepts an operator-supplied search credential, gated like every other secret (0.066458ms)
✔ the newest ledger row carries the gateReposExternal field (1.721625ms)
✔ ac_12: every agent-path engine value (hybrid|tools|read) labels the brief payload (1.538042ms)
✔ ac_12: deterministic-pipeline engines (ctags|regex) carry no agent label (0.177375ms)
✔ ac_12: the rendered brief (session-start injection) says the provenance out loud (0.531833ms)
✔ ac_12: the fallback schema documents meta.engine as the provenance label (0.188375ms)
✔ FPR-STABLE: fingerprint ignores order / title / severity / evidence — only kind + symbol set (0.643334ms)
✔ FPR-STABLE (prop): fingerprint is deterministic and order-independent over random findings (3.169291ms)
✔ FPR-DISTINGUISHES: different kind or different node-set -> different fingerprint (0.107875ms)
✔ ANN-SUPPRESS-EXACT: applySuppressions removes exactly the matching findings; counts partition (0.164208ms)
✔ ANN-IDENTITY-CHANGE-RESURFACES: changing an implicated symbol id un-suppresses the finding (0.073708ms)
✔ ANN-KIND-JOINT: suppression keys on kind AND nodes — a different-kind finding over the same nodes stays visible (0.382917ms)
✔ ANN-EMPTY/ABSENT: no annotations file -> everything visible, none suppressed (0.351125ms)
✔ ANN-PERSIST-IDEMPOTENT: addSuppression writes .codeweb/annotations.json; twice -> one entry (0.811125ms)
✔ ANN-E2E-ROUNDTRIP: annotate writes where deadcode reads by default (557.727292ms)
✔ AE-IMMUTABLE: applyEdit never mutates its argument (4.512375ms)
✔ AE-DELETE: removes exactly the named nodes and every edge touching them (0.428ms)
✔ AE-MERGE: drops non-canonical copies, redirects in AND out edges, drops self-loops, de-dups (0.090208ms)
✔ AE-MERGE: a pre-existing self-call on a copy stays a self-loop and is dropped (0.062459ms)
✔ AE-MOVE: changes only the target node file; nothing else (0.075542ms)
✔ SE-FAITHFUL (core): applyEdit agrees with independent naiveApply under structuralRegressions (20.832042ms)
✔ SE-DELETE-NO-NEW-COUPLING: every after-cycle is contained in some before-cycle (4.094708ms)
✔ atomicWrite: target parses, no temp sibling remains (1.614417ms)
✔ finding #42: stats + annotations writers are crash-safe (parse, no temp sibling, formatting kept) (4.6235ms)
✔ a corrupt graph.json is recomputed on re-map, not "stages reused"; intact workspaces still reuse (943.412166ms)
✔ staleness: an edited source file annotates query results until refresh (233.873167ms)
✔ pre-edit hook: one-line advisory for a mapped, depended-on file; silent otherwise (112.267083ms)
✔ ambient loop: the pre-edit hook injects the explain card, not just a pointer (99.170917ms)
✔ ambient loop: MCP auto-refresh heals a stale graph in the BACKGROUND (finding 19) (383.446667ms)
✔ pre-edit hook envelope: additionalContext only — never a permissionDecision (145.281792ms)
✔ B1+B4: sections present, session valid, corpus skip explicit (3566.198417ms)
✔ B2: a lowered budget fails the gate by name; real budgets pass (7020.643833ms)
✔ B2b: a toy fixture is unmeasurable however slow the machine is (the stage budgets stay off) (3530.773208ms)
✔ B5: --check enforces the budgets without rewriting the receipt (8640.513ms)
✔ B3: claims audit fails on a missing source and passes on the real tree (1.407041ms)
✔ bench: cost-only mode without a compiler oracle (graceful degradation) (236.591459ms)
﹣ bench: compiler-graded mode on a TS fixture (0.094584ms) # typescript not resolvable (set TS_MODULE to enable)
✔ bench: text summary is the default surface (238.737083ms)
✔ the boundary page ships as a source page AND as committed built output (0.516958ms)
✔ the boundary page states the free half in the ratified words (0.276083ms)
✔ the boundary page states the paid half — what money buys, and what it never breaks (0.222583ms)
✔ the pricing page ships as a source page AND as committed built output (0.057292ms)
✔ the pricing page carries the price, the seat definition, and the flat-unlimited framing (0.196625ms)
✔ the price is published as ratified INTENT, not as a live offer (0.114083ms)
✔ the pricing page carries a Teams sign-up rail pointing at the real App install flow (0.220417ms)
✔ the pricing page still separates the live install from the not-yet-live price (1.210417ms)
✔ the rival contrast names no competitor — category framing only (0.703292ms)
✔ the category price anchor cites the in-repo scan that recorded it (1.4565ms)
✔ no unreceipted number appears in the authored boundary/pricing copy (1.166458ms)
✔ both pages are registered in the PAGES table as listed pages (0.2485ms)
✔ both pages are in the committed sitemap (0.087708ms)
✔ the homepage nav reaches both pages, and the links resolve in docs/ (0.12375ms)
✔ the consistency sweeps cover both new pages (0.085ms)
✔ C8: SPEC.md no longer gates the Teams tier behind the distribution trigger (0.135583ms)
✔ C8: docs/ROADMAP.md no longer parks the Teams build or the boundary statement (0.988ms)
✔ C8: the charter records the contradiction as resolved, not still-open drift (0.189083ms)
✔ B1: report template and site tokens carry the same core palette values (0.632833ms)
✔ B2: report template stays square, mono, and dark-by-default (0.201792ms)
✔ B3: docs/demo/index.html embeds the current report template (style + script parity) (0.693ms)
✔ B4: no retired palette hex or rgba survives on an authored brand surface (6.164958ms)
✔ B5: brand SVGs are square-language (no circles, ellipses, or rounded rects); injected nav has no pills (1.468958ms)
✔ B6: assets/screens were re-verified after the last report-template change (stamp matches) (0.544875ms)
✔ B7: every "N symbols … M domains" and "N callers" caption matches docs/demo/axios.graph.json (1.569708ms)
✔ B8: no dead image references in README or site content (1.537416ms)
✔ B9: terminal replay is evidence-backed, sanitized, and placed in the quickstart (1.464416ms)
✔ CB-CHEAP/NO-FABRICATE/VERIFIED over random 2-cycles (40 cases) (1938.531916ms)
✔ CB-ADVERSARIAL: the cheaper of two working cuts is chosen (54.14125ms)
✔ CB-3RING: cheapest verified cut on random 3-file rings (20 cases) (991.873375ms)
✔ CB-COVERS: an acyclic graph yields zero cycle proposals (49.461792ms)
✔ CB-DETERMINISTIC: identical input -> identical stdout (128.371916ms)
✔ CB-PSEUDO-EQ: cheapestCuts ≡ whole-graph oracle over 150 seeded all-kind cyclic graphs (incl. ref-closed + duplicates) (10.309791ms)
✔ CB-REF-ALIVE: given a call+ref pair, when its structural cut is tried, then the cycle survives and the next candidate is chosen (0.385792ms)
✔ brief: one page with counts, load-bearing symbols, tests, and findings (215.283583ms)
✔ session-brief hook: injects the briefing in a mapped repo, silent otherwise (109.316667ms)
✔ brief over MCP: 24th tool, served in-process, staleness-annotated shape (154.424ms)
✔ BR-SIDECAR: hook output identical with, without, and with a stale brief.json (389.55025ms)
✔ unmapped repo with source gets ONE nudge; stamped and source-less dirs stay silent (139.096333ms)
✔ build-report does not embed the absolute local path (meta.root) in report.html (54.217208ms)
✔ two identical runs produce byte-identical report.html and (with SOURCE_DATE_EPOCH) graph.json (184.831291ms)
✔ report.html embed strips unread node/edge fields; graph.json keeps them (#36) (55.386958ms)
✔ report carries og metadata, the pipeline-findings renderer, and the shareable-hash machinery (53.999791ms)
✔ report ships light+print themes, focus-visible parity, ARIA tab wiring, and no blocking prompt (0.419625ms)
✔ CF-SHAPE: v16 entries hold interned edges and NO syms; warm no-change replays byte-identically (178.607625ms)
✔ CF-HASH-HIT: touched-but-unchanged file replays the full product set without a re-scan (335.342167ms)
✔ CF-MIGRATE: a stale-version cache (planted poison) is discarded — cold rebuild, byte-equal to no-cache, cache rewritten at the live version (293.470708ms)
✔ CF-NEST-FLIP: nesting a fallback target invalidates its consumers, warm stays byte-equal to cold (278.72075ms)
✔ CF-SKIP-WRITE: an unchanged fragment is not rewritten (mtime stable), a changed one is (261.082584ms)
/Library/Developer/CommandLineTools/usr/bin/ctags: illegal option -- -
usage: ctags [-BFTaduwvx] [-f tagsfile] file ...
✔ map + post-edit hook + refresh share ONE cache file, and warm runs ride it (633.939ms)
✔ X.member.call(...) resolves to the underlying function (39.939709ms)
✔ X.member.apply(...) resolves to the underlying function (14.432291ms)
✔ PRECISION: a param obj.member.call() fabricates no edge (20.769583ms)
✔ CMP-GREEN-CHAIN: applying the plan in order introduces no file cycle absent at the start (25.053667ms)
✔ CMP-INCLUDES-MERGES: emitted merges are real opportunities; not all merges are dropped (13.245125ms)
✔ CMP-ORDER: cuts precede deletes precede merges; within a phase ROI is non-increasing (3.579417ms)
✔ CMP-MONOTONE-DELTAS: cumulative locReclaimed AND cyclesBroken non-decreasing; totals == sum (2.808125ms)
✔ CMP-BUDGET: --budget N yields the first-N prefix of the full ordered plan, at several lengths (14.19425ms)
✔ CMP-EMPTY + CMP-DETERMINISTIC: clean graph -> empty plan; deterministic incl. shuffled input (0.367541ms)
✔ CMP-CLI: campaign.mjs --json composes all three advisors — a delete AND a merge appear (99.837666ms)
✔ CMP-CONCURRENT-STABLE: campaign --json is byte-stable + banner-clean on a cycles+dups+orphans fixture (233.503792ms)
✔ CMP-DELETE-ROI: delete steps rank and project by the deadcode `loc` field (0.701292ms)
✔ CMP-DELTA-EQUIV: simulator-chained plan == historical clone-chain plan (120 cases) (15.475167ms)
✔ B1: edits touching card-named caller files count once each; the card set is consumed (503.670791ms)
✔ B2: the card's own subject file never counts as following the advice (279.606584ms)
✔ B3: a new card replaces the pending set; B4: opt-out records nothing (354.336959ms)
✔ A1: non-goal 5 is struck — the distribution trigger no longer gates the Teams build (0.606ms)
✔ A1 does not loosen non-goal 4 — the local product still takes no accounts or telemetry (0.099958ms)
✔ A2: non-goal 8 is amended, not struck, and names the second trusted source (0.123125ms)
✔ A3: the boundary section states the rule, where billing lives, and the price intent (0.169584ms)
✔ A4: non-goal 6 stands live and its reaffirmation is on the record (0.093167ms)
✔ every 2026-08-17/18 amendment is indexed, dated, and attributed (0.22375ms)
✔ the open-questions discipline survives the amendment (0.1025ms)
✔ the ratified job line is untouched by the amendment (0.075125ms)
✔ CH1: counts commits per file, window-bounded, cached by HEAD (528.326625ms)
✔ CH2: not a git repo -> {} (advisors degrade to churn-less ranking) (53.673ms)
✔ ci-gate fails (exit 1) when the working tree introduces a new duplication (1332.036583ms)
✔ ci-gate passes (exit 0) when the working tree matches base (1407.057333ms)
✔ ac_13: ci-gate --md carries real duplication evidence and commit-pinned subdirectory links without changing the verdict (1649.081458ms)
✔ ac_13: dirty source locations stay plain text for untracked, modified and staged files (4677.863167ms)
✔ ci-gate without --base exits 2 (usage) (53.280459ms)
✔ ci-gate exits 2 (not a crash) when the base ref cannot be resolved (932.729125ms)
✔ the composite action ships the sticky-comment reviewer, opt-in and fork-safe (0.311917ms)
✔ a static-method call on an imported class refs the CLASS (and still calls the method) (40.623083ms)
✔ instanceof on an imported class refs the CLASS (23.246ms)
✔ construction still produces a call edge to the class (19.1565ms)
✔ PRECISION: an object-default member access creates NO class ref (18.4405ms)
✔ DEPENDENTS: --dependents of the class unions the ref users, with a ref byKind breakdown (68.739083ms)
✔ F1 run.mjs --help prints usage and exits 0 (it used to error "target not found: --help") (52.111834ms)
✔ F2 run.mjs rejects an unknown flag with usage, exit 2 (48.456708ms)
✔ F3 run.mjs with no target maps the cwd — a sourceless cwd is refused by the guard, not usage (149.300334ms)
✔ F4 every USAGE-bearing CLI answers --help with exit 0 (1182.384375ms)
✔ F5 graph auto-discovery: bare query works from inside a mapped repo, and says which graph it used (65.604ms)
✔ F6 bare stats works from a mapped repo (the README-advertised invocation) (50.368333ms)
✔ F7 outside any mapped repo, bare query still dies with usage (exit 2) (53.887125ms)
✔ F8 build-report IO failures use exit 2 per the convention (49.341958ms)
✔ F9 run.mjs success points the user at the report (414.118333ms)
✔ F10 context-pack works with a bare symbol from a mapped repo (58.6985ms)
✔ API F7: refresh, fitness, placement, codemod discover the graph via the walk-up (374.207ms)
✔ API F7: unmapped, the four die with the shared usage naming CODEWEB_WS (exit 2) (209.064583ms)
✔ explain.mjs rejects an unknown flag with usage, exit 2 (was: --jsno silently ignored -> exit 0) (54.849416ms)
✔ diff.mjs rejects an unknown flag with usage, exit 2 (was: bogus flag silently ignored -> exit 0) (47.047875ms)
✔ brief/stats/coverage reject an unknown flag with usage, exit 2 (one policy) (151.786583ms)
✔ bench-ts-engine.mjs rejects an unknown flag with usage, exit 2 (was: swallowed into the target positional -> exit 1 "target not found") (45.402083ms)
✔ explain.mjs: --json still parses, positionals resolve (graph + symbol -> found) (53.685166ms)
✔ diff.mjs: --json still parses, positionals resolve (before + after -> no regressions) (48.770833ms)
✔ --help still prints usage and exits 0 on every converted front door (273.481417ms)
✔ coach: did-you-mean on a near-miss flag, silence on a far one (91.639125ms)
✔ coach: --flag=value parses for value flags and bool switches take =false (118.688375ms)
✔ coach: unmapped directory gets cause + remedy, usage appended (ERRORS R1) (52.56825ms)
✔ default de-hub (indeg>=12) keeps hooks callers in their home directory (47.800041ms)
✔ disabling de-hub lets the hub bridge hooks callers into lib (the bug de-hub prevents) (54.677958ms)
✔ domains are named after directories, not utility symbols (45.712209ms)
✔ meta is carried forward from fragment into graph (49.5005ms)
✔ CM-GATE-AGREE: plan.projectedGate == structuralRegressions(applyEdit(merge)); deletions/rewrites exact (30 cases) (1582.9405ms)
✔ CM-PLAN-PURE: a plan-only run leaves graph.json byte-identical (47.151583ms)
✔ CM-WRITE-REVERSIBLE: a predicted-regression --write leaves source byte-identical and exits 1 (60.612583ms)
✔ CM-INTO-RESOLVES: unresolvable/ambiguous --into exits 2 and touches nothing, even with --write (49.582375ms)
✔ CM-WRITE-STRING-GUARD: a loser label inside a string refuses --write and reverts byte-identically (47.917708ms)
✔ CM-WRITE-COMMENT-OK: a comment mention is skipped (and counted), live code is rewritten (147.972958ms)
✔ CM-IMPORT-REPOINT: a consumer importing the loser ends up importing the canonical from its real file (196.874125ms)
✔ CM-IMPORT-REPOINT-MTS: an .mts consumer importing the loser is repointed too (220.193ms)
✔ CM-WRITE-SUCCESS: a safe same-file merge applies and the loser definition is gone (190.982875ms)
✔ CM-COPY: plan text owns its check, hedges the rewires, and is honest about undo (56.804ms)
✔ CX-MIN-ONE: a straight-line body has cyclomatic 1; an empty body has 1 (0.663792ms)
✔ CX-COUNT-JS: cyclomatic === 1 + (if|for|while + && + || + ternary) decision tokens (0.076458ms)
✔ CX-COUNT-PY: python elif / except / and / or count as decisions (lang=py) (0.145375ms)
✔ CX-COUNT: monotone — appending a snippet with d decisions raises cyclomatic by exactly d (4.292917ms)
✔ CX-RENAME-INVARIANT: renaming identifiers (not keywords) never changes cyclomatic (3.946458ms)
✔ CX-IGNORES-STRINGS-COMMENTS: decision keywords inside strings/comments are not counted (0.084ms)
✔ CX-DETERMINISTIC: same source -> same cyclomatic (0.517709ms)
✔ CXD-FLAT: nestingDepth — flat body <= 1, one block = 1, nested blocks count (0.108959ms)
✔ CXD-NONNEG + brace/string safety: never negative; braces in strings/comments ignored (0.794708ms)
✔ CXD-PY: python nesting depth follows indentation (0.188875ms)
✔ extractor stamps pub through named and star re-export chains, and meta.dynamic (98.648875ms)
✔ explain: public API and dynamic-dispatch caveats calibrate the card (200.120208ms)
✔ callers/dependents: a zero answer carries its asterisk instead of false confidence (255.694125ms)
✔ ac_14: context reports capped, unmatched, and unavailable source evidence independently of neighbor lists (3.695834ms)
✔ ac_14: list budgets report blast omissions; complete lists never promise complete analysis (0.828875ms)
✔ ac_14: freshness distinguishes unchanged stamps, stale data, and missing stamps (2.345792ms)
✔ ac_14: CLI and MCP emit identical context analysis and evidence (113.003834ms)
✔ CP-COMPLETE & CP-SOUND: callers/callees equal the independent raw-edge neighbor sets (741.529166ms)
✔ CP-BLAST-SUPERSET: blastRadius ⊇ callers and excludes the target (717.338083ms)
✔ CP-BOUNDED: callees and blastRadius carry NO body text (only target+callers do) (46.862167ms)
✔ CP-M3: a label resolving to multiple nodes returns the UNION across all matched ids (53.704292ms)
✔ CP-DETERMINISTIC: same graph+symbol -> identical stdout (110.828833ms)
✔ SC1: unknown symbol -> exit 1 (51.396542ms)
✔ SC1: resolves a bare label to its node (56.6645ms)
✔ CP-BODY-FIDELITY: target & caller bodies are byte-for-byte the real source lines (128.43775ms)
✔ CP-SC4: source absent -> bodies null and sourceAvailable false (never a guess) (47.053584ms)
✔ current Markdown prose stays under 55 words per paragraph (7.1475ms)
✔ current authored HTML prose stays under 55 words per paragraph (2.766875ms)
✔ listing descriptions (package/plugin/marketplace) stay under 55 words (1.504958ms)
✔ C1 lcov parses and annotates: executed -> covered+hits, instrumented-but-idle -> covered:false, unseen file untouched (1.004875ms)
✔ C2 istanbul/c8 JSON parses to the same shape (0.163584ms)
✔ C3 the CLI annotates a graph on disk and explain/tests/context surface the facts (193.402042ms)
✔ C4 refresh drops stale coverage annotations and says how to restore them (333.683792ms)
✔ C5 dogfood: Node's own lcov reporter output annotates a real codeweb graph (307.164625ms)
✔ C1: the trust/offer line answers cost + safety at every ask (1.2585ms)
✔ C3: peak conviction has an ask — demo CTA and report footer (0.333334ms)
✔ C4: the install chooser is labeled by situation, and the npx form is the cheap one (0.178583ms)
✔ C5: the one hard requirement (Node >= 22) is stated at the README install decision (0.150125ms)
✔ C7: MCP is expanded at first use (0.135583ms)
✔ C8: start.html shows the payoff — the map, the ~3 s, and what success looks like (0.833417ms)
✔ C9: the closing sells the human, in plain words, without a 0-star star-beg (0.551708ms)
✔ C6: the tool wall opens with a job-framed index (0.211042ms)
✔ cold run: ONE batched ctags process (-L -) serves every file (456.517167ms)
✔ untouched warm run: zero ctags processes (stamp tier) (140.877792ms)
✔ warm run with one changed file: one PER-FILE spawn, not a whole-repo batch (191.073833ms)
✔ DC-MEMBERSHIP: safe == inline-recomputed (orphans − test-targeted − entrypoints) over random graphs (2122.002125ms)
✔ DC-FIXTURE: test-targeted/entrypoint/test-file-defined -> review, plain orphan -> safe (44.043583ms)
✔ DC-COPY: text heading hedges up front and shows the suppress door (46.809666ms)
✔ DC-DETERMINISTIC: identical input -> identical stdout (112.857833ms)
✔ DC-SCOPE: non-product orphans are excluded by default with counts; --all restores them (115.199459ms)
✔ DC-MANIFEST: a file named by package.json main/bin is review-tier, never safe (56.792208ms)
✔ DC-CLOSURE: a function inside a reachable parent span is review-tier (closure-reachable) (47.492416ms)
✔ D1: fewer than two graph args prints usage to stderr and exits 2 (58.438542ms)
✔ D1b: a missing graph file exits 2 with a clear message (no raw stack) (57.084958ms)
✔ D5: identical snapshots -> empty deltas, ok:true, exit 0 (57.797541ms)
✔ D3: adds a cycle + duplicate + a brand-new orphan node -> cycle & dup are regressions; new node is NOT (63.266208ms)
✔ D3b: an EXISTING node that loses its only caller is a regression (ok:false, exit 1) (58.520916ms)
✔ D4: the reverse diff (pure removals) is NOT a regression -> ok:true, exit 0 (48.991417ms)
✔ D-overlap-identity: the same finding with a different id/title is NOT added or removed (49.1215ms)
✔ D-sparse: graphs missing top-level arrays normalize instead of crashing (44.134875ms)
✔ D6: --json output is byte-stable and the CLI actually ran (not a vacuous pass) (104.067917ms)
✔ D-RENAME-PIN-inplace: same file, new name, same body -> renamed (not delete+add) (53.242542ms)
✔ D-RENAME-PIN-move: same label, moved file, same body -> renamed via the sameLabel path (49.199667ms)
✔ D-RENAME-PIN-submatch: a genuinely different body (sim < 0.85) is NOT a rename (53.081958ms)
✔ D-RENAME-PIN-spanshape: unreadable bodies fall back to same-file span-shape (sim null) (47.61675ms)
✔ D-RENAME-LONGBODY: an obvious >400-line rename still detects under the body cap (53.291333ms)
✔ D-RENAME-CAP: >200 on a side skips detection with an additive renameCheck marker (empty side gets none) (107.97775ms)
✔ D-RENAME-CAP-text: the cap-trip prints one text-mode line naming the skip (59.495167ms)
✔ ac_16: diagnostics from the installed front door are read-only and name exact missing-map repair arguments (95.567583ms)
✔ ac_16: diagnostics distinguish stale, unstamped, invalid, and unavailable-source graphs without changing them (182.030542ms)
✔ ac_16: directory discovery and explicit workspace override are visible (171.191833ms)
✔ IOV-DETECTS: a changed symbol that copies an existing body is reported (sim >= high) (1.008917ms)
✔ IOV-BOUNDARY: detection happens iff body-Jaccard >= high, across the whole 0..1 range (16.81175ms)
✔ IOV-REFLEXIVE-EXCLUDED: over random multi-symbol graphs, a symbol never dups itself (2.621084ms)
✔ IOV-THRESHOLD: a distinct body (sum) is not flagged as a duplicate of anything (0.401167ms)
✔ IOV-DETERMINISTIC: same input -> same output (sorted) (0.166ms)
✔ IOV-MATCHES-FINDSIMILAR: top dupOf equals find-similar.mjs top match (one truth, {root} mode) (51.358208ms)
✔ DUP-GATE-DETECTS: review --before --gate on the file that added a clone -> newDuplications + exit 1 (69.462375ms)
✔ DUP-GATE-CLEAN: changing a non-duplicating file reports no newDuplications and passes the gate (54.263666ms)
✔ DUP-GATE-THRESHOLD: a ~50%-similar edit is below the high bar -> not flagged, gate stays green (54.939334ms)
✔ IOV-PIN-26: >400-line pool body (capped), unreadable body, and no-match are pinned (5.078375ms)
✔ DC-SIDECAR-EQ: sidecar-fresh ≡ live byte-identical (CRLF + >400-line pool bodies); stale/v1 rejected; missing id still found; changed ids shingle live (19.618416ms)
✔ DC-PREFILTER-EXACT: prefiltered results == filterless oracle on random pools (40 cases) (10.022167ms)
✔ ED-IDFILE: idFile splits a node id on its last colon (paths use / , label after last :) (1.10075ms)
✔ ED-PRECEDENCE: alias > same-file > unique-in-package (1.257666ms)
✔ ED-AMBIGUOUS: two in-package defs of the same name drop (ambiguous counted) (0.107667ms)
✔ ED-KEYWORDS: a language keyword call-shape produces no edge (0.090084ms)
✔ ED-TESTKIND: a test-file caller of a prod symbol reclassifies to a test edge (0.077959ms)
✔ ED-RBPHP-FILTER: a Ruby/PHP bare name never reaches another file owner-qualified method (0.076667ms)
✔ ED-LEGACY-FALLBACK: both states — off drops ambiguous, on wires defs[0] (0.110417ms)
✔ ED-NSALIAS: ns-alias member + .call/.apply chain resolves via resolveFileMember (0.187375ms)
✔ ED-SELF-SUPPRESS: self-call and same-decl-line call produce no edge (0.233875ms)
✔ ED-CLOSURE-LOCAL: a bare name never resolves to a closure-local target in another file (0.109208ms)
✔ ED-RETURN-SHAPE: return carries edges/hasModule/ambiguous/short/cand (0.0765ms)
✔ PUB-WALK: entry-reachable exports (direct + through a re-export chain) are stamped (0.321333ms)
✔ PUB-WALK: no manifest / no entry -> empty stamp set (no fs in the lib) (0.06825ms)
✔ TYPED-INTENTS: a receiver class resolving to exactly one file wires; ambiguous/absent drop (0.342708ms)
✔ TYPED-INTENTS: ambiguous class (two defining files) drops (0.122417ms)
✔ TYPED-INTENTS: a test-file caller reclassifies to a test edge (0.07425ms)
✔ ac_15: baseline captures refreshed source and survives refresh/snapshot; verification sees later edits (618.773667ms)
✔ ac_15: invalid baselines fail before mutation; failed extraction preserves a previous baseline (262.154583ms)
✔ ac_15: queued MCP begin/verify is ordered; background refresh preserves baseline and verification finds a regression (1116.573667ms)
✔ ac_15: a dropped overlap set is not a clean duplication check or a claimed fix (1.915583ms)
✔ ac_15: review identifies unevaluated structure and unavailable duplication evidence (44.423708ms)
✔ frozen truth (args.truth) SKIPS the oracle and runs reps with a paired-delta mean +/- SD headline (2.803917ms)
✔ args delivered as a JSON STRING is parsed (regression: must not silently fall back to the oracle) (0.610292ms)
✔ M1: args.root repoints every prompt path — the harness is portable (Spec M) (0.588042ms)
✔ M1b: defaults unchanged without args.root (backward compatible) (0.309834ms)
✔ M2: args.budgeted flips the treatment arm to MCP-parity budgeted consumption (Spec M) (1.7835ms)
✔ M3: the graph pre-flight proves truth ids resolve — exit 2 when one does not (Spec M) (627.936166ms)
✔ without args.truth the per-run oracle IS spawned (backward compatible) (0.4935ms)
✔ parseLabel maps control/treat labels to arm + task + rep (and rejects others) (0.81625ms)
✔ stat returns mean / sample-SD (n-1) / n, matching the harness aggregation (0.132125ms)
✔ aggregateUsage computes the paired-delta headline (mean +/- SD over reps) per metric (1.514625ms)
✔ CLI joins a Workflow journal to transcripts and writes a paired-delta usage.json (54.187917ms)
✔ E1 given an empty directory, extract exits 1 and says no supported source was found (88.611875ms)
✔ E2 given only unsupported files, extract exits 1 with the same guidance (104.519625ms)
✔ E3 given --allow-empty, an empty target extracts an empty fragment and exits 0 (106.299208ms)
✔ E4 given supported files that define no symbols, extract exits 1 and says so (144.948375ms)
✔ E5 given an empty target, run.mjs aborts at extract with the message visible (185.969417ms)
✔ E6 given --allow-empty, run.mjs completes the pipeline on an empty target (362.303792ms)
✔ E7 given a nonexistent target, run.mjs exits 2 and leaves NO .codeweb behind (58.726583ms)
✔ ENC-PROP: innermost index equals the linear enclosing() scan on every line (6.597958ms)
✔ ENC-PROP: owner stack equals the :422 class-owner scan over a line-sorted build loop (2.448375ms)
✔ ENC-GOLD: regex-tier owner-qualified ids unchanged on nested/adjacent/same-line class shapes (77.250542ms)
✔ ENC-GOLD-AST: default-engine ids add the tree-sitter method nodes (single-line bodies) (84.544917ms)
✔ ENC-BIG: single big-file extract is deterministic byte-for-byte (517.832833ms)
✔ CA1 (c): a bound function-pointer table wires the call to its implementation (197.76175ms)
✔ CA2 (c): an UNBOUND receiver wires nothing — a pointer parameter is not evidence (107.960209ms)
✔ CA3 (c): a field bound TWO ways in one file is ambiguous — neither wires (100.304583ms)
✔ CA4 (c): the tier adds EDGES only — node sets are identical across engines (201.417292ms)
✔ CA5 (c): the C fixture holds under CODEWEB_ENGINE=tree-sitter (112.471375ms)
✔ CA6 (c++): the C++ fixture holds under CODEWEB_ENGINE=tree-sitter (139.644292ms)
✔ CA5 (c): the C fixture holds under CODEWEB_ENGINE=regex (91.3665ms)
✔ CA6 (c++): the C++ fixture holds under CODEWEB_ENGINE=regex (76.574708ms)
✔ CA7: the tree-sitter run never claims a tier it did not use (108.89625ms)
✔ X1 (c++): unique typed-receiver dispatch resolves cross-file with the AST tier only (238.080167ms)
✔ X1b (c++): a NAMESPACE-QUALIFIED parameter type dispatches on its tail (129.08975ms)
✔ X1c (c++): a class SPLIT across header and .cpp is one class, not an ambiguity (140.173125ms)
✔ X2 (c++): an ambiguous receiver class wires NOTHING (137.973333ms)
✔ X3 (c++): this-calls resolve in-file; the node set is identical across engines (212.79025ms)
✔ T1 (java): unique typed-receiver dispatch resolves cross-file with the AST tier only (218.969542ms)
✔ T2 (java): an ambiguous receiver class wires NOTHING (97.131583ms)
✔ T3 (java): this-calls resolve in-file; the node set is identical across engines (180.249167ms)
✔ T1-cs (c#): typed-receiver dispatch, Allman style (190.402375ms)
✔ C1: functions are extracted from .c and .h with C linkage as the export rule (43.85825ms)
✔ C2: a cross-file call through a header resolves to the definition (18.440791ms)
✔ C3: #include "…" becomes an import edge to the header module (20.791375ms)
✔ C3b: system includes and unresolvable headers are dropped, never guessed (22.260166ms)
✔ C4: a struct of function POINTERS mints no symbols and guesses no call (17.423458ms)
✔ C5: control flow, macros and casts never become phantom symbols (19.552916ms)
✔ C6: a .h holding a real definition is scanned like any other translation unit (28.19975ms)
✔ C7: SRC_RE and langOf agree on the C extension family (and C++ is untouched) (0.186833ms)
✔ C8: a mixed C and C++ tree reports both languages, each with its own rules (27.950708ms)
✔ EX-CX-PRESENT: every function/method node carries integer complexity (>=1) and maxDepth (>=0) (122.970791ms)
✔ EX-CX-VALUES: a straight-line fn is complexity 1; a branchy fn is clearly higher (136.596041ms)
✔ EX-CX-MATCHES-LIB: graph complexity == lib/complexity.cyclomatic of the real body lines (129.127333ms)
✔ EX-CX-ONLY-CALLABLE: class and module nodes carry no complexity field (141.017375ms)
✔ CPP1: classes, in-class methods, out-of-line methods, and namespace-scope functions (43.237708ms)
✔ CPP2: prototypes are not symbols — a declaration and its definition never collide (30.671542ms)
✔ CPP3: cross-file call edges resolve to the definition (24.034125ms)
✔ CPP4: #include "…" becomes an import edge to the header module (16.806833ms)
✔ CPP4b: the include/ + src/ split resolves — the dominant real-world C++ layout (24.458792ms)
✔ CPP4c: an AMBIGUOUS basename is dropped — a guess is worse than an absent edge (20.309916ms)
✔ CPP5: angle-bracket and unresolvable includes are dropped, never guessed (19.046417ms)
✔ CPP6: control flow, lambdas and statements never become phantom symbols (15.866583ms)
✔ CPP7: meta.languages reports cpp for every C++ extension (22.433916ms)
✔ CPP8: SRC_RE and langOf agree on the C++ extension family (0.136875ms)
✔ forced --engine regex: no complexityEngine field (output shape unchanged) (0.427417ms)
✔ default (no flag) = tree-sitter when installed, regex fallback otherwise (0.097958ms)
✔ tree-sitter run: exact complexity + meta records the pinned engine (0.053875ms)
✔ the opt-in demonstrably changes behavior: regex diverges from exact on the marked symbols (0.060833ms)
﹣ graceful fallback: with the engine unavailable, --engine tree-sitter == regex output (0.041583ms) # engine available — fallback path not exercised here
✔ unknown --engine exits 2 with the valid set; --engine regex still works (128.447ms)
✔ tree-sitter: method node ids are class-qualified; class/function ids stay bare (0.144375ms)
✔ tree-sitter: dynamic-dispatch call edges (this.* + typed receiver) are wired (0.070959ms)
✔ default (regex) run: method ids match the tree-sitter qualification scheme; still NO dispatch edges (0.072584ms)
✔ Go: func/method/struct/interface become nodes with the right kind and Go visibility (43.190666ms)
✔ Go: in-body calls wire by name (with ambiguity drop) (20.015708ms)
✔ Go: meta.languages reports go (18.676834ms)
✔ Java: types/methods/constructors with visibility, owner-qualified ids, no control-flow phantoms (94.737334ms)
✔ Java: FooTest.java and src/test/ classify as test role (93.705ms)
✔ C#: Allman-brace + expression-bodied members, owner-qualified, base-list inherit, no phantoms (117.319708ms)
✔ C#: .csproj marks a package boundary (no cross-project bare-name edges) (107.664208ms)
✔ (a) decl-line magnet: `function metrics(g) {` fabricates no ref to a test-file g (94.307375ms)
✔ (a-inv) test -> product survives, relabeled kind `test` (the gate is one-directional) (94.313083ms)
✔ (b) body param shadow: `walk(rel)` using `rel` never falls back to a global rel() (100.951458ms)
✔ (c) short-name guard: a free-floating 1-char bare ref is dropped and counted (84.622791ms)
✔ (e) python: __init__ param shadows a module symbol inside __init__ only (90.538042ms)
✔ (f) closure-local magnet: loop-var `dep` never ref-resolves into another file's closure (120.104375ms)
✔ (d) suppression is per-binding: f(map) loses the edge, sibling h() keeps it (92.547875ms)
✔ Rust: fn/struct/impl-method become nodes with the right kind and exports (40.448125ms)
✔ Rust: in-body calls wire by name (with ambiguity drop) (20.325875ms)
✔ Rust: meta.languages reports rust (18.718417ms)
✔ discovers every symbol (9 across 8 files) (43.138875ms)
✔ FIX: ambiguous multi-def bare call is dropped, not wired to a global def (21.067833ms)
✔ LEGACY toggle restores the pre-fix byName[0] wiring (fix is load-bearing) (18.903292ms)
✔ same-file definition resolves authoritatively (19.011459ms)
✔ single-def bare name still falls back to the one global def (26.863958ms)
✔ imported symbol resolves to the imported target, beating both drop and byName[0] (17.445375ms)
✔ meta block is the single source of truth for the target (16.847583ms)
✔ extract-symbols writes output when invoked through a symlinked script path (105.004833ms)
✔ symlinked and real invocation paths produce the same fragment (180.800125ms)
✔ body spans survive multi-line template literals with braces (no more swallowed neighbors) (45.481ms)
✔ nodes carry a role derived from their path (25.461458ms)
✔ bare-name resolution stays inside a package boundary (no cross-package collision edges) (48.212792ms)
✔ class-field arrow methods: discovered inside a class (qualified), NOT outside one (17.424584ms)
✔ v9: `export * from` barrel chains resolve to the real symbol (no swallowed edges) (17.812125ms)
✔ FS-ORACLE: reported sims + ranking match the independent shingler over random bodies (40 cases) (2006.197625ms)
✔ FS-DOGFOOD: the shared shingler is byte-stable (keywords + strings/comments handled) (0.238ms)
✔ FS-SELF: an exact-body candidate self-matches at sim 1.0, ranked first (51.477709ms)
✔ FS-NEGATIVE: no reported match has sim < 0.15 (1061.308042ms)
✔ FS-BOUNDED-K: --k truncates to the top-K (47.192209ms)
✔ FS-TRUE-TOTAL: count is the pre-cap match total; more.remaining marks the k-cap (122.514709ms)
✔ FS-DETERMINISTIC: identical inputs → identical stdout (98.203709ms)
✔ SC3: missing meta.root → exit 2 with an explicit reason (53.04025ms)
✔ usage: no --body/--stdin/--signature → exit 2 (47.110834ms)
✔ FS-SIDECAR: sidecar path == live path byte-for-byte; stale sidecar falls back (245.969917ms)
✔ find: ranks the product symbol first and says why (151.900125ms)
✔ find: multi-term coverage beats single-token hits; stemming bridges morphology (258.064625ms)
✔ find: budgeted output with true totals; usage errors are actionable (189.197375ms)
✔ find over MCP: 23rd+ tool, served in-process from the cached graph, budgeted (148.722667ms)
✔ FR1: marketplace.json exists and satisfies the marketplace-add contract (1.64325ms)
✔ FR2: bare run maps the current directory into ./.codeweb; usage states both defaults (431.221208ms)
✔ ac_17 FR3: the first-run banner leads with the result and a next: block — no fossil strings (388.459ms)
✔ FR4: overlap, optimize, and build-report print one findings vocabulary (419.191959ms)
✔ FR5: an empty map is announced as EMPTY; the empty-target error routes to the agent fallback (551.825834ms)
✔ FR6: bin wrappers guard the Node version and forward faithfully (95.215542ms)
✔ FR7: the result block rides stdout (2>/dev/null-surviving); stage progress stays off it (417.934041ms)
✔ FR8: --json emits exactly one parseable line on stdout with the five keys — no text block (430.705458ms)
✔ FR9: a memo-reuse run still prints the done line on stdout, and --json says reused:true (677.061709ms)
✔ ac_17: README and agent rules preserve the baseline through repair (1.064083ms)
✔ ac_17: the published cycle commands find the caller, go red, then repair to green (1065.183459ms)
✔ FR-FORBIDDEN-SOUND: forbidden-dependency violations == inline edge filter (40 cases) (2030.208792ms)
✔ FR-LAYER: layer violations == inline upward-edge filter (1008.341958ms)
✔ FR-FANIN: max-fan-in violations == inline callIn count over the limit (44.721667ms)
✔ FR-CYCLE-AGREE: no-cycles flags a real cycle (with files) and passes a clean graph (101.98125ms)
✔ FR-EXIT: error->exit 1, warning->exit 0; unknown rule type -> exit 2 (144.941166ms)
✔ F1: MCP simulate on an unknown symbol never returns an empty success (112.83325ms)
✔ F1: simulate-edit --json emits found:false JSON on stdout for an unknown symbol (48.994708ms)
✔ F2: required-arg errors distinguish missing / wrong type / empty (57.437584ms)
✔ F3: garbage/negative limit, offset, window are errors — never a silently-disabled budget (57.16075ms)
✔ F4: a misconfigured fitness rule dies at load — the gate never passes while checking nothing (220.912167ms)
✔ F5: a roles-only codeweb.rules.json is "0 rules configured", not a rejection (46.5175ms)
✔ F6: a malformed target rules file names itself; an unknown top-level key warns (167.132375ms)
✔ F7: release.mjs — --help works, unknown flags die, --version is semver-validated (134.397209ms)
✔ F8: reading-order rejects an invalid --scope kind with the valid set (57.459125ms)
✔ F9: run.mjs --coverage validates the path before any stage runs (44.8275ms)
✔ F10: --help documents every real flag on the advisors that hid theirs (192.038583ms)
✔ F11: codeweb_review stops advertising params that do nothing (54.160916ms)
✔ F12: codemod infers the survivor when into is omitted; fitness discovers its rules file (123.611041ms)
✔ F13: near-miss suggestions catch a 1-2 edit typo (0.971459ms)
✔ F14a: codemod usage brackets --into as optional (51.385208ms)
✔ F14c: CLI negative --limit dies at parse, matching the MCP clamp (53.929209ms)
✔ API F4: an unknown argument key is rejected naming the near-miss, never silently ignored (57.053625ms)
✔ API F4: boolean params validate like numerics — full:"false" means FALSE, garbage errors (57.141ms)
✔ API F4: reading_order scope without value is a correction, not a silent whole-repo answer (111.538375ms)
✔ API F5: context `bodies` owns caller rendering; `full` stays the unabridged-list switch (62.133666ms)
✔ F0-EQUIV: cache-extract ≡ full-extract after edits; F0-ONLY-CHANGED: scans == changed files (376.321167ms)
✔ F0-CACHE-NEUTRAL: --cache vs no-cache → identical fragment on the same tree (229.217208ms)
✔ SC3: refresh updates nodes+edges, re-attaches domain by id, drops overlaps (429.64175ms)
✔ F10-STAMP: no-change warm scans zero files; CODEWEB_VERIFY_FRESHNESS=1 restores the hash path (481.020667ms)
✔ F4-VERIFY: mtime-preserving content change is invisible to stat-only, caught by verify tier (150.876041ms)
✔ SC3: refresh with missing meta.root → exit 2 (50.248167ms)
✔ README puts the gate lead between the identity line and any map-led narrative (0.6005ms)
✔ the README gate lead states the verdict, its three blockers, and its token cost (0.252208ms)
✔ README gates every pull request before it explains the graph internals (0.168166ms)
✔ README carries a free-forever boundary section linking the published boundary page (0.26425ms)
✔ the identity line stays verbatim on all four enforced surfaces (0.901166ms)
✔ the built homepage hero renders the identity line verbatim (0.367625ms)
✔ the homepage leads with the gate and demotes the live map below it (0.554583ms)
✔ the homepage gate story states its blockers, its cost, and where it runs (0.461084ms)
✔ the homepage hero still carries its conversion rails after the reorder (0.373ms)
✔ gate-md: clean diff renders the one-glance summary, no blocking section (0.612ms)
✔ gate-md: caps every list and says what was dropped (0.581084ms)
✔ gate-md: lost-callers excludes brand-new and renamed-to symbols; renames show similarity (0.117375ms)
✔ ac_13: evidence links use graph lines, analyzed commit and target; guidance distinguishes unknown callers (0.233ms)
✔ ac_13: evidence is bounded and escaped; unsafe paths and link contexts stay plain text (0.175125ms)
✔ ac_13: local comments use file:line and missing evidence never invents a confidence (0.0835ms)
✔ GV-PREFLIGHT: exemptExported:false is structuralRegressions, id-for-id, over random pairs (3.8425ms)
✔ GV-GATE: exemptExported:true agrees with the shipped diff verdict over random pairs (4.040417ms)
✔ GV-DIVERGENCE: an exported symbol losing its last caller — preflight blocks, gate exempts but LISTS it (0.208208ms)
✔ GV-SIMULATE-TEXT: simulate speaks for its own check, not the gate (COPY.md #2) (134.644333ms)
[golden] SKIP — golden target not on disk: D:/GitHub Projects/ecc-test/plugins/marketplaces/ecc/scripts (set CODEWEB_GOLDEN_TARGET)
﹣ the extractor parses the full target into a substantial graph (0.254834ms) # golden target not on disk: D:/GitHub Projects/ecc-test/plugins/marketplaces/ecc/scripts (set CODEWEB_GOLDEN_TARGET)
﹣ FIXED: no `log` super-hub — max log in-degree genuine (<60), discord:log single-digit (0.049583ms) # golden target not on disk: D:/GitHub Projects/ecc-test/plugins/marketplaces/ecc/scripts (set CODEWEB_GOLDEN_TARGET)
﹣ LEGACY toggle is load-bearing — fabricates the dropped edges back (0.048209ms) # golden target not on disk: D:/GitHub Projects/ecc-test/plugins/marketplaces/ecc/scripts (set CODEWEB_GOLDEN_TARGET)
✔ every vendored grammar matches its recorded sha256 (13.693ms)
✔ every recorded digest has its wasm on disk (no phantom rows) (0.1425ms)
✔ the runtime version the table pins is the one package.json declares (0.225292ms)
✔ normalizeGraph fills sane defaults (mirrors build-report) (0.793959ms)
✔ buildIndex separates call adjacency from any-incoming (call|import) (1.362542ms)
✔ resolveSymbol: exact id wins; else all label matches (sorted); else [] (0.236458ms)
✔ callersOf / calleesOf use only call edges, sorted + unioned (0.205458ms)
✔ impactOf is transitive, excludes seeds, and terminates on self-loops (0.263ms)
✔ fileCycles: file-level SCCs (>=2), sorted + deterministic; same-file self-call ignored (0.375ms)
✔ orphans: zero incoming (call|import) AND not exported (0.217834ms)
✔ structuralRegressions: a surviving node that loses its only caller is a lostCaller; a deleted one is not (0.382625ms)
✔ structuralRegressions: a file cycle present only in after is a newCycle (0.250583ms)
✔ structuralRegressions (property): lostCallers ⊆ surviving before-nodes, newCycles ∉ before-cycles (12.589625ms)
✔ finding 9: allBlastCounts / impactCountOf agree with per-node impactOf on random graphs (9.267917ms)
✔ runNodeAsync: runNode contract parity — exit status + captured stderr, no rejection (44.598459ms)
✔ runNodeAsync: two awaited-in-parallel 400 ms children overlap (wall < 750 ms) (443.899291ms)
✔ SRC_RE matches every C/C++ extension the extractor claims (0.770917ms)
✔ pre-edit hook: a .c edit produces the same class of card as a .js edit (758.88475ms)
✔ pre-edit hook: the .c card ships on the same structured channel, still advisory (484.619ms)
✔ post-edit hook: a cycle introduced by a .c edit is flagged, as it is for .js (1057.767708ms)
✔ P1: map writes index-lite.json; hook output byte-identical from sidecar vs graph (377.727416ms)
✔ P2: stale or corrupt sidecar falls back to the graph path silently (388.505084ms)
✔ P3: the sidecar is slim relative to the graph (395.845458ms)
✔ ac_18: shipped hooks use the documented configuration shape and retain all handlers (0.97475ms)
✔ HOT-WEIGHTS: weights are non-negative and sum to 1 (so score in [0,1]) (0.414791ms)
✔ HOT-WEIGHTED-BLEND: score is the graph-max-normalized weighted sum of the components (0.101708ms)
✔ HOT-ZERO: zero maxes never produce NaN (empty/degenerate graphs) (0.055125ms)
✔ HOT-DOMINANCE: dominating a symbol on every component never ranks below it (1.277167ms)
✔ HOT-RANK: rankHotspots sorts by score desc, ties by id; deterministic; no NaN (2.9045ms)
✔ HOT-CLI: hotspots.mjs --json ranks symbols with components (45.14975ms)
✔ HOT-SCOPE: non-product symbols are excluded by default, counted, and restored by allRoles (0.19ms)
✔ HL-CX: cyclomatic on a 9,000,000-char string literal returns 1 (no RangeError) (19.029084ms)
✔ HL-RB: maskRuby on a 9,000,000-char double-quoted string returns (no RangeError) (6.043708ms)
✔ HL-RB-ESC: maskRuby survives the escape-heavy adversarial shape (2M escaped quotes) (12.184792ms)
✔ HL-EQ: old and unrolled regexes replace identically over 5,000 seeded strings, per site (16.007417ms)
✔ HL-SHIPPED: the shipped sources contain exactly the unrolled regexes the property tested (0.944792ms)
✔ HL-BELT: an internal throw degrades cyclomatic to 1 and nestingDepth to 0 (0.251542ms)
✔ HL-E2E (default engine): 9MB single-line string no longer kills the extract (531.862125ms)
✔ HL-E2E (regex engine): 9MB single-line string no longer kills the extract (237.189042ms)
✔ python: same-named methods across two classes get class-qualified, distinct ids (35.806541ms)
✔ go: same-named methods across two receivers get receiver-qualified, distinct ids (20.414ms)
✔ rust: same-named fns across two impl blocks get impl-type-qualified, distinct ids (21.496375ms)
✔ js (regex tier): same-named methods across two classes get class-qualified, distinct ids (28.4725ms)
✔ a call from inside a method is attributed FROM the qualified method id (21.479291ms)
✔ PRECISION: an importer that never touches the anchor is NOT a dependent of it (39.889375ms)
✔ the coarse module-import edge is redirected to the target <module> node (26.27ms)
✔ RECALL: real member-access dependencies are still precise (15.711125ms)
✔ DEPENDENTS: --dependents of the anchor excludes the non-user, includes the real user (74.636708ms)
✔ a default import of a single-symbol class lands the coarse edge on the CLASS (39.281708ms)
✔ the default-export import edge is NOT routed to <module> when a single symbol exists (14.317708ms)
✔ DEPENDENTS: the importer is a dependent of the class even without a detected call (75.345458ms)
✔ RECALL: a namespace/default-import member call resolves to the imported symbol (45.796708ms)
✔ RECALL: default-import construction (new Widget()) resolves to the class (25.45725ms)
✔ RECALL: a static member call on a default-import alias resolves (Widget.from()) (21.749542ms)
✔ PRECISION: a param obj.merge() does NOT fabricate an edge to the imported merge (22.031167ms)
✔ DEPENDENTS: --dependents is a superset of --callers and includes the member-access caller (111.739375ms)
✔ i1: `.js` specifier disambiguates between two same-named `.ts` exports (ext remap) (107.62725ms)
✔ i2: `import * as u from "./util.js"` binds the namespace to util.ts (member call edges) (94.993708ms)
✔ i3: re-export chain through a `.js`-specified barrel resolves + barrel dependent edge (100.482209ms)
✔ i4: `.mjs`->`.mts` remap and `/index.tsx` index candidates resolve (107.771084ms)
✔ i5: pub-entrypoint walk follows main "./src/index.js" to src/index.ts (mirrored list) (99.56225ms)
✔ i6: when BOTH dual.js and dual.ts exist, the literal on-disk .js wins (Node semantics) (108.47625ms)
✔ PRECISION: a bare object-default alias reference does NOT resolve to the anchor (37.452292ms)
✔ RECALL: member access on the object alias still resolves (19.840125ms)
✔ IE-INPROC-PARITY: in-process runExtract fragment byte-equals the spawned CLI stdout (133.46875ms)
✔ IE-COLD-PARITY: cold cache == no-cache == --full (caching changes nothing cold) (64.8965ms)
✔ IE-INCREMENTALITY: a pure body edit re-edges only the changed file AND still equals cold full (118.549667ms)
✔ IE-INCREMENTALITY (kill-switch leg): CODEWEB_NAME_DELTA=0 restores the wholesale mechanism verbatim (50.026667ms)
✔ IE-BIND-COUPLING: rensym of an IMPORTED name re-edges the importer (the aliased-import trap) (48.289916ms)
✔ IE-REX-FLIP: retargeting a re-export barrel re-aims the consumer edge (warm == cold) (53.892542ms)
✔ IE-DANGLING: deleting a file that another file imports leaves no dangling edge (warm == cold) (57.290375ms)
▶ IE-EQUIVALENCE: warm incremental == cold full, for random mutation sequences
  ✔ trial 0 (621.093417ms)
  ✔ trial 1 (641.603541ms)
  ✔ trial 2 (790.797625ms)
  ✔ trial 3 (400.540708ms)
  ✔ trial 4 (679.264208ms)
  ✔ trial 5 (852.40025ms)
  ✔ trial 6 (271.95225ms)
  ✔ trial 7 (399.231625ms)
  ✔ trial 8 (609.76325ms)
  ✔ trial 9 (407.113791ms)
✔ IE-EQUIVALENCE: warm incremental == cold full, for random mutation sequences (1541.010541ms)
✔ JS: `class X extends Y` emits an inherit edge X -> Y (alias-resolved across files) (43.080667ms)
✔ JS: a same-file `extends` resolves (14.733125ms)
✔ Python: `class X(Y)` emits an inherit edge (14.231458ms)
✔ an extended base class is NOT a dead-code orphan (21.518625ms)
✔ --impact of a base class includes its subclass (inherit reverse-reachability) (19.917916ms)
✔ imported json files become <module> nodes; orphans never do (68.045333ms)
✔ every import form wires the file-level edge with the right kind (20.956166ms)
✔ mapped json files are stamped into meta.sources; languages gains json (21.812667ms)
✔ a json edit after mapping is flagged stale (the map admits it is behind) (20.62025ms)
✔ json is never parsed: a syntactically broken json file still maps identically (21.761583ms)
✔ fragment is deterministic run-over-run (39.595458ms)
✔ a json-only tree still refuses to masquerade as a map (json is a tier, not a language) (69.012875ms)
✔ pre-edit hook speaks for an imported json file, byte-identical sidecar vs graph (525.694667ms)
✔ python: dispatch wires self+typed calls, drops ambiguity, keeps engines node-identical (285.763166ms)
✔ python: two same-named owners -> the typed call is dropped and counted, never guessed (127.290542ms)
✔ go: dispatch wires self+typed calls, drops ambiguity, keeps engines node-identical (246.278125ms)
✔ go: two same-named owners -> the typed call is dropped and counted, never guessed (89.650166ms)
✔ rust: dispatch wires self+typed calls, drops ambiguity, keeps engines node-identical (268.356917ms)
✔ rust: two same-named owners -> the typed call is dropped and counted, never guessed (89.725417ms)
✔ ruby: dispatch wires self/implicit/typed calls; engines stay node-identical; deterministic (302.566834ms)
✔ php: dispatch wires self/implicit/typed calls; engines stay node-identical; deterministic (278.377833ms)
✔ php: two same-named owners -> the typed call is dropped, never guessed (99.947833ms)
✔ ruby: a bare identifier (not a call node) never wires; cross-class names never wire implicitly (109.962958ms)
✔ ruby: classes, owner-qualified methods, self methods, top-level defs, calls, spec role (81.253375ms)
✔ php: classes + visibility-as-export methods, functions, calls, test role (80.561167ms)
✔ kotlin: classes/objects, methods, expression-bodied funs, internal/private visibility (82.297667ms)
✔ swift: structs/classes/extensions, methods, public/open visibility, Tests role (77.949916ms)
✔ determinism: all four languages, two runs, byte-identical fragments (161.881625ms)
✔ LR1: scanSymbols — JS functions/classes/methods/field-arrows, in-process (2.311333ms)
✔ LR2: scanSymbols — Python defs inside docstrings are masked away (0.695458ms)
✔ LR3: scanSymbols — Rust impl owners and Go receivers qualify methods (0.517125ms)
✔ LR4: bodyEnd — brace matching survives destructured params; Python dedents (0.224833ms)
✔ LR5: parseSignature — declaration and arrow forms, NBSP whitespace preserved (0.291209ms)
✔ LR6: shared tables — KEYWORDS filters control flow; langOf keys the meta vocabulary (0.163792ms)
✔ IR1: re-export chain — renamed barrel export resolves to the real symbol, in-process (0.536958ms)
✔ IR2: bindFileImports — a named import through the barrel binds the alias and the edge (1.032375ms)
✔ IR3: Python re-export table — pkg/__init__ from-import chains to the defining module (0.31825ms)
✔ IR4: defaultExportOf — single-symbol defaults resolve, object defaults do not (0.317292ms)
✔ product.json is the canonical language list — thirteen, C and C++ included (0.442084ms)
✔ commands/codeweb.md names every one of the thirteen native languages (0.535416ms)
✔ skills/codebase-anatomy/SKILL.md names every one of the thirteen native languages (0.117083ms)
✔ skills/codebase-anatomy/references/engine-detection.md names every one of the thirteen native languages (0.100958ms)
✔ README names every native language in its fast-path and roadmap lists (0.176583ms)
✔ the extension README covers C and C++ at the canonical count (0.159125ms)
✔ no live surface still claims eleven languages (historical records exempt, and proven so) (11.242291ms)
✔ the sweep actually reads the surfaces it claims to (non-vacuity) (2.940208ms)
✔ the walk emits separator-independent keys, so the exemptions apply on every platform (1.2215ms)
✔ the built site renders all thirteen languages, not a stale snapshot (0.273375ms)
✔ the launch drafts are committed, with an index and a receipts table (0.560625ms)
✔ every draft in the directory is registered in the index with a channel and a status (0.800042ms)
✔ every artifact the drafts draw numbers from was regenerated inside the mission window (1.477875ms)
✔ the unstamped correctness receipt belongs to the same fresh run as the stamped ones (0.463042ms)
✔ the freshness gate does not depend on a gitignored file (38.1915ms)
✔ the receipts table names only artifacts that exist in the tree (0.779958ms)
✔ no unreceipted number appears in the launch drafts (2.139ms)
✔ each receipted number still equals the value its artifact records (0.713292ms)
✔ every receipted number is actually used by a draft (the table cannot rot into fiction) (0.662583ms)
✔ the check count is derived from the receipts, not asserted against a remembered total (0.743417ms)
✔ all 32 pre-registered checks are recorded as passing (0.594042ms)
✔ no draft states a charter-barred claim (0.543292ms)
✔ no draft names a rival product beside a number (0.427166ms)
✔ the superseded pilot figures are not quoted as live results (0.472333ms)
✔ the Show HN title fits the channel limit (0.244417ms)
✔ each draft publishes the null alongside the passes (0.195167ms)
✔ each draft states the local-product invariants it is trading on (0.168333ms)
✔ the free-forever boundary is stated wherever the drafts mention the paid tier (0.162458ms)
✔ both launch pages ship as source pages AND as committed built output (0.726416ms)
✔ the LSP FAQ names the objection and answers it with the four things a one-hop lookup cannot do (0.301333ms)
✔ the gating answer cites a receipt that actually records the gate verdicts (0.755ms)
✔ the LSP FAQ says the two compose rather than claiming a replacement (0.802834ms)
✔ the comparison page leads with the replicated recall result, at equal cost (0.2035ms)
✔ the comparison page publishes the token null instead of the superseded saving (0.330584ms)
✔ the comparison page renders the honesty ledger from product.json, not by hand (0.357042ms)
✔ neither page names a rival product — the contrast is against approaches and measured baselines (0.564542ms)
✔ every artifact path cited on the launch pages exists in the tree (0.453334ms)
✔ no unreceipted number appears in the authored launch-page copy (1.728875ms)
✔ each receipted number equals the value the committed artifact records (1.776583ms)
✔ the receipted numbers are actually on the pages (the map cannot rot into a fiction) (1.022708ms)
✔ both pages are registered in the PAGES table as listed pages (0.257458ms)
✔ both pages are in the committed sitemap (0.078958ms)
✔ the consistency sweeps cover both new pages (0.093875ms)
✔ both pages are one click from the live homepage, and the links resolve in docs/ (0.13375ms)
✔ the widened nav can shrink instead of pushing the CTAs off-screen (0.139333ms)
✔ the product page routes its LSP objection card to the full FAQ (0.071958ms)
✔ the charter records the divergence from COMPETITIVE.md Bet 1 rather than leaving it silent (0.155791ms)
✔ L1: warm cached run never initializes the AST engine and is byte-identical to cold (209.716208ms)
✔ L2: a warm cached run of a dispatch-tier language never re-initializes the engine (209.421333ms)
✔ L3: --engine regex reports ast: off and the regex cache namespace (96.194792ms)
✔ L4: probe version string equals the loaded engine version (12.309333ms)
✔ corpus sanity: fixtures + every scripts/lib module present (0.427833ms)
✔ P1 maskJs: per-line length preservation over the corpus, both modes (24.864375ms)
✔ P2 maskJs: default-mode idempotence over the corpus (57.016417ms)
✔ P1 maskPy: per-line length preservation over the corpus, both modes (37.042375ms)
✔ P2 maskPy: default-mode idempotence over the corpus (62.552916ms)
✔ P3 maskRuby: idempotence + line-count preservation over the corpus (5.743375ms)
✔ P4 maskAligned: every JS-family extension the extractor enumerates gets the aligned mask (0.258958ms)
✔ MASK-ID repo: maskJs is byte-identical to the frozen reference over every mask-eligible repo file (18679.834125ms)
✔ MASK-ID corpus: maskJs is byte-identical to the frozen reference over a loaded bench-corpus tree (74.5165ms)
✔ MASK-ID fixtures: adversarial shapes (regex, templates, expr nesting, escapes, PHP #) (0.23875ms)
✔ n1 (default/ast tier): nested-template text is prose — no docs -> fabricateMe; real caller survives (121.023875ms)
✔ n2 (default/ast tier): a `}` in nested template text does not invert state (0.222375ms)
✔ n3 (default/ast tier): escaped \` in template text stays text (0.234166ms)
✔ n4 (default/ast tier): string content inside ${} fabricates nothing (0.155375ms)
✔ n5 (default/ast tier): two-deep nesting keeps the middle expr live; regex beats backtick-push (0.138084ms)
✔ n1 (regex tier): nested-template text is prose — no docs -> fabricateMe; real caller survives (64.377542ms)
✔ n2 (regex tier): a `}` in nested template text does not invert state (0.162875ms)
✔ n3 (regex tier): escaped \` in template text stays text (0.183291ms)
✔ n4 (regex tier): string content inside ${} fabricates nothing (0.084917ms)
✔ n5 (regex tier): two-deep nesting keeps the middle expr live; regex beats backtick-push (0.50325ms)
✔ a quote inside a regex literal does not desync the mask: extent stays tight, no fabricated edge (39.813166ms)
✔ a backtick inside a regex literal does not flip template state: prose stays prose (0.143125ms)
✔ division is not lexed as a regex opener; regex after `return` is (0.055334ms)
✔ a {n} quantifier in a regex inside ${} does not corrupt interpolation brace matching (0.0615ms)
✔ self-map: complexity.mjs yields its known same-file edges (24.873583ms)
✔ budget injection: callers defaults to top-20 + more; full:true unabridged; explicit limit wins (223.438167ms)
✔ graph auto-discovery: nearest .codeweb/graph.json above cwd; none -> actionable error naming codeweb_map (111.363917ms)
✔ codeweb_map: builds a real graph over MCP and reports the path + stats (514.581042ms)
✔ API F6: codeweb_map failure never suggests --allow-empty (a flag the tool cannot pass) (226.237208ms)
✔ API F3: risk honors offset (offset:50 is not page 0) and more carries nextOffset (357.273917ms)
✔ API F3: break_cycles pages by offset; deadcode/context tiers and reading_order mark truncation (525.601083ms)
✔ find_similar accepts an inline body over MCP (stdin plumbing) + structural flag (597.865708ms)
✔ ac_10: codeweb_dependents returns the full union (call+import+inherit+test+ref) with byKind (57.383666ms)
✔ ac_10: dependents answers are budgeted with true totals (limit -> more.remaining) (51.871417ms)
✔ ac_10: the CLI serves the same mode from the same manifest entry (--dependents) (48.290167ms)
✔ MP-STATS-PARITY: codeweb_stats (in-process) === stats.mjs --json — empty AND non-empty ledgers (187.111042ms)
✔ MP-STATS-MISSING: codeweb_stats on a missing graph falls through to the spawned CLI (identical errResult text) (165.116166ms)
✔ MP-DIFF-PARITY: codeweb_diff (in-process from cachedGraph) === diff.mjs --json, byte-for-byte (MD1/MD2/MD2b) (315.829791ms)
✔ MP-DIFF-FALLBACK: codeweb_diff on a nonexistent after graph → isError (spawn fallback), stdout stays pure (106.848375ms)
✔ queueKeyFor: graph tools key to the DIR of graph.json (annotate too — dirFromGraph, not graphless) (0.428583ms)
✔ queueKeyFor: diff keys to the dir of args.after — COLLIDES with refresh on one workspace (#30) (0.070667ms)
✔ queueKeyFor: a relative after resolves against cwd (0.049708ms)
✔ queueKeyFor: map keys to resolve(out) (default out = <target>/.codeweb) (0.054625ms)
✔ queueKeyFor: the "(graphless)" slot is UNREACHABLE for shipped tools (only diff+map are graphless) (0.080375ms)
✔ I5: a failing codeweb_map settles ONCE (exactly one reply for its id) and the server drains + exits 0 (195.087291ms)
✔ I5b: unsupported-repo map failure names the escapes, never the --allow-empty leak (203.979416ms)
✔ S1a epipe-survival: find_similar 1MB body + bad graph → isError result, and the server still answers a later ping (alive, exit 0) (111.807875ms)
✔ S1b epipe-survival: client closes its stdout read end mid-burst → server exits 0 (inherited cli.mjs guard) (75.009417ms)
✔ S2 refresh→diff in one burst: the diff reads POST-refresh bytes (waited, I6) and is served in-process (no child) (650.621458ms)
✔ S3 two codeweb_map on one out dir in a burst: end(map#1) < start(map#2), surviving graph parses (676.571458ms)
✔ I7 autoRefresh-skip: explicit refresh + a stale-triggering query in one burst → skip-autorefresh, ONE refresh child (682.305ms)
✔ S4 cancellation-kills-child: notifications/cancelled on a running map → trace kill, NO reply for its id, ping answers, exit 0 (70.66475ms)
✔ S7 malformed-and-batch-frames: 42, "x", null, [] each answer ONE -32600 (id:null); a following ping answers (63.327542ms)
✔ T-34.3 batch fan-out: [{ping id:9},{unknown-tool id:10}] → normal reply for 9 AND -32602 for 10 as individual lines; notifications stay silent (59.534209ms)
✔ S5 refresh-preserves-sidecars: after codeweb_refresh all three sidecars are FRESH (stamps === statSync(graph.json)) (696.91975ms)
✔ S6 reader-overlap: two readers released together by a writer barrier → both start before either ends (I4) (663.776417ms)
✔ I4 cap: 4 readers released by a writer barrier peak at exactly READER_CAP=3 concurrent (never 4) (735.525125ms)
✔ I2/I3 writer-barrier: [reader, writer, reader] one burst → end(reader1) ≤ start(writer) < start(reader2) (723.191917ms)
✔ cancel-during-diff-fast-path: cancel while the diff awaits the writer tail → NO reply, ping answers (604.639791ms)
✔ ac_9: diff {} before any snapshot fails with the refresh {snapshot:true} remedy (59.137708ms)
✔ ac_9: refresh {snapshot:true} then diff {} completes the loop in one MCP session (239.1385ms)
✔ ac_9: the refresh CLI serves the same flag (--snapshot) (177.6725ms)
✔ ac_11: a spawned advisor (codeweb_risk) on a stale graph carries the staleness verdict (108.87275ms)
✔ ac_11: codeweb_simulate (the refactor pre-flight) is staleness-annotated too (106.204792ms)
✔ ac_11: codeweb_stats stays unannotated (an activity receipt, not a structural answer) (55.907792ms)
✔ M1: initialize returns protocolVersion, an object tools capability, and serverInfo (55.24425ms)
✔ M2: tools/list exposes the full tool set with object schemas + correct required args (51.085667ms)
✔ M2b: initialize carries workflow instructions; unknown client protocol falls back to ours (102.89625ms)
✔ M3: tools/call codeweb_impact returns the query JSON as text content (64.785041ms)
✔ M3b: tools/call codeweb_review (a new agent tool) returns its JSON through the server (105.227ms)
✔ M4: tools/call resolves a bare label (codeweb_callers helper) (58.986375ms)
✔ M5: unknown tool name -> JSON-RPC error -32602 (invalid params), not a crash (56.805333ms)
✔ M6: a not-found symbol is a valid tool result (found:false), not a protocol error (70.770917ms)
✔ M6b: a missing required argument -> tool result with isError:true (not a JSON-RPC error) (53.885666ms)
✔ M7: notifications (no id) get no response; later requests are still answered (90.832167ms)
✔ M8: unknown method -> method-not-found error (-32601) (57.609916ms)
✔ M9: the server exits cleanly (status 0) when stdin closes (54.390833ms)
✔ M10: malformed JSON on stdin -> parse error -32700, no crash, recovers (61.584583ms)
✔ MD1: codeweb_diff on two clean snapshots returns the delta JSON as content, ok:true, not isError (52.89925ms)
✔ MD2: a regression (new cycle + new duplication) is a VALID result with ok:false, NOT isError (55.318709ms)
✔ MD2b: adding a brand-new uncalled node is reported but NOT a regression (ok:true) (55.488834ms)
✔ MD3: codeweb_diff args are optional (AC-9) — no discoverable graph for the default `after` fails actionably (56.32325ms)
✔ MD4: codeweb_diff on a nonexistent graph file -> isError:true (IO), stdout stays pure JSON-RPC (120.366125ms)
✔ MD5 / API F6: diff remedies never say "pass `graph`" — codeweb_diff has no such param (60.744916ms)
✔ M11 / CTX-MCP-PARITY: codeweb_context output == context-pack.mjs --json, verbatim (F1) (422.322042ms)
✔ M12 / RFS-MCP-PARITY + IDEMPOTENT: codeweb_refresh matches the CLI and is idempotent (F2) (666.302209ms)
✔ M13: codeweb_hotspots ranks symbols (F4) (126.319125ms)
✔ M14: codeweb_campaign returns an ordered worklist (F5) (177.356083ms)
✔ M15: codeweb_reading_order returns a bounded foundations-first path (F8) (111.863416ms)
✔ codeweb_simulate pre-flights a delete and returns the gate verdict (96.995375ms)
✔ codeweb_simulate validates its mode arguments (50.886125ms)
✔ codeweb_annotate records a suppression beside the graph and lists it back (150.393417ms)
✔ codeweb_stats serves the value receipt over MCP (60.286166ms)
✔ codeweb_map emits notifications/progress when the client sends a progressToken (461.5475ms)
✔ LSH-PAIRS-EQ: lshCandidatePairs ≡ verbatim string-key reference — pairs ORDER, buckets, skippedBuckets (220 seeded cases, both signal configs) (130.069ms)
✔ LSH-TIER2-COLLISION-SPILL: a true band-fold collision spills by exact tuple, never merges differing tuples (0.573ms)
✔ LSH-PAIRS-DETERMINISTIC: identical entries in identical order -> identical result object (0.641417ms)
✔ N1: minhash estimate tracks true Jaccard within 0.15 at K=128 (>=95% of pairs) (27.82525ms)
✔ N2: banding proposes >=99% of pairs at the overlap confirm thresholds (20.376917ms)
✔ N3: signatures and band keys are deterministic and iteration-order independent (0.649875ms)
✔ emits a per-file `module` node for files with top-level calls (44.592792ms)
✔ top-level calls attribute to the module node, not the trailing function (20.174917ms)
✔ PRECISION: the trailing function does NOT absorb top-level calls (the EOF-range bug) (17.069042ms)
✔ RECALL: a non-exported helper called only from module scope is not a false orphan (16.202625ms)
✔ Python: dedent body extent + module attribution (22.352541ms)
✔ regex literals with braces do not corrupt body-end (scanSymbols repro) (14.20275ms)
✔ LINT-NUL: no tracked .mjs file contains a raw byte < 0x09 (64.430042ms)
✔ OD0: the simulation path is declared — delta by default, clone under CODEWEB_OPT_SIM=clone (107.31675ms)
✔ OD1: property — delta and clone simulations emit byte-identical results on random graphs (1336.890417ms)
✔ OD2: a cycle-creating merge is blocked with identical projectedNewCycles either path (113.837542ms)
✔ a body-confirmed high duplicate whose merge stays acyclic is READY (gate would pass) (52.902542ms)
✔ a duplicate whose naive merge would create a new file cycle is BLOCKED (gate would reject) (47.771667ms)
✔ a drifted duplicate is REVIEW, never auto-ready (no blind-merging diverged copies) (51.855875ms)
✔ a structural-high duplicate (bodySim null) is REVIEW — only body-confirmed merges are ready (82.852792ms)
✔ low and refuted findings are excluded entirely (precision over recall) (64.109958ms)
✔ a parallel-impl finding is surfaced as REVIEW, not a delete-the-copies merge (61.210875ms)
✔ an empty overlap set yields a clean zero report and exit 0 (53.919833ms)
✔ opportunities are ordered ready -> blocked -> review (actionable first) (45.305083ms)
✔ --out writes an optimize.md artifact with the tiered sections (45.303333ms)
✔ missing graph path exits 2 (usage) (47.315416ms)
✔ OCC1: a planted C duplicate across two .c files is reported (0.629459ms)
✔ OCC2: a planted C++ duplicate across two .cpp files is reported (0.079875ms)
✔ OCC3: body confirmation read REAL bodies — the extents the extractor measured are right (0.075542ms)
✔ OCC4: the report the gate consumes names both languages (0.054917ms)
✔ OC1+OC2: big-group sampling and hub-label twin cap, both reported (135.552ms)
✔ N4: LSH finds the planted twin pair the capped path provably never examines (1097.333375ms)
✔ N4b: the LSH path is byte-deterministic across runs (1185.502583ms)
✔ N5: small inputs keep the exact path by default — bytes equal a forced-exact run (784.999417ms)
✔ N6: Signal C near-miss clones — LSH and exact paths confirm the same finding (839.582166ms)
✔ >=4 same-named uncalled implementations demote to interface-pattern (never "merge these") (77.853625ms)
✔ duplicated FIXTURE helpers are excluded from findings by default; CODEWEB_ALL_ROLES=1 restores them (107.600625ms)
✔ Signal B: twin candidates scope to product roles; CODEWEB_ALL_ROLES=1 restores (114.464375ms)
✔ identical bodies -> high confidence duplicate-logic (0.752125ms)
✔ same name, disjoint bodies -> refuted (dismissed as coincidental) (0.071625ms)
✔ partially diverged bodies -> medium/drifted (0.070667ms)
✔ CLI-scaffold names fold into one shared-responsibility finding (0.075083ms)
✔ overlaps are ranked, id-stamped, and written back into the graph (0.13675ms)
✔ structural fallback when source is absent (50.920459ms)
✔ P1: manifest is publishable — bins, files, no runtime deps, not private (1.531417ms)
✔ P2: npm pack ships engine + plugin surfaces, excludes repo-only trees (1981.202166ms)
✔ P3: packed release installs offline and each installed bin answers --help (3690.273083ms)
✔ run.mjs completes and emits all five artifacts (0.595ms)
✔ graph carries the target through every stage (0.627708ms)
✔ the cross-domain duplicate is surfaced and body-confirmed high (0.362791ms)
✔ report.html is a self-contained, non-trivial document (0.767292ms)
✔ overlap.md lists the finding for human review (0.375667ms)
✔ PL-GRAVITY: suggested domain == inline-recomputed plurality of resolved callees (40 cases) (2098.100833ms)
✔ PL-TIE: a tie resolves to the lexicographically smallest domain (54.581792ms)
✔ SC1: suggested file is the highest-callIn file in the chosen domain (51.755375ms)
✔ PL-REUSE-SOUND: name warnings are real nodes with the exact --name label (47.708958ms)
✔ PL-REUSE-SOUND: body warnings clear the medium (0.35) floor (100.723042ms)
✔ SC3/SC4: unresolved callees reported; empty -> unassigned/null (118.124333ms)
✔ PL-DETERMINISTIC: identical inputs -> identical stdout (100.957833ms)
/Library/Developer/CommandLineTools/usr/bin/ctags: illegal option -- -
usage: ctags [-BFTaduwvx] [-f tagsfile] file ...
✔ structuralRegressions: a NEW file-level cycle is flagged (1.160625ms)
✔ structuralRegressions: a pre-existing cycle is NOT re-flagged (0.123833ms)
✔ structuralRegressions: a SURVIVING symbol that lost all callers is flagged (0.385667ms)
✔ structuralRegressions: a DELETED symbol is not a lost-caller regression (0.069792ms)
✔ structuralRegressions: a clean additive edit yields nothing (0.456959ms)
✔ hook is INERT for a non-source file (no .codeweb work) (48.863167ms)
✔ hook is INERT when the file is not under a mapped target (47.919833ms)
✔ hook flags a NEW cycle introduced by an edit (vs the baseline) (139.027625ms)
✔ S18-1: given a map, the sidecar exists beside graph.json and stamp-matches it (438.052542ms)
/Library/Developer/CommandLineTools/usr/bin/ctags: illegal option -- -
usage: ctags [-BFTaduwvx] [-f tagsfile] file ...
/Library/Developer/CommandLineTools/usr/bin/ctags: illegal option -- -
usage: ctags [-BFTaduwvx] [-f tagsfile] file ...
/Library/Developer/CommandLineTools/usr/bin/ctags: illegal option -- -
usage: ctags [-BFTaduwvx] [-f tagsfile] file ...
/Library/Developer/CommandLineTools/usr/bin/ctags: illegal option -- -
usage: ctags [-BFTaduwvx] [-f tagsfile] file ...
/Library/Developer/CommandLineTools/usr/bin/ctags: illegal option -- -
usage: ctags [-BFTaduwvx] [-f tagsfile] file ...
/Library/Developer/CommandLineTools/usr/bin/ctags: illegal option -- -
usage: ctags [-BFTaduwvx] [-f tagsfile] file ...
✔ S18-2: a valid sidecar yields the same verdict as the legacy parse path on the same payload (533.734583ms)
✔ S18-3: removing a baseline cycle key from the sidecar makes the hook report that cycle as NEW — the sidecar, not the graph, was consumed (420.148792ms)
✔ S18-4: a stale or corrupt sidecar falls back to the legacy path with the correct verdict (643.876708ms)
✔ S18-5: both sidecar AND graph corrupt -> the hook binary exits 0 silently (the contract is fail-open) (494.2205ms)
✔ S18b-NOCHANGE: a no-change in-process fire returns null and leaves the warm cache bytes untouched (476.720458ms)
✔ S18b-PARITY: additionalContext byte-identical via the in-process path and CODEWEB_HOOK_INPROC=0 (spawn) (386.799208ms)
✔ the hook leaves no codeweb-hook-*.json temp files behind (110.439417ms)
✔ the pre-registered check count on every published surface equals what the receipts enumerate (8.283958ms)
✔ no published surface still frames the study as "32 / 33" (0.89325ms)
✔ the retired check is recorded with its reason, not silently dropped (0.274375ms)
✔ every check the receipts enumerate is recorded as passing (0.500125ms)
✔ H15 is claimed as passing only while its receipt says so (0.570958ms)
✔ no phantom symbol is extracted from inside a docstring (33.452959ms)
✔ no call edge is fabricated from inside a docstring (19.448334ms)
✔ no call edge is fabricated from inside a # comment (27.780083ms)
✔ a REAL call after the docstring is still extracted (30.220791ms)
✔ real symbols around the docstring are intact (25.513542ms)
✔ DEPENDENTS: render_template no longer lists the docstring/comment false callers (91.658667ms)
✔ single-line f-string: report -> compute edges (0.304542ms)
✔ triple-quoted f-string: multi -> compute edges; {{code}} stays text (0.060333ms)
✔ rf prefix: prefixed -> compute edges (0.049ms)
✔ plain strings stay blanked: no decoy -> compute edge (0.059167ms)
✔ expr-interior string content stays blanked: no decoy2 -> compute edge (0.052042ms)
✔ RECALL+PRECISION: a relative named import pins the bare call to the exact symbol (40.455291ms)
✔ RECALL: a relative submodule member call resolves (from . import models; models.build()) (34.007292ms)
✔ RECALL: an absolute aliased module member call resolves (import pkg.models as m; m.build()) (16.026958ms)
✔ the submodule import emits a coarse <module> edge (not a symbol edge) (27.701333ms)
✔ PRECISION: a param obj.helper() fabricates no edge (18.300167ms)
✔ DEPENDENTS: --dependents build includes both the submodule and absolute-alias callers (82.553917ms)
/Library/Developer/CommandLineTools/usr/bin/ctags: illegal option -- -
usage: ctags [-BFTaduwvx] [-f tagsfile] file ...
/Library/Developer/CommandLineTools/usr/bin/ctags: illegal option -- -
usage: ctags [-BFTaduwvx] [-f tagsfile] file ...
/Library/Developer/CommandLineTools/usr/bin/ctags: illegal option -- -
usage: ctags [-BFTaduwvx] [-f tagsfile] file ...
/Library/Developer/CommandLineTools/usr/bin/ctags: illegal option -- -
usage: ctags [-BFTaduwvx] [-f tagsfile] file ...
✔ Q1+Q2: from <own-pkg> import name resolves through the src-layout __init__ re-export (87.266042ms)
✔ Q3: an explicit import binds calls across a package boundary (47.000416ms)
✔ Q4: the module-level import site attributes to <module>, matching site granularity (53.869333ms)
✔ Q-guard: `import json` never grabs an in-repo NESTED json package (52.546959ms)
✔ SC1: no query prints usage to stderr (not stdout) and exits 2 (46.171667ms)
✔ SC2: missing graph file exits 2 with a clear message (no raw stack) (44.810042ms)
✔ SC3: --callers returns direct call in-neighbors, sorted (50.778083ms)
✔ SC4: --callees returns direct call out-neighbors, sorted (54.166042ms)
✔ SC5: --impact returns the transitive reverse-call closure + distinct domains (58.28975ms)
✔ SC5b: --impact on an ambiguous label seeds from ALL matches, excluding every seed (54.951042ms)
✔ SC5c: --impact terminates on recursion (self-loop) and excludes the seed (46.158542ms)
✔ SC6: --cycles finds a file-level dependency cycle (SCC size >= 2) (49.188083ms)
✔ SC6b: multiple cycles are emitted in a deterministic order (sorted) (53.021042ms)
✔ SC7: --orphans = no incoming edges AND not exported (exported-unused excluded) (62.222833ms)
✔ SC7b: --orphans returns [] at exit 0 (not 1) when every node has an in-edge (54.253084ms)
✔ SC8a: a bare ambiguous label resolves to ALL matching nodes (union of results) (59.017333ms)
✔ SC8b: unknown symbol exits 1 with found:false (55.634875ms)
✔ SC8c: a found symbol with zero results returns exit 0 + [] (not not-found) (51.347708ms)
✔ SC8d: import edges never leak into call adjacency (callers/callees) (106.194875ms)
✔ SC9: --json output is byte-stable across runs (deterministic for agents) (110.010083ms)
✔ SC-robust: missing node fields (exports/domain/file) default sanely, no crash (56.721458ms)
✔ SC-edgeless: a graph with no edges yields empty cycles/callers and all unexported orphans (158.292625ms)
✔ RE1: /codeweb-apply exists — ready tier only, deterministic gate owns every verdict (0.724458ms)
✔ RE2: /codeweb-pitch exists — every number pinned to an artifact, review before sharing (0.1785ms)
✔ RE3: narration is a provenance-labeled sidecar — brief renders it, absence changes nothing (3.700041ms)
✔ RE4: --serve serves the workspace on localhost only (133.908917ms)
✔ RE5: quickstart bins exist with the Node guard and forward faithfully (100.179125ms)
✔ RE6: the acquisition ledger runs on a schedule and appends where the docs say (0.228833ms)
✔ RE7: the spend-gated AI work is documented as funded proposals, not silently run (0.228584ms)
✔ RO-EQUIV-ORACLE + RO-EARLY-EXIT: rewrite ≡ frozen O(n²) oracle; budget b ≡ full-order prefix (200+ seeded cases, all scopes) (9.951875ms)
✔ RO-BUDGET-NORMALIZE: -1 / 0 / 2.5 / NaN / Infinity keep the pre-#22 slice semantics (1.738791ms)
✔ RO-FOUNDATIONS-FIRST: for an acyclic call graph, every callee precedes its caller in the order (5.988042ms)
✔ RO-BUDGET: output length <= budget; budget >= scope size -> every in-scope symbol once (2.6825ms)
✔ RO-SCOPE-CLOSED: domain/file scope only emits in-scope ids; symbol scope stays in its closure (0.369667ms)
✔ RO-CYCLE-SAFE + RO-DETERMINISTIC: a cyclic call graph yields a stable total order, no crash (0.156291ms)
✔ RO-CLI: reading-order.mjs --json emits an ordered, budgeted path (53.721541ms)
✔ RECALL: a function passed to .map(fn) is captured as a reference edge (34.734292ms)
✔ RECALL: a function passed as a callback argument is captured (22.15975ms)
✔ PRECISION: a method call obj.fn() does NOT resolve to a top-level fn() (16.807583ms)
✔ version-sync.mjs runs clean on the aligned repo (idempotent no-op) (126.198041ms)
✔ screenshot.mjs front door: no args dies with usage (exit 2), never a stack trace (48.024917ms)
✔ auditClaimValues: a stated stat that disagrees with its receipt fails; the real repo is clean (11.95875ms)
✔ bumpVersion follows SemVer (0.15925ms)
✔ the real repo derives 28 MCP tools from the source (0.4355ms)
✔ engines.node claims exactly the tested floor (>=22) (0.126708ms)
✔ the real repo is consistent (versions + tool count aligned) (23.71125ms)
✔ check-consistency CLI exits 0 on the aligned repo (67.193292ms)
✔ rollChangelog moves Unreleased into a dated version section (0.374667ms)
✔ rollChangelog refuses an empty Unreleased (0.186375ms)
✔ syncTargets rewrites version + tool count via backref-preserving subs (0.213208ms)
✔ checkConsistency catches drift, applySync repairs it (round-trip) (9.843459ms)
✔ checkConsistency fails a sponsorship cost premise in the stdout copy module (5.440791ms)
✔ checkConsistency fails a sponsorship cost premise on any prose surface, not just product-copy (5.246167ms)
✔ checkConsistency fails a numeric claim literal in a script outside product-copy.mjs (3.541917ms)
✔ checkConsistency enforces the D1 manifest discipline (restatement + phantom docs) (9.387375ms)
✔ scanProseCounts flags the live package.json description string against 27 tools (0.078625ms)
✔ checkConsistency scans site/data/product.json prose — the stale-elevator class (0.050917ms)
✔ scanProseCounts flags a stale tool count, in digits and words (0.107958ms)
✔ scanProseCounts flags a stale native-language count (1.411958ms)
✔ scanProseCounts catches the "(N total)" and bare "N languages" phrasings that slipped v0.9.0 (0.18425ms)
✔ product.json languages match the extractor: one file per extension, counted (209.886ms)
✔ CHANGELOG never @-mentions a number — bare @digit is banned outside code spans (2.961542ms)
✔ the release workflow re-syncs notes for an existing release instead of skipping (0.243084ms)
✔ G1: callers that try/catch or .catch() the call surface as exception reliance (164.678666ms)
✔ G2: a callee that mutates its parameter is flagged — callers share that object (172.475958ms)
✔ G3: null-checked results surface as nullability reliance (190.9575ms)
✔ G4 (control): none of the evidence -> none of the claims (146.168542ms)
✔ explain card reports fields, awaited fraction, and arg range from real call sites (235.185625ms)
✔ the pre-edit hook delivers the reliance line without being asked (125.275542ms)
✔ no callers or unreadable source -> no reliance claim (absence is honest) (317.253958ms)
✔ diff: a rename (same body, new name) reports as renamed, not delete+add churn (56.05025ms)
✔ explain: one bounded card with identity, dependents, tops, and findings membership (103.038ms)
✔ C1+C4: cost-to-coverage per condition — means over reported cells only, missing counted (46.017542ms)
✔ C2: analyzer output byte-identical across runs (86.377333ms)
✔ P1: missed-then-fixed signature change mines as exactly one task with the history as answer key (1443.470958ms)
✔ P2: a well-executed change (all callers updated) mines nothing — and the funnel says why (856.617667ms)
✔ P3: a fix outside --followup-window mines nothing — and the funnel says why (1176.096708ms)
✔ P4: a formatting-only reformat is NOT a signature change — the prettier trap mines nothing (981.10675ms)
✔ P5: a change too large to embed verbatim is rejected, never truncated into the instruction (1090.764625ms)
✔ P6: a keyword-labeled symbol is rejected — its "mention" evidence would match syntax (866.841959ms)
✔ T-37.1: gDraw reads cvColors() exactly once, before the edge/node passes (not per label) (0.422458ms)
✔ T-37.3: every edge of a 50k set has per-edge style === its bucket style (byte-exact) (34.287042ms)
✔ T-37.3: theme ink overrides swap the triplet, never the alpha/width/dash math (0.1725ms)
✔ T-37.3: weight ≥ 72 collapses to one width bucket, weight ≥ 29 to one alpha, no over-merge across states (0.091458ms)
✔ T-37.2: labelPick caps at the given count (0.627791ms)
✔ T-37.2: priority order is bubbles > hl members > screen radius desc, tie-break by id (0.285292ms)
✔ T-37.2: labelPick is position-independent and deterministic (flicker-free across anneal) (1.932917ms)
✔ T-37.4: hitScan matches the old per-frame AN scan; gDraw no longer rescans AN (0.326417ms)
✔ E1+E2: editor links ship without leaking the source root (62.897125ms)
﹣ L1: harness emits the full measurement schema on a fixture report (0.32525ms) # playwright not resolvable
﹣ L2: a non-report input fails loudly, never emitting bogus timings (0.263458ms) # playwright not resolvable
✔ report-sim: gStepChunk extracts from the template and a small sim settles + terminates (87.147042ms)
✔ report-sim: the layout is deterministic — identical seeds give bitwise-equal positions ×2 runs (268.1625ms)
✔ report-sim: the spiral seeding is also deterministic and stays finite (190.874833ms)
✔ report-sim: sliced (budget=2ms) settle is bitwise-equal to a budget=∞ settle (T-35.4) (467.655917ms)
✔ R2: refresh stamps overlapsDroppedAt, and the brief says "not recounted" instead of 0 (581.419625ms)
✔ R2: a fresh full map clears the stamp and recounts (938.678875ms)
✔ R3: the session brief nudges when the tree has changed since the map (399.327125ms)
✔ R1/R8: a re-map prints the since-last-map delta and appends history.jsonl (756.440667ms)
✔ R8: trend reads history.jsonl instantly (no pipeline runs) (774.322333ms)
✔ R8: a reused (memo-hit) run does not double-append history (513.950958ms)
✔ R6: the workspace writes its own .gitignore whitelisting the non-regenerable memory (366.457167ms)
✔ R9/R10: the report renders its own age (view-time, byte-clean) and the building version (379.2615ms)
✔ R10: the run banner names the version (385.925084ms)
✔ R10: README and the site ask for a release-watch, not just a star (0.357416ms)
✔ R4: the same regression is flagged once, not on every subsequent edit (520.1615ms)
✔ R5: a suppressed finding disappears from graph.overlaps and reports a suppressedCount (682.466834ms)
✔ R7: the gate comment links home and can render a cross-PR trend line (0.6385ms)
✔ R7: ci-gate documents the --history flag (34.252958ms)
✔ R11a: a failed unsupported-language map leaves a marker that routes to the agent fallback (191.947791ms)
✔ R3: the pre-edit card marks a file whose stamps no longer match the map (302.432166ms)
✔ stats: full maps stamp firstMapAt/lastMapAt/mapCount (and only fresh computes count) (752.236125ms)
✔ RV1: FUNDING.yml exists — payment friction drops from infinite to zero (0.7045ms)
✔ RV2: README states the free-forever contract and the ratified sponsor story (0.331042ms)
✔ RV3: the support page tells the ratified story — placement for sponsors, no cost claims (0.206ms)
✔ RV4: the receipt-high-point ask fires on real value, once a month, local-only (1144.886916ms)
✔ RV5: trend (the team-lead surface) carries the ask only with a real series (95.493042ms)
✔ RV6: the two shared artifacts carry the sponsor rail (attribution, not solicitation) (6.972875ms)
✔ RV7: anti-placements hold — no ask on agent-facing or trust surfaces (1.03525ms)
✔ RV-HUNK-MAP: changedSymbols == inline interval-overlap oracle; RV-BLAST-EXACT: blast == impactOf (40 cases) (2038.401084ms)
✔ RV-WHOLE-FILE: whole-file change selects exactly that file's nodes (43.365291ms)
✔ SC3/--gate: a new file cycle vs --before is reported and gates (157.931083ms)
✔ RV-DETERMINISTIC: identical inputs -> identical stdout (88.75475ms)
✔ RK-COMPONENTS: components + risk + ranking match the independent recompute (30 cases) (1528.144125ms)
✔ RK-MONOTONE: risk is non-decreasing in each component (100 random vectors) (0.969291ms)
✔ --changed restricts ranked output to changed files (46.411542ms)
✔ RK-PAGING: --offset pages with nextOffset; text mode honors --limit (147.757833ms)
✔ RK-DETERMINISTIC: identical inputs -> identical stdout (93.133667ms)
✔ R1: override maps docs/** to generated; heuristics keep the rest (119.745375ms)
✔ R2: first matching glob wins, in config order (130.959583ms)
✔ R3: an unknown role value fails loudly, naming the entry (57.256125ms)
✔ R5: a rules-file role flip with a warm cache re-derives edges (the #10 gate sees fresh roles) (160.746958ms)
✔ R4: absent roles section == absent rules file (byte-identical fragments) (236.636417ms)
✔ T-13.1: a Ruby heredoc body fabricates no symbol and no edge; real code stays live (91.520875ms)
✔ T-13.2: a PHP `#` comment fabricates no edge; the real call edges (86.93675ms)
✔ SE-IMPORT-CLEAN: import(extract-symbols) is side-effect-free (52.839792ms)
✔ IE-TWO-RUNS: two sequential runExtract calls each byte-equal a fresh CLI run (231.212708ms)
✔ IE-TWO-RUNS-CONCURRENT: Promise.all of two runExtract calls each byte-equal a fresh CLI run (206.846292ms)
✔ RE-ERRORS: guard paths throw ExtractError, never exit the host process (0.456917ms)
✔ K1: per-stage timing on stderr, artifacts byte-identical across cold runs (757.012709ms)
✔ K2: scale.mjs emits the full schema and restores the edited source byte-identically (1497.089916ms)
✔ K3: stagesReused honesty is pinned at the parser level (0.649583ms)
✔ PROPERTY: every product-role ref edge lands on a product-role target (1.822666ms)
✔ no lib/import-resolve or lib/cli edge into extract-symbols rel/textOf/maskedOnce (0.768541ms)
✔ F6: robots.txt + sitemap.xml exist, and internal markdown is excluded from crawl (0.706583ms)
✔ F12: every same-site fragment link in the built site resolves to an element with that id (8.604541ms)
✔ F6b: the IndexNow key deploys with the site and matches the committed key (0.201166ms)
✔ F6c: search engines get pinged on every site deploy, no account needed (0.096667ms)
✔ F5: the demo — the most-shared URL — finally unfurls (0.179375ms)
✔ F7/F9: built pages carry search vocabulary and every page has an h1 (0.690083ms)
✔ F10/F11: JSON-LD structured data + OG image dimensions (0.481708ms)
✔ F2: server.json exists for the MCP registry and tracks the package version (0.227166ms)
✔ F4: npm metadata carries the category keywords for the next publish (0.129583ms)
✔ F8: the case study is a real built page, not stranded markdown (0.177334ms)
✔ F6d: the Search Console ownership proof rides the shared head — dropping it would silently unverify the property (0.23125ms)
✔ F1b: repo About settings are code — the workflow applies what the JSON declares (0.568166ms)
✔ F1: the zero-code operator actions are written down where the operator will find them (0.34775ms)
✔ unterminated quotes tokenize in linear time, not exponential (5.3295ms)
✔ string collapsing semantics are unchanged (0.600667ms)
✔ fresh stamp + matching version -> the parsed doc (1.2715ms)
✔ version mismatch -> null (stale schema never served) (0.71525ms)
✔ stale mtime -> null (0.595625ms)
✔ stale size -> null (0.772208ms)
✔ graph rewritten after the sidecar stamped it -> null (0.760083ms)
✔ missing stamp, missing sidecar, malformed JSON, missing graph -> null, never throws (0.98975ms)
✔ writeSidecars is byte-identical to the individual builders the old build-report block ran (356.021959ms)
✔ the trio shares ONE stamp === statSync(graph.json), and all three loaders return non-null (5.1135ms)
✔ similar-index is REBUILT when meta.root is readable (3.824166ms)
✔ similar-index is REMOVED when meta.root is absent (brief + index-lite still written) (3.628542ms)
✔ similar-index is REMOVED when meta.root is set but gone from disk (1.71175ms)
✔ crash-window: a graph rewritten after the sidecars leaves only stamp-MISMATCHED sidecars (all loaders null) (5.192209ms)
✔ after a refresh, session-brief preview() is byte-identical from the sidecar path and the graph path (516.627667ms)
/Library/Developer/CommandLineTools/usr/bin/ctags: illegal option -- -
usage: ctags [-BFTaduwvx] [-f tagsfile] file ...
/Library/Developer/CommandLineTools/usr/bin/ctags: illegal option -- -
usage: ctags [-BFTaduwvx] [-f tagsfile] file ...
/Library/Developer/CommandLineTools/usr/bin/ctags: illegal option -- -
usage: ctags [-BFTaduwvx] [-f tagsfile] file ...
/Library/Developer/CommandLineTools/usr/bin/ctags: illegal option -- -
usage: ctags [-BFTaduwvx] [-f tagsfile] file ...
/Library/Developer/CommandLineTools/usr/bin/ctags: illegal option -- -
usage: ctags [-BFTaduwvx] [-f tagsfile] file ...
/Library/Developer/CommandLineTools/usr/bin/ctags: illegal option -- -
usage: ctags [-BFTaduwvx] [-f tagsfile] file ...
/Library/Developer/CommandLineTools/usr/bin/ctags: illegal option -- -
usage: ctags [-BFTaduwvx] [-f tagsfile] file ...
/Library/Developer/CommandLineTools/usr/bin/ctags: illegal option -- -
usage: ctags [-BFTaduwvx] [-f tagsfile] file ...
/Library/Developer/CommandLineTools/usr/bin/ctags: illegal option -- -
usage: ctags [-BFTaduwvx] [-f tagsfile] file ...
/Library/Developer/CommandLineTools/usr/bin/ctags: illegal option -- -
usage: ctags [-BFTaduwvx] [-f tagsfile] file ...
/Library/Developer/CommandLineTools/usr/bin/ctags: illegal option -- -
usage: ctags [-BFTaduwvx] [-f tagsfile] file ...
/Library/Developer/CommandLineTools/usr/bin/ctags: illegal option -- -
usage: ctags [-BFTaduwvx] [-f tagsfile] file ...
/Library/Developer/CommandLineTools/usr/bin/ctags: illegal option -- -
usage: ctags [-BFTaduwvx] [-f tagsfile] file ...
/Library/Developer/CommandLineTools/usr/bin/ctags: illegal option -- -
usage: ctags [-BFTaduwvx] [-f tagsfile] file ...
/Library/Developer/CommandLineTools/usr/bin/ctags: illegal option -- -
usage: ctags [-BFTaduwvx] [-f tagsfile] file ...
/Library/Developer/CommandLineTools/usr/bin/ctags: illegal option -- -
usage: ctags [-BFTaduwvx] [-f tagsfile] file ...
/Library/Developer/CommandLineTools/usr/bin/ctags: illegal option -- -
usage: ctags [-BFTaduwvx] [-f tagsfile] file ...
/Library/Developer/CommandLineTools/usr/bin/ctags: illegal option -- -
usage: ctags [-BFTaduwvx] [-f tagsfile] file ...
/Library/Developer/CommandLineTools/usr/bin/ctags: illegal option -- -
usage: ctags [-BFTaduwvx] [-f tagsfile] file ...
/Library/Developer/CommandLineTools/usr/bin/ctags: illegal option -- -
usage: ctags [-BFTaduwvx] [-f tagsfile] file ...
/Library/Developer/CommandLineTools/usr/bin/ctags: illegal option -- -
usage: ctags [-BFTaduwvx] [-f tagsfile] file ...
/Library/Developer/CommandLineTools/usr/bin/ctags: illegal option -- -
usage: ctags [-BFTaduwvx] [-f tagsfile] file ...
/Library/Developer/CommandLineTools/usr/bin/ctags: illegal option -- -
usage: ctags [-BFTaduwvx] [-f tagsfile] file ...
/Library/Developer/CommandLineTools/usr/bin/ctags: illegal option -- -
usage: ctags [-BFTaduwvx] [-f tagsfile] file ...
/Library/Developer/CommandLineTools/usr/bin/ctags: illegal option -- -
usage: ctags [-BFTaduwvx] [-f tagsfile] file ...
/Library/Developer/CommandLineTools/usr/bin/ctags: illegal option -- -
usage: ctags [-BFTaduwvx] [-f tagsfile] file ...
/Library/Developer/CommandLineTools/usr/bin/ctags: illegal option -- -
usage: ctags [-BFTaduwvx] [-f tagsfile] file ...
✔ SIG-FIDELITY: extracted params match an independent inline parser over random decls (1013.755083ms)
✔ SIG-NULL-SAFE: multi-line + paren-less + no-paren decls yield signature null (43.128083ms)
✔ SC2: return annotation captured for TS and Python (37.510875ms)
✔ SIG-CONTEXT-PACK: context-pack callees include the node signature (no drift) (44.726375ms)
✔ SC2: projected has gate shape and ok === (no new cycles && no lost callers) (58.271167ms)
✔ SE-FAITHFUL: tool matches the oracle + ok invariant holds — delete (30 cases) (1353.01825ms)
✔ SE-FAITHFUL: tool matches the oracle + ok invariant holds — merge (30 cases) (1346.227334ms)
✔ SE-FAITHFUL: tool matches the oracle + ok invariant holds — move (30 cases) (1230.423083ms)
✔ SE-FAITHFUL: tool matches the oracle across mixed random ops (60 cases) (2302.034625ms)
✔ SE-PURE: the input graph file is byte-identical after a run (38.220333ms)
✔ H4: --into defaults to the smallest resolved id when omitted (38.298916ms)
✔ SE-DETERMINISTIC: same input -> identical stdout (80.581666ms)
✔ SE-OPTIMIZE-AGREE: simulate-edit --merge and optimize.mjs project the SAME newCycles for a finding (75.936834ms)
✔ SC4: unknown symbol -> exit 1; missing op -> exit 2 (75.363333ms)
✔ --out redirects the whole build (139.406542ms)
✔ builder runs and reports the expected page count (113.298959ms)
✔ emits every page in the information architecture (113.701375ms)
✔ output is deterministic — byte-stable across consecutive builds (223.936333ms)
✔ no unfilled template placeholders remain (128.801625ms)
✔ no "undefined" ever renders into a page, and every tool card has a description (113.10525ms)
✔ every page links the shared stylesheet and sets a canonical URL (127.840792ms)
✔ footer version is in lock-step with package.json (118.683709ms)
✔ pages are self-contained — no third-party network origins (112.699ms)
✔ downloads dashboard uses the full package history and excludes incomplete recent days (108.862208ms)
✔ SKL-RENAME-INVARIANT: a consistent identifier rename yields an identical skeleton (sim 1) (19.481417ms)
✔ SKL-LITERAL-NORMALIZED: changing only literal values leaves the skeleton equal (0.125042ms)
✔ SKL-STRUCTURE-SENSITIVE: changing control flow changes the skeleton (does not saturate to 1) (0.118625ms)
✔ SKL-STRUCTURE-SENSITIVE (prop): inserting one extra if-block changes the skeleton (sim < 1) (8.277792ms)
✔ SKL-OPERATOR-SENSITIVE: operator identity survives normalization (+ vs *, && vs ||) (0.121042ms)
✔ SKL-KEYWORDS-PRESERVED: keywords survive normalization (control flow is visible) (0.167958ms)
✔ SKL-DETERMINISTIC: same source -> same skeleton + shingles (5.016459ms)
✔ SKL-DISTINGUISHES-UNRELATED: structurally different bodies are not near-1 (0.115208ms)
✔ SP-1: a spread call `...metrics(ws)` edges to the same-file callee (81.833583ms)
✔ SP-2: IIFE initializers are not function nodes; real arrows still are (2.063458ms)
✔ SP-3: self-map dogfood — trend.mjs:metrics has a caller; PERM_SEEDS is no node (104.7675ms)
✔ S1: identical fragment -> all four stages reused, outputs equal a --full rerun (mod generatedAt) (835.077292ms)
✔ S2: a source edit invalidates the memo (686.537083ms)
✔ S3: a missing output invalidates the memo and is restored (694.218375ms)
✔ S4: a CODEWEB_* lever change invalidates the memo (629.717666ms)
✔ S5: byte-tampered-but-parseable graph.json forces recompute (content hash, not a parse) (589.816041ms)
✔ S6: a tampered report.md forces recompute (the four non-graph outputs are guarded too) (592.613625ms)
✔ S7: --stages through-overlap computes through overlap, skips report + memo, never poisons a full run (626.854625ms)
✔ S8: --stages with an unknown phase exits 2 (no silent typo path) (40.361958ms)
✔ stats lib: bump accumulates monthly, opt-out is a true no-op, receipt line renders (91.065542ms)
✔ writers: the pre-edit hook and the MCP server put real events on the ledger (278.567833ms)
✔ empty ledger: the receipt says how counters accrue instead of showing nothing (135.607292ms)
✔ receipt survives the month boundary (lifetime) and the brief nudges on a stale map (134.655875ms)
✔ #10: CLI queries count toward the receipt (queriesServed bumps beside the graph) (130.214792ms)
✔ query --orphans --json: >64KB piped output arrives complete and parses (69.587375ms)
✔ deadcode --json: >64KB piped output arrives complete and parses (71.143583ms)
✔ deadcode text mode: >64KB piped output arrives complete (68.793584ms)
✔ F6-STRUCTURAL-FIND: --structural ranks a renamed clone higher than lexical does (96.785208ms)
✔ F7-SUPPRESS: annotate a deadcode finding -> deadcode hides + counts it; --show-suppressed reveals (179.906084ms)
✔ F7-DEST: annotate in an unmapped cwd exits 2 with the no-map message and creates nothing (131.181ms)
✔ F7-RESURFACE: changing the orphan id changes its fingerprint -> not silently suppressed (131.990083ms)
✔ S1 query miss exits 1 and suggests the near-match + concept search (50.095917ms)
✔ S2 query miss --json carries hint + ranked suggestions with full ids (45.104209ms)
✔ S3 suggestions are bounded (max 3) and deterministic (97.025083ms)
✔ S4 a hopeless miss still gets the hint, without fabricated suggestions (48.674459ms)
✔ S5 explain miss carries the same hint + suggestions (45.029667ms)
✔ S6 context-pack miss names the near-match in its error (43.929292ms)
/Library/Developer/CommandLineTools/usr/bin/ctags: illegal option -- -
usage: ctags [-BFTaduwvx] [-f tagsfile] file ...
/Library/Developer/CommandLineTools/usr/bin/ctags: illegal option -- -
usage: ctags [-BFTaduwvx] [-f tagsfile] file ...
/Library/Developer/CommandLineTools/usr/bin/ctags: illegal option -- -
usage: ctags [-BFTaduwvx] [-f tagsfile] file ...
/Library/Developer/CommandLineTools/usr/bin/ctags: illegal option -- -
usage: ctags [-BFTaduwvx] [-f tagsfile] file ...
/Library/Developer/CommandLineTools/usr/bin/ctags: illegal option -- -
usage: ctags [-BFTaduwvx] [-f tagsfile] file ...
/Library/Developer/CommandLineTools/usr/bin/ctags: illegal option -- -
usage: ctags [-BFTaduwvx] [-f tagsfile] file ...
/Library/Developer/CommandLineTools/usr/bin/ctags: illegal option -- -
usage: ctags [-BFTaduwvx] [-f tagsfile] file ...
/Library/Developer/CommandLineTools/usr/bin/ctags: illegal option -- -
usage: ctags [-BFTaduwvx] [-f tagsfile] file ...
/Library/Developer/CommandLineTools/usr/bin/ctags: illegal option -- -
usage: ctags [-BFTaduwvx] [-f tagsfile] file ...
/Library/Developer/CommandLineTools/usr/bin/ctags: illegal option -- -
usage: ctags [-BFTaduwvx] [-f tagsfile] file ...
/Library/Developer/CommandLineTools/usr/bin/ctags: illegal option -- -
usage: ctags [-BFTaduwvx] [-f tagsfile] file ...
/Library/Developer/CommandLineTools/usr/bin/ctags: illegal option -- -
usage: ctags [-BFTaduwvx] [-f tagsfile] file ...
/Library/Developer/CommandLineTools/usr/bin/ctags: illegal option -- -
usage: ctags [-BFTaduwvx] [-f tagsfile] file ...
/Library/Developer/CommandLineTools/usr/bin/ctags: illegal option -- -
usage: ctags [-BFTaduwvx] [-f tagsfile] file ...
/Library/Developer/CommandLineTools/usr/bin/ctags: illegal option -- -
usage: ctags [-BFTaduwvx] [-f tagsfile] file ...
/Library/Developer/CommandLineTools/usr/bin/ctags: illegal option -- -
usage: ctags [-BFTaduwvx] [-f tagsfile] file ...
/Library/Developer/CommandLineTools/usr/bin/ctags: illegal option -- -
usage: ctags [-BFTaduwvx] [-f tagsfile] file ...
/Library/Developer/CommandLineTools/usr/bin/ctags: illegal option -- -
usage: ctags [-BFTaduwvx] [-f tagsfile] file ...
/Library/Developer/CommandLineTools/usr/bin/ctags: illegal option -- -
usage: ctags [-BFTaduwvx] [-f tagsfile] file ...
/Library/Developer/CommandLineTools/usr/bin/ctags: illegal option -- -
usage: ctags [-BFTaduwvx] [-f tagsfile] file ...
/Library/Developer/CommandLineTools/usr/bin/ctags: illegal option -- -
usage: ctags [-BFTaduwvx] [-f tagsfile] file ...
/Library/Developer/CommandLineTools/usr/bin/ctags: illegal option -- -
usage: ctags [-BFTaduwvx] [-f tagsfile] file ...
/Library/Developer/CommandLineTools/usr/bin/ctags: illegal option -- -
usage: ctags [-BFTaduwvx] [-f tagsfile] file ...
/Library/Developer/CommandLineTools/usr/bin/ctags: illegal option -- -
usage: ctags [-BFTaduwvx] [-f tagsfile] file ...
✔ TE-PRECISION: test-edge targets == independent scan of test-file references (15 cases) (639.0435ms)
✔ TE-PRESERVE: no call/import edge from a test-file node to a prod symbol (34.658209ms)
✔ TE-QUERY-COMPLETE: --tests X == raw test-edge in-neighbors (94.26425ms)
✔ SC3: test edges do not count as callers/imports (orphan + callers contract) (88.482375ms)
✔ TE-ANON: anonymous test callback edges <module> -> prod:foo as a test edge (38.537916ms)
✔ TE-DESTRUCTURE: destructuring-param fn owns its body call and stays in impactOf (101.883ms)
✔ JM-COMMENT: calls inside // and /* */ comments produce no call edge (39.035875ms)
✔ JM-STRING: // inside a string does not blank the rest of the line (42.368584ms)
✔ JM-TEMPLATE: call inside ${} interpolation still edges (46.321167ms)
✔ RX-RENAME: call via `export {x as y} from` barrel edges to impl:x (87.020708ms)
✔ RX-CHAIN: re-export through two barrels resolves transitively (33.156833ms)
✔ the no-progress guard is present in the shipped template (cannot silently regress out) (0.387083ms)
✔ a dominant final item terminates instead of overflowing the stack (0.188125ms)
✔ all-zero values terminate and still fully tile (no NaN from /0) (0.076333ms)
✔ large uniform input (the .live-scale case) terminates (1.161417ms)
✔ areas are proportional to value and tile the box exactly (0.138042ms)
✔ degenerate single and empty inputs are handled (1.126333ms)
✔ trend renders body-confirmed duplication across snapshots (oldest -> newest) (45.524375ms)
✔ trend --json emits structured per-snapshot metrics (43.104083ms)
✔ trend with no input exits 2 (usage) (38.250959ms)
✔ trend --git charts duplication rising across real commits (1056.430459ms)
✔ trend --git reused-ws belt: a failed middle commit is zeroed; neighbors stay correctly attributed (1081.576125ms)
✔ loadTsEngine returns null OR a {cyclomaticExact, version} engine — never throws (0.481583ms)
✔ cyclomaticExact: no decisions → 1 (3.308541ms)
✔ cyclomaticExact: if + && → 3 (0.488875ms)
✔ cyclomaticExact: switch cases + catch → 4 (0.490166ms)
✔ cyclomaticExact: loops + nullish → 4 (0.268709ms)
✔ precision: optional param `?:` is not a ternary (0.63125ms)
✔ precision: `.catch(` is a Promise method, not try/catch (0.184583ms)
✔ precision: logic inside a template interpolation is real branching (0.353625ms)
✔ determinism: identical input → identical value (0.352875ms)
✔ always >= 1, and empty/garbage input does not throw (0.469833ms)
✔ extractJsTs: method ids are class-qualified (file:Class.method), labels stay bare (2.461375ms)
✔ extractJsTs: this.m() + typed-receiver dispatch resolve to qualified method ids (1.564417ms)
✔ extractJsTs: deterministic across runs (1.974875ms)
✔ extractJsTs: garbage input never throws (graceful per-file fallback signal) (0.20175ms)
✔ L-MEM: every parser.parse site in ts-engine.mjs frees its tree (0.178458ms)
✔ T1+T2: reordered statements pair as a near-miss clone, REVIEW-only (357.705333ms)
✔ T3: structurally different bodies of similar length do not pair (374.690583ms)
✔ T4: small bodies never fingerprint (exact-clone territory stays Signal A) (357.349958ms)
✔ T5: regex engine -> no fingerprints, no near-miss findings (313.333541ms)
✔ T6: determinism — same source, two workspaces, byte-identical graphs (mod generatedAt) (662.664833ms)
✔ the gate comment carries the org-dashboard line in its footer, beside the attribution (1.072125ms)
✔ the gate comment keeps its attribution footer when the upgrade line is suppressed (0.149042ms)
✔ a caller rendering its own dashboard link can turn the upgrade line off (0.059458ms)
✔ the trend nudge fires at 5 snapshots and stays silent at 4 (147.2265ms)
✔ the trend nudge is exactly one line, printed once, after the table (86.289958ms)
✔ trend --json stays pure JSON at any snapshot count (133.184375ms)
✔ both documented levers suppress the trend nudge at 5 snapshots (92.826125ms)
✔ placementsSuppressed reads the environment at call time, and only on "1" (0.1295ms)
✔ the shared report artifact keeps its attribution footer (0.673833ms)
✔ no placement string reaches any unsanctioned script, hook, or bin entry (5.718334ms)
✔ the sweep actually covers the three anti-placement surfaces (0.268583ms)
✔ behavioral: an MCP tool response carries no placement (55.842833ms)
✔ behavioral: error paths carry no placement (283.6255ms)
✔ the charter records which surfaces may carry an upgrade line, and which may never (0.439834ms)
✔ the suppression lever is documented where every other environment knob is (0.187333ms)
✔ lens-core: callers count reverse call edges only; blast is the impact closure (0.823458ms)
✔ lens-core: inherit edges make subclasses part of the blast (0.073584ms)
✔ lens-core: minCallers hides sub-threshold symbols; unknown file yields no lenses (0.083708ms)
✔ lens-core: blastOf uses the pointer-index walk, not shift()/spread-merge (#38 shape) (0.223709ms)
✔ lens-core: full-file pass scales ~linearly (2N pass ≈ 2× the N pass) (#38) (386.669ms)
✔ lens-core: the linear-scaling estimator still fails a quadratic pass (#38 able-to-fail) (156.655583ms)
✔ lens-core: memo carry === cold rebuild for every id across randomized edge+node mutations (#38) (61.015ms)
✔ lens-core: memo carry reuses untouched ids and drops affected ones (#38 counting) (0.174792ms)
✔ extension: selector covers all 13 native languages and wires the watcher + refresh (0.496042ms)
✔ extension: activation is graph-gated (workspaceContains) with onCommand fallbacks, no onStartupFinished (#38) (0.244417ms)
✔ release.yml: publish needs the test job — no publish path skips the suite (0.560166ms)
✔ release.yml: dispatched refs must be ancestors of origin/main, checked before tag creation (0.097375ms)
✔ release.yml: vsce is exact-pinned, never @latest, and no Marketplace publish exists (0.131333ms)
✔ ci.yml: the test job runs an os x node matrix (0.046167ms)
✔ every actions/setup-node block across all three workflows enables the npm cache (0.205167ms)
✔ ci.yml: post-install AST probe + skip ceiling — an install hiccup cannot green-skip the AST tier (0.050708ms)
✔ ci.yml: a no-optional-deps job exercises the regex fallback for real (0.05775ms)
✔ codeweb-gate.yml: the structural self-gate installs deps (AST-aware, not regex-blind) (0.041584ms)
✔ ci.yml: committed docs/ is gated fresh after the site build (0.062458ms)
ℹ tests 1140
ℹ suites 0
ℹ pass 1133
ℹ fail 0
ℹ cancelled 0
ℹ skipped 7
ℹ todo 0
ℹ duration_ms 26348.36925
== 4/5 consistency ==
check-consistency: OK — v0.14.0, 28 tools, all surfaces aligned.
== 5/5 evals ==
ok    cli-help
ok    example-upper
ok    mcp-initialize
ok    mcp-tools-list
ok    query-help
evals: all 5 case(s) passed
ALL CHECKS PASSED
