== 1/5 spec lint ==
OK  SPEC.md: 16 live AC(s), 16 built and test-pinned
== 2/5 harness tests ==
----------------------------------------------------------------------
Ran 28 tests in 2.601s

OK
== 3/5 product tests ==

> @ghostlygawd/codeweb@0.14.0 test
> node --test "tests/**/*.test.mjs"

✔ cleanup marker (1.030041ms)
✔ accessors (regex tier): getter keeps the bare id, setter gets @5 (132.987458ms)
✔ decl lines (regex tier): no class -> own-member phantom callers; setter call attributes to @5 (0.111334ms)
✔ module-level overload stubs (regex tier): stubs get @line ids; no <module> or self fabrication (0.08925ms)
✔ accessors (ast tier): getter keeps the bare id, setter gets @5 (143.835166ms)
✔ decl lines (ast tier): no class -> own-member phantom callers; setter call attributes to @5 (0.084125ms)
✔ module-level overload stubs (ast tier): stubs get @line ids; no <module> or self fabrication (0.063958ms)
✔ A/B: both tiers emit the identical id set for the accessor fixture (1.545459ms)
✔ regex method matcher probes: describe() never matches; it(...) noise is pre-existing; if dies in KEYWORDS (2.288ms)
✔ teardown (0.554166ms)
✔ acquisition ledger parser keeps valid npm snapshots, de-duplicates dates, and skips torn rows (15.835458ms)
✔ npm range parser keeps valid daily values, de-duplicates dates, and skips invalid rows (2.018167ms)
✔ acquisition SVG is a mobile-readable line chart with honest source and cutoff metadata (8.540084ms)
✔ README puts the generated npm trend in the opening proof section (0.731917ms)
✔ proof-strip claims carry existing evidence paths and obey the brand shape rule (0.627875ms)
✔ every value-setting codeweb-ref: example pins the shipped release tag (11.838041ms)
✔ the codeweb-ref input declaration lives only in action.yml, and still defaults to main (12.664ms)
✔ every codeweb-gate@ usage example pins a release tag, never @main (5.902667ms)
✔ the pinned tag is a released version, not an unreleased bump (0.192542ms)
✔ the doc pins are version-synced, so a release cannot leave them behind (0.111125ms)
✔ the ledger records gateReposExternal and surfaces WHY when it cannot (0.216042ms)
✔ the ledger accepts an operator-supplied search credential, gated like every other secret (0.080833ms)
✔ the newest ledger row carries the gateReposExternal field (0.924ms)
✔ ac_12: every agent-path engine value (hybrid|tools|read) labels the brief payload (1.304625ms)
✔ ac_12: deterministic-pipeline engines (ctags|regex) carry no agent label (0.144875ms)
✔ ac_12: the rendered brief (session-start injection) says the provenance out loud (0.165459ms)
✔ ac_12: the fallback schema documents meta.engine as the provenance label (0.413375ms)
✔ FPR-STABLE: fingerprint ignores order / title / severity / evidence — only kind + symbol set (0.655083ms)
✔ FPR-STABLE (prop): fingerprint is deterministic and order-independent over random findings (2.792583ms)
✔ FPR-DISTINGUISHES: different kind or different node-set -> different fingerprint (0.098625ms)
✔ ANN-SUPPRESS-EXACT: applySuppressions removes exactly the matching findings; counts partition (0.159458ms)
✔ ANN-IDENTITY-CHANGE-RESURFACES: changing an implicated symbol id un-suppresses the finding (0.068041ms)
✔ ANN-KIND-JOINT: suppression keys on kind AND nodes — a different-kind finding over the same nodes stays visible (0.38275ms)
✔ ANN-EMPTY/ABSENT: no annotations file -> everything visible, none suppressed (0.387ms)
✔ ANN-PERSIST-IDEMPOTENT: addSuppression writes .codeweb/annotations.json; twice -> one entry (0.869625ms)
✔ ANN-E2E-ROUNDTRIP: annotate writes where deadcode reads by default (588.040166ms)
✔ AE-IMMUTABLE: applyEdit never mutates its argument (15.620167ms)
✔ AE-DELETE: removes exactly the named nodes and every edge touching them (0.447666ms)
✔ AE-MERGE: drops non-canonical copies, redirects in AND out edges, drops self-loops, de-dups (0.093208ms)
✔ AE-MERGE: a pre-existing self-call on a copy stays a self-loop and is dropped (0.064292ms)
✔ AE-MOVE: changes only the target node file; nothing else (0.0815ms)
✔ SE-FAITHFUL (core): applyEdit agrees with independent naiveApply under structuralRegressions (19.03625ms)
✔ SE-DELETE-NO-NEW-COUPLING: every after-cycle is contained in some before-cycle (3.620084ms)
✔ atomicWrite: target parses, no temp sibling remains (2.211875ms)
✔ finding #42: stats + annotations writers are crash-safe (parse, no temp sibling, formatting kept) (3.710792ms)
✔ a corrupt graph.json is recomputed on re-map, not "stages reused"; intact workspaces still reuse (977.007333ms)
✔ staleness: an edited source file annotates query results until refresh (251.196417ms)
✔ pre-edit hook: one-line advisory for a mapped, depended-on file; silent otherwise (113.481458ms)
✔ ambient loop: the pre-edit hook injects the explain card, not just a pointer (83.257625ms)
✔ ambient loop: MCP auto-refresh heals a stale graph in the BACKGROUND (finding 19) (437.65525ms)
✔ pre-edit hook envelope: additionalContext only — never a permissionDecision (209.1785ms)
✔ B1+B4: sections present, session valid, corpus skip explicit (3779.131625ms)
✔ B2: a lowered budget fails the gate by name; real budgets pass (7523.916125ms)
✔ B2b: a toy fixture is unmeasurable however slow the machine is (the stage budgets stay off) (3586.5855ms)
✔ B5: --check enforces the budgets without rewriting the receipt (8758.61025ms)
✔ B3: claims audit fails on a missing source and passes on the real tree (1.43475ms)
✔ bench: cost-only mode without a compiler oracle (graceful degradation) (277.257959ms)
﹣ bench: compiler-graded mode on a TS fixture (0.095917ms) # typescript not resolvable (set TS_MODULE to enable)
✔ bench: text summary is the default surface (267.358333ms)
✔ the boundary page ships as a source page AND as committed built output (0.553875ms)
✔ the boundary page states the free half in the ratified words (0.30475ms)
✔ the boundary page states the paid half — what money buys, and what it never breaks (0.229292ms)
✔ the pricing page ships as a source page AND as committed built output (0.065ms)
✔ the pricing page carries the price, the seat definition, and the flat-unlimited framing (0.186417ms)
✔ the price is published as ratified INTENT, not as a live offer (0.125209ms)
✔ the pricing page carries a Teams sign-up rail pointing at the real App install flow (0.48425ms)
✔ the pricing page still separates the live install from the not-yet-live price (1.03825ms)
✔ the rival contrast names no competitor — category framing only (0.275958ms)
✔ the category price anchor cites the in-repo scan that recorded it (0.727417ms)
✔ no unreceipted number appears in the authored boundary/pricing copy (0.291125ms)
✔ both pages are registered in the PAGES table as listed pages (0.241167ms)
✔ both pages are in the committed sitemap (0.088625ms)
✔ the homepage nav reaches both pages, and the links resolve in docs/ (0.360709ms)
✔ the consistency sweeps cover both new pages (0.132375ms)
✔ C8: SPEC.md no longer gates the Teams tier behind the distribution trigger (0.175291ms)
✔ C8: docs/ROADMAP.md no longer parks the Teams build or the boundary statement (4.346959ms)
✔ C8: the charter records the contradiction as resolved, not still-open drift (0.188042ms)
✔ B1: report template and site tokens carry the same core palette values (0.8335ms)
✔ B2: report template stays square, mono, and dark-by-default (0.22425ms)
✔ B3: docs/demo/index.html embeds the current report template (style + script parity) (0.768167ms)
✔ B4: no retired palette hex or rgba survives on an authored brand surface (8.201375ms)
✔ B5: brand SVGs are square-language (no circles, ellipses, or rounded rects); injected nav has no pills (0.916958ms)
✔ B6: assets/screens were re-verified after the last report-template change (stamp matches) (0.834583ms)
✔ B7: every "N symbols … M domains" and "N callers" caption matches docs/demo/axios.graph.json (1.941875ms)
✔ B8: no dead image references in README or site content (0.741125ms)
✔ B9: terminal replay is evidence-backed, sanitized, and placed in the quickstart (1.710042ms)
✔ CB-CHEAP/NO-FABRICATE/VERIFIED over random 2-cycles (40 cases) (2199.343042ms)
✔ CB-ADVERSARIAL: the cheaper of two working cuts is chosen (45.606708ms)
✔ CB-3RING: cheapest verified cut on random 3-file rings (20 cases) (984.342625ms)
✔ CB-COVERS: an acyclic graph yields zero cycle proposals (44.516125ms)
✔ CB-DETERMINISTIC: identical input -> identical stdout (92.833041ms)
✔ CB-PSEUDO-EQ: cheapestCuts ≡ whole-graph oracle over 150 seeded all-kind cyclic graphs (incl. ref-closed + duplicates) (13.73625ms)
✔ CB-REF-ALIVE: given a call+ref pair, when its structural cut is tried, then the cycle survives and the next candidate is chosen (0.443208ms)
✔ brief: one page with counts, load-bearing symbols, tests, and findings (243.0735ms)
✔ session-brief hook: injects the briefing in a mapped repo, silent otherwise (100.022375ms)
✔ brief over MCP: 24th tool, served in-process, staleness-annotated shape (191.131958ms)
✔ BR-SIDECAR: hook output identical with, without, and with a stale brief.json (490.408333ms)
✔ unmapped repo with source gets ONE nudge; stamped and source-less dirs stay silent (173.668875ms)
✔ build-report does not embed the absolute local path (meta.root) in report.html (67.437875ms)
✔ two identical runs produce byte-identical report.html and (with SOURCE_DATE_EPOCH) graph.json (187.579709ms)
✔ report.html embed strips unread node/edge fields; graph.json keeps them (#36) (54.560875ms)
✔ report carries og metadata, the pipeline-findings renderer, and the shareable-hash machinery (61.476375ms)
✔ report ships light+print themes, focus-visible parity, ARIA tab wiring, and no blocking prompt (0.29675ms)
✔ CF-SHAPE: v16 entries hold interned edges and NO syms; warm no-change replays byte-identically (200.255667ms)
✔ CF-HASH-HIT: touched-but-unchanged file replays the full product set without a re-scan (405.299209ms)
✔ CF-MIGRATE: a stale-version cache (planted poison) is discarded — cold rebuild, byte-equal to no-cache, cache rewritten at the live version (298.122041ms)
✔ CF-NEST-FLIP: nesting a fallback target invalidates its consumers, warm stays byte-equal to cold (371.859708ms)
✔ CF-SKIP-WRITE: an unchanged fragment is not rewritten (mtime stable), a changed one is (256.228ms)
/Library/Developer/CommandLineTools/usr/bin/ctags: illegal option -- -
usage: ctags [-BFTaduwvx] [-f tagsfile] file ...
✔ map + post-edit hook + refresh share ONE cache file, and warm runs ride it (610.076417ms)
✔ X.member.call(...) resolves to the underlying function (50.2585ms)
✔ X.member.apply(...) resolves to the underlying function (14.112125ms)
✔ PRECISION: a param obj.member.call() fabricates no edge (22.994916ms)
✔ CMP-GREEN-CHAIN: applying the plan in order introduces no file cycle absent at the start (32.016417ms)
✔ CMP-INCLUDES-MERGES: emitted merges are real opportunities; not all merges are dropped (13.43775ms)
✔ CMP-ORDER: cuts precede deletes precede merges; within a phase ROI is non-increasing (2.919209ms)
✔ CMP-MONOTONE-DELTAS: cumulative locReclaimed AND cyclesBroken non-decreasing; totals == sum (4.385833ms)
✔ CMP-BUDGET: --budget N yields the first-N prefix of the full ordered plan, at several lengths (19.881125ms)
✔ CMP-EMPTY + CMP-DETERMINISTIC: clean graph -> empty plan; deterministic incl. shuffled input (0.375417ms)
✔ CMP-CLI: campaign.mjs --json composes all three advisors — a delete AND a merge appear (111.793542ms)
✔ CMP-CONCURRENT-STABLE: campaign --json is byte-stable + banner-clean on a cycles+dups+orphans fixture (204.185125ms)
✔ CMP-DELETE-ROI: delete steps rank and project by the deadcode `loc` field (0.216041ms)
✔ CMP-DELTA-EQUIV: simulator-chained plan == historical clone-chain plan (120 cases) (12.54ms)
✔ B1: edits touching card-named caller files count once each; the card set is consumed (574.412ms)
✔ B2: the card's own subject file never counts as following the advice (327.091208ms)
✔ B3: a new card replaces the pending set; B4: opt-out records nothing (362.771667ms)
✔ A1: non-goal 5 is struck — the distribution trigger no longer gates the Teams build (0.618834ms)
✔ A1 does not loosen non-goal 4 — the local product still takes no accounts or telemetry (0.09375ms)
✔ A2: non-goal 8 is amended, not struck, and names the second trusted source (0.121708ms)
✔ A3: the boundary section states the rule, where billing lives, and the price intent (0.166875ms)
✔ A4: non-goal 6 stands live and its reaffirmation is on the record (0.089542ms)
✔ every 2026-08-17/18 amendment is indexed, dated, and attributed (0.224583ms)
✔ the open-questions discipline survives the amendment (0.109958ms)
✔ the ratified job line is untouched by the amendment (0.071875ms)
✔ CH1: counts commits per file, window-bounded, cached by HEAD (566.444917ms)
✔ CH2: not a git repo -> {} (advisors degrade to churn-less ranking) (59.889875ms)
✔ ci-gate fails (exit 1) when the working tree introduces a new duplication (1410.058667ms)
✔ ci-gate passes (exit 0) when the working tree matches base (1319.452125ms)
✔ ac_13: ci-gate --md carries real duplication evidence and commit-pinned subdirectory links without changing the verdict (1595.408333ms)
✔ ci-gate without --base exits 2 (usage) (42.267084ms)
✔ ci-gate exits 2 (not a crash) when the base ref cannot be resolved (798.098ms)
✔ the composite action ships the sticky-comment reviewer, opt-in and fork-safe (0.256167ms)
✔ a static-method call on an imported class refs the CLASS (and still calls the method) (47.302833ms)
✔ instanceof on an imported class refs the CLASS (18.185417ms)
✔ construction still produces a call edge to the class (23.51625ms)
✔ PRECISION: an object-default member access creates NO class ref (17.790667ms)
✔ DEPENDENTS: --dependents of the class unions the ref users, with a ref byKind breakdown (61.647458ms)
✔ F1 run.mjs --help prints usage and exits 0 (it used to error "target not found: --help") (54.03025ms)
✔ F2 run.mjs rejects an unknown flag with usage, exit 2 (51.694541ms)
✔ F3 run.mjs with no target maps the cwd — a sourceless cwd is refused by the guard, not usage (194.331ms)
✔ F4 every USAGE-bearing CLI answers --help with exit 0 (1271.588875ms)
✔ F5 graph auto-discovery: bare query works from inside a mapped repo, and says which graph it used (60.7375ms)
✔ F6 bare stats works from a mapped repo (the README-advertised invocation) (50.105167ms)
✔ F7 outside any mapped repo, bare query still dies with usage (exit 2) (45.821916ms)
✔ F8 build-report IO failures use exit 2 per the convention (52.959333ms)
✔ F9 run.mjs success points the user at the report (411.709083ms)
✔ F10 context-pack works with a bare symbol from a mapped repo (49.198291ms)
✔ API F7: refresh, fitness, placement, codemod discover the graph via the walk-up (352.082625ms)
✔ API F7: unmapped, the four die with the shared usage naming CODEWEB_WS (exit 2) (244.804042ms)
✔ explain.mjs rejects an unknown flag with usage, exit 2 (was: --jsno silently ignored -> exit 0) (86.525875ms)
✔ diff.mjs rejects an unknown flag with usage, exit 2 (was: bogus flag silently ignored -> exit 0) (47.787875ms)
✔ brief/stats/coverage reject an unknown flag with usage, exit 2 (one policy) (163.011041ms)
✔ bench-ts-engine.mjs rejects an unknown flag with usage, exit 2 (was: swallowed into the target positional -> exit 1 "target not found") (53.168167ms)
✔ explain.mjs: --json still parses, positionals resolve (graph + symbol -> found) (52.77425ms)
✔ diff.mjs: --json still parses, positionals resolve (before + after -> no regressions) (51.646875ms)
✔ --help still prints usage and exits 0 on every converted front door (296.281333ms)
✔ coach: did-you-mean on a near-miss flag, silence on a far one (106.667375ms)
✔ coach: --flag=value parses for value flags and bool switches take =false (108.955125ms)
✔ coach: unmapped directory gets cause + remedy, usage appended (ERRORS R1) (58.795ms)
✔ default de-hub (indeg>=12) keeps hooks callers in their home directory (66.039708ms)
✔ disabling de-hub lets the hub bridge hooks callers into lib (the bug de-hub prevents) (49.881417ms)
✔ domains are named after directories, not utility symbols (64.057375ms)
✔ meta is carried forward from fragment into graph (52.069333ms)
✔ CM-GATE-AGREE: plan.projectedGate == structuralRegressions(applyEdit(merge)); deletions/rewrites exact (30 cases) (1662.668291ms)
✔ CM-PLAN-PURE: a plan-only run leaves graph.json byte-identical (63.205959ms)
✔ CM-WRITE-REVERSIBLE: a predicted-regression --write leaves source byte-identical and exits 1 (68.815083ms)
✔ CM-INTO-RESOLVES: unresolvable/ambiguous --into exits 2 and touches nothing, even with --write (45.588208ms)
✔ CM-WRITE-STRING-GUARD: a loser label inside a string refuses --write and reverts byte-identically (54.116167ms)
✔ CM-WRITE-COMMENT-OK: a comment mention is skipped (and counted), live code is rewritten (178.501041ms)
✔ CM-IMPORT-REPOINT: a consumer importing the loser ends up importing the canonical from its real file (171.355875ms)
✔ CM-IMPORT-REPOINT-MTS: an .mts consumer importing the loser is repointed too (175.39ms)
✔ CM-WRITE-SUCCESS: a safe same-file merge applies and the loser definition is gone (200.391167ms)
✔ CM-COPY: plan text owns its check, hedges the rewires, and is honest about undo (54.234166ms)
✔ CX-MIN-ONE: a straight-line body has cyclomatic 1; an empty body has 1 (0.732167ms)
✔ CX-COUNT-JS: cyclomatic === 1 + (if|for|while + && + || + ternary) decision tokens (0.129833ms)
✔ CX-COUNT-PY: python elif / except / and / or count as decisions (lang=py) (0.216416ms)
✔ CX-COUNT: monotone — appending a snippet with d decisions raises cyclomatic by exactly d (2.524959ms)
✔ CX-RENAME-INVARIANT: renaming identifiers (not keywords) never changes cyclomatic (3.773042ms)
✔ CX-IGNORES-STRINGS-COMMENTS: decision keywords inside strings/comments are not counted (0.099ms)
✔ CX-DETERMINISTIC: same source -> same cyclomatic (0.804ms)
✔ CXD-FLAT: nestingDepth — flat body <= 1, one block = 1, nested blocks count (0.116583ms)
✔ CXD-NONNEG + brace/string safety: never negative; braces in strings/comments ignored (1.038542ms)
✔ CXD-PY: python nesting depth follows indentation (0.18575ms)
✔ extractor stamps pub through named and star re-export chains, and meta.dynamic (117.724166ms)
✔ explain: public API and dynamic-dispatch caveats calibrate the card (202.018292ms)
✔ callers/dependents: a zero answer carries its asterisk instead of false confidence (280.517209ms)
✔ ac_14: context reports capped, unmatched, and unavailable source evidence independently of neighbor lists (5.47025ms)
✔ ac_14: list budgets report blast omissions; complete lists never promise complete analysis (0.300834ms)
✔ ac_14: freshness distinguishes unchanged stamps, stale data, and missing stamps (1.369125ms)
✔ ac_14: CLI and MCP emit identical context analysis and evidence (111.343208ms)
✔ CP-COMPLETE & CP-SOUND: callers/callees equal the independent raw-edge neighbor sets (775.81225ms)
✔ CP-BLAST-SUPERSET: blastRadius ⊇ callers and excludes the target (758.354542ms)
✔ CP-BOUNDED: callees and blastRadius carry NO body text (only target+callers do) (57.261417ms)
✔ CP-M3: a label resolving to multiple nodes returns the UNION across all matched ids (51.529375ms)
✔ CP-DETERMINISTIC: same graph+symbol -> identical stdout (95.639583ms)
✔ SC1: unknown symbol -> exit 1 (42.674375ms)
✔ SC1: resolves a bare label to its node (49.389292ms)
✔ CP-BODY-FIDELITY: target & caller bodies are byte-for-byte the real source lines (110.723459ms)
✔ CP-SC4: source absent -> bodies null and sourceAvailable false (never a guess) (53.054666ms)
✔ current Markdown prose stays under 55 words per paragraph (4.379916ms)
✔ current authored HTML prose stays under 55 words per paragraph (1.1175ms)
✔ listing descriptions (package/plugin/marketplace) stay under 55 words (0.591792ms)
✔ C1 lcov parses and annotates: executed -> covered+hits, instrumented-but-idle -> covered:false, unseen file untouched (0.966875ms)
✔ C2 istanbul/c8 JSON parses to the same shape (0.161667ms)
✔ C3 the CLI annotates a graph on disk and explain/tests/context surface the facts (204.843166ms)
✔ C4 refresh drops stale coverage annotations and says how to restore them (345.884459ms)
✔ C5 dogfood: Node's own lcov reporter output annotates a real codeweb graph (309.298167ms)
✔ C1: the trust/offer line answers cost + safety at every ask (0.692375ms)
✔ C3: peak conviction has an ask — demo CTA and report footer (0.307042ms)
✔ C4: the install chooser is labeled by situation, and the npx form is the cheap one (0.157916ms)
✔ C5: the one hard requirement (Node >= 22) is stated at the README install decision (0.141833ms)
✔ C7: MCP is expanded at first use (0.128875ms)
✔ C8: start.html shows the payoff — the map, the ~3 s, and what success looks like (0.098041ms)
✔ C9: the closing sells the human, in plain words, without a 0-star star-beg (0.796458ms)
✔ C6: the tool wall opens with a job-framed index (0.406209ms)
✔ cold run: ONE batched ctags process (-L -) serves every file (454.483333ms)
✔ untouched warm run: zero ctags processes (stamp tier) (129.627292ms)
✔ warm run with one changed file: one PER-FILE spawn, not a whole-repo batch (203.108584ms)
✔ DC-MEMBERSHIP: safe == inline-recomputed (orphans − test-targeted − entrypoints) over random graphs (2154.83ms)
✔ DC-FIXTURE: test-targeted/entrypoint/test-file-defined -> review, plain orphan -> safe (53.070458ms)
✔ DC-COPY: text heading hedges up front and shows the suppress door (46.579042ms)
✔ DC-DETERMINISTIC: identical input -> identical stdout (129.763125ms)
✔ DC-SCOPE: non-product orphans are excluded by default with counts; --all restores them (119.309875ms)
✔ DC-MANIFEST: a file named by package.json main/bin is review-tier, never safe (57.221209ms)
✔ DC-CLOSURE: a function inside a reachable parent span is review-tier (closure-reachable) (50.257958ms)
✔ D1: fewer than two graph args prints usage to stderr and exits 2 (64.985125ms)
✔ D1b: a missing graph file exits 2 with a clear message (no raw stack) (74.576416ms)
✔ D5: identical snapshots -> empty deltas, ok:true, exit 0 (49.402709ms)
✔ D3: adds a cycle + duplicate + a brand-new orphan node -> cycle & dup are regressions; new node is NOT (55.668167ms)
✔ D3b: an EXISTING node that loses its only caller is a regression (ok:false, exit 1) (50.926208ms)
✔ D4: the reverse diff (pure removals) is NOT a regression -> ok:true, exit 0 (60.46175ms)
✔ D-overlap-identity: the same finding with a different id/title is NOT added or removed (47.795416ms)
✔ D-sparse: graphs missing top-level arrays normalize instead of crashing (47.013458ms)
✔ D6: --json output is byte-stable and the CLI actually ran (not a vacuous pass) (110.254041ms)
✔ D-RENAME-PIN-inplace: same file, new name, same body -> renamed (not delete+add) (50.473ms)
✔ D-RENAME-PIN-move: same label, moved file, same body -> renamed via the sameLabel path (52.209334ms)
✔ D-RENAME-PIN-submatch: a genuinely different body (sim < 0.85) is NOT a rename (52.407084ms)
✔ D-RENAME-PIN-spanshape: unreadable bodies fall back to same-file span-shape (sim null) (60.450334ms)
✔ D-RENAME-LONGBODY: an obvious >400-line rename still detects under the body cap (59.714875ms)
✔ D-RENAME-CAP: >200 on a side skips detection with an additive renameCheck marker (empty side gets none) (105.600042ms)
✔ D-RENAME-CAP-text: the cap-trip prints one text-mode line naming the skip (62.102334ms)
✔ ac_16: diagnostics from the installed front door are read-only and name exact missing-map repair arguments (83.274917ms)
✔ ac_16: diagnostics distinguish stale, unstamped, invalid, and unavailable-source graphs without changing them (197.562167ms)
✔ ac_16: directory discovery and explicit workspace override are visible (165.8135ms)
✔ IOV-DETECTS: a changed symbol that copies an existing body is reported (sim >= high) (0.984958ms)
✔ IOV-BOUNDARY: detection happens iff body-Jaccard >= high, across the whole 0..1 range (23.115125ms)
✔ IOV-REFLEXIVE-EXCLUDED: over random multi-symbol graphs, a symbol never dups itself (2.891542ms)
✔ IOV-THRESHOLD: a distinct body (sum) is not flagged as a duplicate of anything (1.177ms)
✔ IOV-DETERMINISTIC: same input -> same output (sorted) (0.187833ms)
✔ IOV-MATCHES-FINDSIMILAR: top dupOf equals find-similar.mjs top match (one truth, {root} mode) (52.024833ms)
✔ DUP-GATE-DETECTS: review --before --gate on the file that added a clone -> newDuplications + exit 1 (50.979542ms)
✔ DUP-GATE-CLEAN: changing a non-duplicating file reports no newDuplications and passes the gate (53.606208ms)
✔ DUP-GATE-THRESHOLD: a ~50%-similar edit is below the high bar -> not flagged, gate stays green (53.0525ms)
✔ IOV-PIN-26: >400-line pool body (capped), unreadable body, and no-match are pinned (5.2115ms)
✔ DC-SIDECAR-EQ: sidecar-fresh ≡ live byte-identical (CRLF + >400-line pool bodies); stale/v1 rejected; missing id still found; changed ids shingle live (15.167208ms)
✔ DC-PREFILTER-EXACT: prefiltered results == filterless oracle on random pools (40 cases) (12.766083ms)
✔ ED-IDFILE: idFile splits a node id on its last colon (paths use / , label after last :) (1.384208ms)
✔ ED-PRECEDENCE: alias > same-file > unique-in-package (2.644042ms)
✔ ED-AMBIGUOUS: two in-package defs of the same name drop (ambiguous counted) (0.122333ms)
✔ ED-KEYWORDS: a language keyword call-shape produces no edge (0.103583ms)
✔ ED-TESTKIND: a test-file caller of a prod symbol reclassifies to a test edge (0.340208ms)
✔ ED-RBPHP-FILTER: a Ruby/PHP bare name never reaches another file owner-qualified method (0.229042ms)
✔ ED-LEGACY-FALLBACK: both states — off drops ambiguous, on wires defs[0] (0.278084ms)
✔ ED-NSALIAS: ns-alias member + .call/.apply chain resolves via resolveFileMember (0.566916ms)
✔ ED-SELF-SUPPRESS: self-call and same-decl-line call produce no edge (0.419708ms)
✔ ED-CLOSURE-LOCAL: a bare name never resolves to a closure-local target in another file (1.487625ms)
✔ ED-RETURN-SHAPE: return carries edges/hasModule/ambiguous/short/cand (0.3285ms)
✔ PUB-WALK: entry-reachable exports (direct + through a re-export chain) are stamped (0.44925ms)
✔ PUB-WALK: no manifest / no entry -> empty stamp set (no fs in the lib) (0.062ms)
✔ TYPED-INTENTS: a receiver class resolving to exactly one file wires; ambiguous/absent drop (0.196125ms)
✔ TYPED-INTENTS: ambiguous class (two defining files) drops (0.076625ms)
✔ TYPED-INTENTS: a test-file caller reclassifies to a test edge (0.059083ms)
✔ ac_15: baseline captures refreshed source and survives refresh/snapshot; verification sees later edits (667.531334ms)
✔ ac_15: invalid baselines fail before mutation; failed extraction preserves a previous baseline (251.1465ms)
✔ ac_15: queued MCP begin/verify is ordered; background refresh preserves baseline and verification finds a regression (999.284834ms)
✔ ac_15: a dropped overlap set is not a clean duplication check or a claimed fix (0.928125ms)
✔ ac_15: review identifies unevaluated structure and unavailable duplication evidence (45.893917ms)
✔ frozen truth (args.truth) SKIPS the oracle and runs reps with a paired-delta mean +/- SD headline (3.010959ms)
✔ args delivered as a JSON STRING is parsed (regression: must not silently fall back to the oracle) (0.528333ms)
✔ M1: args.root repoints every prompt path — the harness is portable (Spec M) (0.314125ms)
✔ M1b: defaults unchanged without args.root (backward compatible) (0.281084ms)
✔ M2: args.budgeted flips the treatment arm to MCP-parity budgeted consumption (Spec M) (1.106709ms)
✔ M3: the graph pre-flight proves truth ids resolve — exit 2 when one does not (Spec M) (615.027959ms)
✔ without args.truth the per-run oracle IS spawned (backward compatible) (1.1475ms)
✔ parseLabel maps control/treat labels to arm + task + rep (and rejects others) (0.737167ms)
✔ stat returns mean / sample-SD (n-1) / n, matching the harness aggregation (0.121042ms)
✔ aggregateUsage computes the paired-delta headline (mean +/- SD over reps) per metric (0.41425ms)
✔ CLI joins a Workflow journal to transcripts and writes a paired-delta usage.json (56.329708ms)
✔ E1 given an empty directory, extract exits 1 and says no supported source was found (127.840292ms)
✔ E2 given only unsupported files, extract exits 1 with the same guidance (93.125208ms)
✔ E3 given --allow-empty, an empty target extracts an empty fragment and exits 0 (100.616708ms)
✔ E4 given supported files that define no symbols, extract exits 1 and says so (134.756875ms)
✔ E5 given an empty target, run.mjs aborts at extract with the message visible (195.519875ms)
✔ E6 given --allow-empty, run.mjs completes the pipeline on an empty target (391.745834ms)
✔ E7 given a nonexistent target, run.mjs exits 2 and leaves NO .codeweb behind (63.747ms)
✔ ENC-PROP: innermost index equals the linear enclosing() scan on every line (8.868709ms)
✔ ENC-PROP: owner stack equals the :422 class-owner scan over a line-sorted build loop (3.355167ms)
✔ ENC-GOLD: regex-tier owner-qualified ids unchanged on nested/adjacent/same-line class shapes (74.878375ms)
✔ ENC-GOLD-AST: default-engine ids add the tree-sitter method nodes (single-line bodies) (95.524292ms)
✔ ENC-BIG: single big-file extract is deterministic byte-for-byte (553.836791ms)
✔ CA1 (c): a bound function-pointer table wires the call to its implementation (190.229625ms)
✔ CA2 (c): an UNBOUND receiver wires nothing — a pointer parameter is not evidence (137.801625ms)
✔ CA3 (c): a field bound TWO ways in one file is ambiguous — neither wires (104.547041ms)
✔ CA4 (c): the tier adds EDGES only — node sets are identical across engines (194.061834ms)
✔ CA5 (c): the C fixture holds under CODEWEB_ENGINE=tree-sitter (107.905ms)
✔ CA6 (c++): the C++ fixture holds under CODEWEB_ENGINE=tree-sitter (159.631375ms)
✔ CA5 (c): the C fixture holds under CODEWEB_ENGINE=regex (90.212083ms)
✔ CA6 (c++): the C++ fixture holds under CODEWEB_ENGINE=regex (97.973583ms)
✔ CA7: the tree-sitter run never claims a tier it did not use (156.989209ms)
✔ X1 (c++): unique typed-receiver dispatch resolves cross-file with the AST tier only (249.593375ms)
✔ X1b (c++): a NAMESPACE-QUALIFIED parameter type dispatches on its tail (152.9735ms)
✔ X1c (c++): a class SPLIT across header and .cpp is one class, not an ambiguity (154.884333ms)
✔ X2 (c++): an ambiguous receiver class wires NOTHING (151.589041ms)
✔ X3 (c++): this-calls resolve in-file; the node set is identical across engines (285.840542ms)
✔ T1 (java): unique typed-receiver dispatch resolves cross-file with the AST tier only (197.059ms)
✔ T2 (java): an ambiguous receiver class wires NOTHING (91.306333ms)
✔ T3 (java): this-calls resolve in-file; the node set is identical across engines (178.816ms)
✔ T1-cs (c#): typed-receiver dispatch, Allman style (206.554708ms)
✔ C1: functions are extracted from .c and .h with C linkage as the export rule (43.1395ms)
✔ C2: a cross-file call through a header resolves to the definition (21.984ms)
✔ C3: #include "…" becomes an import edge to the header module (25.000375ms)
✔ C3b: system includes and unresolvable headers are dropped, never guessed (17.008583ms)
✔ C4: a struct of function POINTERS mints no symbols and guesses no call (14.719792ms)
✔ C5: control flow, macros and casts never become phantom symbols (37.448542ms)
✔ C6: a .h holding a real definition is scanned like any other translation unit (20.709208ms)
✔ C7: SRC_RE and langOf agree on the C extension family (and C++ is untouched) (0.247541ms)
✔ C8: a mixed C and C++ tree reports both languages, each with its own rules (29.538708ms)
✔ EX-CX-PRESENT: every function/method node carries integer complexity (>=1) and maxDepth (>=0) (133.237833ms)
✔ EX-CX-VALUES: a straight-line fn is complexity 1; a branchy fn is clearly higher (138.199584ms)
✔ EX-CX-MATCHES-LIB: graph complexity == lib/complexity.cyclomatic of the real body lines (147.014333ms)
✔ EX-CX-ONLY-CALLABLE: class and module nodes carry no complexity field (121.114417ms)
✔ CPP1: classes, in-class methods, out-of-line methods, and namespace-scope functions (54.18925ms)
✔ CPP2: prototypes are not symbols — a declaration and its definition never collide (34.184416ms)
✔ CPP3: cross-file call edges resolve to the definition (16.940458ms)
✔ CPP4: #include "…" becomes an import edge to the header module (23.602833ms)
✔ CPP4b: the include/ + src/ split resolves — the dominant real-world C++ layout (23.183625ms)
✔ CPP4c: an AMBIGUOUS basename is dropped — a guess is worse than an absent edge (22.967208ms)
✔ CPP5: angle-bracket and unresolvable includes are dropped, never guessed (18.876834ms)
✔ CPP6: control flow, lambdas and statements never become phantom symbols (28.313083ms)
✔ CPP7: meta.languages reports cpp for every C++ extension (21.165584ms)
✔ CPP8: SRC_RE and langOf agree on the C++ extension family (1.173042ms)
✔ forced --engine regex: no complexityEngine field (output shape unchanged) (0.812ms)
✔ default (no flag) = tree-sitter when installed, regex fallback otherwise (0.121375ms)
✔ tree-sitter run: exact complexity + meta records the pinned engine (0.061625ms)
✔ the opt-in demonstrably changes behavior: regex diverges from exact on the marked symbols (0.064625ms)
﹣ graceful fallback: with the engine unavailable, --engine tree-sitter == regex output (0.044083ms) # engine available — fallback path not exercised here
✔ unknown --engine exits 2 with the valid set; --engine regex still works (146.057083ms)
✔ tree-sitter: method node ids are class-qualified; class/function ids stay bare (0.323958ms)
✔ tree-sitter: dynamic-dispatch call edges (this.* + typed receiver) are wired (0.198792ms)
✔ default (regex) run: method ids match the tree-sitter qualification scheme; still NO dispatch edges (0.166833ms)
✔ Go: func/method/struct/interface become nodes with the right kind and Go visibility (47.987667ms)
✔ Go: in-body calls wire by name (with ambiguity drop) (18.8735ms)
✔ Go: meta.languages reports go (21.275458ms)
✔ Java: types/methods/constructors with visibility, owner-qualified ids, no control-flow phantoms (113.727667ms)
✔ Java: FooTest.java and src/test/ classify as test role (149.465459ms)
✔ C#: Allman-brace + expression-bodied members, owner-qualified, base-list inherit, no phantoms (142.59525ms)
✔ C#: .csproj marks a package boundary (no cross-project bare-name edges) (103.558459ms)
✔ (a) decl-line magnet: `function metrics(g) {` fabricates no ref to a test-file g (116.696625ms)
✔ (a-inv) test -> product survives, relabeled kind `test` (the gate is one-directional) (111.635542ms)
✔ (b) body param shadow: `walk(rel)` using `rel` never falls back to a global rel() (97.433625ms)
✔ (c) short-name guard: a free-floating 1-char bare ref is dropped and counted (101.125541ms)
✔ (e) python: __init__ param shadows a module symbol inside __init__ only (87.717833ms)
✔ (f) closure-local magnet: loop-var `dep` never ref-resolves into another file's closure (128.152917ms)
✔ (d) suppression is per-binding: f(map) loses the edge, sibling h() keeps it (97.841333ms)
✔ Rust: fn/struct/impl-method become nodes with the right kind and exports (55.826375ms)
✔ Rust: in-body calls wire by name (with ambiguity drop) (33.052292ms)
✔ Rust: meta.languages reports rust (19.217667ms)
✔ discovers every symbol (9 across 8 files) (48.930375ms)
✔ FIX: ambiguous multi-def bare call is dropped, not wired to a global def (31.883791ms)
✔ LEGACY toggle restores the pre-fix byName[0] wiring (fix is load-bearing) (23.651042ms)
✔ same-file definition resolves authoritatively (22.862333ms)
✔ single-def bare name still falls back to the one global def (15.3245ms)
✔ imported symbol resolves to the imported target, beating both drop and byName[0] (36.59675ms)
✔ meta block is the single source of truth for the target (20.163792ms)
✔ extract-symbols writes output when invoked through a symlinked script path (102.952667ms)
✔ symlinked and real invocation paths produce the same fragment (216.371625ms)
✔ body spans survive multi-line template literals with braces (no more swallowed neighbors) (46.487208ms)
✔ nodes carry a role derived from their path (22.189084ms)
✔ bare-name resolution stays inside a package boundary (no cross-package collision edges) (46.449292ms)
✔ class-field arrow methods: discovered inside a class (qualified), NOT outside one (19.881875ms)
✔ v9: `export * from` barrel chains resolve to the real symbol (no swallowed edges) (25.186083ms)
✔ FS-ORACLE: reported sims + ranking match the independent shingler over random bodies (40 cases) (2190.985333ms)
✔ FS-DOGFOOD: the shared shingler is byte-stable (keywords + strings/comments handled) (0.451375ms)
✔ FS-SELF: an exact-body candidate self-matches at sim 1.0, ranked first (55.46925ms)
✔ FS-NEGATIVE: no reported match has sim < 0.15 (1044.309333ms)
✔ FS-BOUNDED-K: --k truncates to the top-K (50.140917ms)
✔ FS-TRUE-TOTAL: count is the pre-cap match total; more.remaining marks the k-cap (103.846042ms)
✔ FS-DETERMINISTIC: identical inputs → identical stdout (114.827209ms)
✔ SC3: missing meta.root → exit 2 with an explicit reason (46.724792ms)
✔ usage: no --body/--stdin/--signature → exit 2 (54.808083ms)
✔ FS-SIDECAR: sidecar path == live path byte-for-byte; stale sidecar falls back (283.868ms)
✔ find: ranks the product symbol first and says why (149.590375ms)
✔ find: multi-term coverage beats single-token hits; stemming bridges morphology (253.382833ms)
✔ find: budgeted output with true totals; usage errors are actionable (226.841459ms)
✔ find over MCP: 23rd+ tool, served in-process from the cached graph, budgeted (158.974542ms)
✔ FR1: marketplace.json exists and satisfies the marketplace-add contract (1.380417ms)
✔ FR2: bare run maps the current directory into ./.codeweb; usage states both defaults (459.498334ms)
✔ FR3: the first-run banner leads with the result and a next: block — no fossil strings (406.42025ms)
✔ FR4: overlap, optimize, and build-report print one findings vocabulary (444.596041ms)
✔ FR5: an empty map is announced as EMPTY; the empty-target error routes to the agent fallback (620.426667ms)
✔ FR6: bin wrappers guard the Node version and forward faithfully (100.348875ms)
✔ FR7: the result block rides stdout (2>/dev/null-surviving); stage progress stays off it (425.945792ms)
✔ FR8: --json emits exactly one parseable line on stdout with the five keys — no text block (463.597709ms)
✔ FR9: a memo-reuse run still prints the done line on stdout, and --json says reused:true (748.767542ms)
✔ FR-FORBIDDEN-SOUND: forbidden-dependency violations == inline edge filter (40 cases) (2103.99ms)
✔ FR-LAYER: layer violations == inline upward-edge filter (1002.204708ms)
✔ FR-FANIN: max-fan-in violations == inline callIn count over the limit (47.337834ms)
✔ FR-CYCLE-AGREE: no-cycles flags a real cycle (with files) and passes a clean graph (94.542916ms)
✔ FR-EXIT: error->exit 1, warning->exit 0; unknown rule type -> exit 2 (141.445875ms)
✔ F1: MCP simulate on an unknown symbol never returns an empty success (109.705166ms)
✔ F1: simulate-edit --json emits found:false JSON on stdout for an unknown symbol (50.146791ms)
✔ F2: required-arg errors distinguish missing / wrong type / empty (56.996875ms)
✔ F3: garbage/negative limit, offset, window are errors — never a silently-disabled budget (59.424584ms)
✔ F4: a misconfigured fitness rule dies at load — the gate never passes while checking nothing (201.761958ms)
✔ F5: a roles-only codeweb.rules.json is "0 rules configured", not a rejection (47.491667ms)
✔ F6: a malformed target rules file names itself; an unknown top-level key warns (171.053333ms)
✔ F7: release.mjs — --help works, unknown flags die, --version is semver-validated (156.466917ms)
✔ F8: reading-order rejects an invalid --scope kind with the valid set (54.939ms)
✔ F9: run.mjs --coverage validates the path before any stage runs (47.528583ms)
✔ F10: --help documents every real flag on the advisors that hid theirs (177.1875ms)
✔ F11: codeweb_review stops advertising params that do nothing (60.312083ms)
✔ F12: codemod infers the survivor when into is omitted; fitness discovers its rules file (127.949709ms)
✔ F13: near-miss suggestions catch a 1-2 edit typo (2.328708ms)
✔ F14a: codemod usage brackets --into as optional (61.980334ms)
✔ F14c: CLI negative --limit dies at parse, matching the MCP clamp (42.822125ms)
✔ API F4: an unknown argument key is rejected naming the near-miss, never silently ignored (54.131917ms)
✔ API F4: boolean params validate like numerics — full:"false" means FALSE, garbage errors (60.183917ms)
✔ API F4: reading_order scope without value is a correction, not a silent whole-repo answer (160.069542ms)
✔ API F5: context `bodies` owns caller rendering; `full` stays the unabridged-list switch (69.197916ms)
✔ F0-EQUIV: cache-extract ≡ full-extract after edits; F0-ONLY-CHANGED: scans == changed files (412.064834ms)
✔ F0-CACHE-NEUTRAL: --cache vs no-cache → identical fragment on the same tree (230.638917ms)
✔ SC3: refresh updates nodes+edges, re-attaches domain by id, drops overlaps (450.451833ms)
✔ F10-STAMP: no-change warm scans zero files; CODEWEB_VERIFY_FRESHNESS=1 restores the hash path (593.478ms)
✔ F4-VERIFY: mtime-preserving content change is invisible to stat-only, caught by verify tier (154.03275ms)
✔ SC3: refresh with missing meta.root → exit 2 (61.503291ms)
✔ README puts the gate lead between the identity line and any map-led narrative (1.259542ms)
✔ the README gate lead states the verdict, its three blockers, and its token cost (0.385417ms)
✔ README gates every pull request before it explains the graph internals (0.202917ms)
✔ README carries a free-forever boundary section linking the published boundary page (0.284459ms)
✔ the identity line stays verbatim on all four enforced surfaces (1.46625ms)
✔ the built homepage hero renders the identity line verbatim (0.24175ms)
✔ the homepage leads with the gate and demotes the live map below it (0.200916ms)
✔ the homepage gate story states its blockers, its cost, and where it runs (0.142583ms)
✔ the homepage hero still carries its conversion rails after the reorder (0.1155ms)
✔ gate-md: clean diff renders the one-glance summary, no blocking section (0.563875ms)
✔ gate-md: caps every list and says what was dropped (0.585167ms)
✔ gate-md: lost-callers excludes brand-new and renamed-to symbols; renames show similarity (0.119917ms)
✔ ac_13: evidence links use graph lines, analyzed commit and target; guidance distinguishes unknown callers (0.211458ms)
✔ ac_13: evidence is bounded and escaped; unsafe paths and link contexts stay plain text (0.161916ms)
✔ ac_13: local comments use file:line and missing evidence never invents a confidence (0.193708ms)
✔ GV-PREFLIGHT: exemptExported:false is structuralRegressions, id-for-id, over random pairs (4.418959ms)
✔ GV-GATE: exemptExported:true agrees with the shipped diff verdict over random pairs (3.394166ms)
✔ GV-DIVERGENCE: an exported symbol losing its last caller — preflight blocks, gate exempts but LISTS it (0.223917ms)
✔ GV-SIMULATE-TEXT: simulate speaks for its own check, not the gate (COPY.md #2) (148.487958ms)
[golden] SKIP — golden target not on disk: D:/GitHub Projects/ecc-test/plugins/marketplaces/ecc/scripts (set CODEWEB_GOLDEN_TARGET)
﹣ the extractor parses the full target into a substantial graph (0.482417ms) # golden target not on disk: D:/GitHub Projects/ecc-test/plugins/marketplaces/ecc/scripts (set CODEWEB_GOLDEN_TARGET)
﹣ FIXED: no `log` super-hub — max log in-degree genuine (<60), discord:log single-digit (0.063959ms) # golden target not on disk: D:/GitHub Projects/ecc-test/plugins/marketplaces/ecc/scripts (set CODEWEB_GOLDEN_TARGET)
﹣ LEGACY toggle is load-bearing — fabricates the dropped edges back (0.049167ms) # golden target not on disk: D:/GitHub Projects/ecc-test/plugins/marketplaces/ecc/scripts (set CODEWEB_GOLDEN_TARGET)
✔ every vendored grammar matches its recorded sha256 (10.420791ms)
✔ every recorded digest has its wasm on disk (no phantom rows) (0.381292ms)
✔ the runtime version the table pins is the one package.json declares (1.087375ms)
✔ normalizeGraph fills sane defaults (mirrors build-report) (0.80025ms)
✔ buildIndex separates call adjacency from any-incoming (call|import) (0.641375ms)
✔ resolveSymbol: exact id wins; else all label matches (sorted); else [] (0.098291ms)
✔ callersOf / calleesOf use only call edges, sorted + unioned (0.095834ms)
✔ impactOf is transitive, excludes seeds, and terminates on self-loops (0.105042ms)
✔ fileCycles: file-level SCCs (>=2), sorted + deterministic; same-file self-call ignored (0.167959ms)
✔ orphans: zero incoming (call|import) AND not exported (0.104584ms)
✔ structuralRegressions: a surviving node that loses its only caller is a lostCaller; a deleted one is not (0.169667ms)
✔ structuralRegressions: a file cycle present only in after is a newCycle (0.113417ms)
✔ structuralRegressions (property): lostCallers ⊆ surviving before-nodes, newCycles ∉ before-cycles (11.765208ms)
✔ finding 9: allBlastCounts / impactCountOf agree with per-node impactOf on random graphs (11.165083ms)
✔ runNodeAsync: runNode contract parity — exit status + captured stderr, no rejection (45.006584ms)
✔ runNodeAsync: two awaited-in-parallel 400 ms children overlap (wall < 750 ms) (449.974875ms)
✔ SRC_RE matches every C/C++ extension the extractor claims (0.763125ms)
✔ pre-edit hook: a .c edit produces the same class of card as a .js edit (839.967125ms)
✔ pre-edit hook: the .c card ships on the same structured channel, still advisory (559.901333ms)
✔ post-edit hook: a cycle introduced by a .c edit is flagged, as it is for .js (1099.941916ms)
✔ P1: map writes index-lite.json; hook output byte-identical from sidecar vs graph (405.503834ms)
✔ P2: stale or corrupt sidecar falls back to the graph path silently (417.522208ms)
✔ P3: the sidecar is slim relative to the graph (517.339541ms)
✔ HOT-WEIGHTS: weights are non-negative and sum to 1 (so score in [0,1]) (0.409041ms)
✔ HOT-WEIGHTED-BLEND: score is the graph-max-normalized weighted sum of the components (0.098875ms)
✔ HOT-ZERO: zero maxes never produce NaN (empty/degenerate graphs) (0.057458ms)
✔ HOT-DOMINANCE: dominating a symbol on every component never ranks below it (0.753417ms)
✔ HOT-RANK: rankHotspots sorts by score desc, ties by id; deterministic; no NaN (8.515625ms)
✔ HOT-CLI: hotspots.mjs --json ranks symbols with components (57.404542ms)
✔ HOT-SCOPE: non-product symbols are excluded by default, counted, and restored by allRoles (0.299916ms)
✔ HL-CX: cyclomatic on a 9,000,000-char string literal returns 1 (no RangeError) (21.284084ms)
✔ HL-RB: maskRuby on a 9,000,000-char double-quoted string returns (no RangeError) (5.464875ms)
✔ HL-RB-ESC: maskRuby survives the escape-heavy adversarial shape (2M escaped quotes) (13.200791ms)
✔ HL-EQ: old and unrolled regexes replace identically over 5,000 seeded strings, per site (16.112167ms)
✔ HL-SHIPPED: the shipped sources contain exactly the unrolled regexes the property tested (0.49425ms)
✔ HL-BELT: an internal throw degrades cyclomatic to 1 and nestingDepth to 0 (0.096875ms)
✔ HL-E2E (default engine): 9MB single-line string no longer kills the extract (519.505042ms)
✔ HL-E2E (regex engine): 9MB single-line string no longer kills the extract (324.721292ms)
✔ python: same-named methods across two classes get class-qualified, distinct ids (33.957208ms)
✔ go: same-named methods across two receivers get receiver-qualified, distinct ids (22.370667ms)
✔ rust: same-named fns across two impl blocks get impl-type-qualified, distinct ids (30.117875ms)
✔ js (regex tier): same-named methods across two classes get class-qualified, distinct ids (19.949917ms)
✔ a call from inside a method is attributed FROM the qualified method id (20.432958ms)
✔ PRECISION: an importer that never touches the anchor is NOT a dependent of it (46.512709ms)
✔ the coarse module-import edge is redirected to the target <module> node (18.106084ms)
✔ RECALL: real member-access dependencies are still precise (22.916417ms)
✔ DEPENDENTS: --dependents of the anchor excludes the non-user, includes the real user (74.665958ms)
✔ a default import of a single-symbol class lands the coarse edge on the CLASS (42.173041ms)
✔ the default-export import edge is NOT routed to <module> when a single symbol exists (19.018416ms)
✔ DEPENDENTS: the importer is a dependent of the class even without a detected call (95.657208ms)
✔ RECALL: a namespace/default-import member call resolves to the imported symbol (56.6305ms)
✔ RECALL: default-import construction (new Widget()) resolves to the class (35.8375ms)
✔ RECALL: a static member call on a default-import alias resolves (Widget.from()) (18.648125ms)
✔ PRECISION: a param obj.merge() does NOT fabricate an edge to the imported merge (24.347166ms)
✔ DEPENDENTS: --dependents is a superset of --callers and includes the member-access caller (149.58ms)
✔ i1: `.js` specifier disambiguates between two same-named `.ts` exports (ext remap) (116.497167ms)
✔ i2: `import * as u from "./util.js"` binds the namespace to util.ts (member call edges) (112.708375ms)
✔ i3: re-export chain through a `.js`-specified barrel resolves + barrel dependent edge (131.568209ms)
✔ i4: `.mjs`->`.mts` remap and `/index.tsx` index candidates resolve (109.716792ms)
✔ i5: pub-entrypoint walk follows main "./src/index.js" to src/index.ts (mirrored list) (118.756583ms)
✔ i6: when BOTH dual.js and dual.ts exist, the literal on-disk .js wins (Node semantics) (89.372084ms)
✔ PRECISION: a bare object-default alias reference does NOT resolve to the anchor (46.629875ms)
✔ RECALL: member access on the object alias still resolves (21.824667ms)
✔ IE-INPROC-PARITY: in-process runExtract fragment byte-equals the spawned CLI stdout (141.282667ms)
✔ IE-COLD-PARITY: cold cache == no-cache == --full (caching changes nothing cold) (50.74475ms)
✔ IE-INCREMENTALITY: a pure body edit re-edges only the changed file AND still equals cold full (121.022042ms)
✔ IE-INCREMENTALITY (kill-switch leg): CODEWEB_NAME_DELTA=0 restores the wholesale mechanism verbatim (57.329417ms)
✔ IE-BIND-COUPLING: rensym of an IMPORTED name re-edges the importer (the aliased-import trap) (55.995167ms)
✔ IE-REX-FLIP: retargeting a re-export barrel re-aims the consumer edge (warm == cold) (53.666208ms)
✔ IE-DANGLING: deleting a file that another file imports leaves no dangling edge (warm == cold) (59.018125ms)
▶ IE-EQUIVALENCE: warm incremental == cold full, for random mutation sequences
  ✔ trial 0 (643.456542ms)
  ✔ trial 1 (665.50625ms)
  ✔ trial 2 (820.354916ms)
  ✔ trial 3 (420.64175ms)
  ✔ trial 4 (714.187166ms)
  ✔ trial 5 (972.886708ms)
  ✔ trial 6 (310.480083ms)
  ✔ trial 7 (444.476292ms)
  ✔ trial 8 (683.839083ms)
  ✔ trial 9 (481.536625ms)
✔ IE-EQUIVALENCE: warm incremental == cold full, for random mutation sequences (1679.224625ms)
✔ JS: `class X extends Y` emits an inherit edge X -> Y (alias-resolved across files) (46.43ms)
✔ JS: a same-file `extends` resolves (18.813542ms)
✔ Python: `class X(Y)` emits an inherit edge (17.787042ms)
✔ an extended base class is NOT a dead-code orphan (17.760416ms)
✔ --impact of a base class includes its subclass (inherit reverse-reachability) (16.173042ms)
✔ imported json files become <module> nodes; orphans never do (61.329375ms)
✔ every import form wires the file-level edge with the right kind (39.369208ms)
✔ mapped json files are stamped into meta.sources; languages gains json (18.465625ms)
✔ a json edit after mapping is flagged stale (the map admits it is behind) (16.800375ms)
✔ json is never parsed: a syntactically broken json file still maps identically (17.222167ms)
✔ fragment is deterministic run-over-run (35.428083ms)
✔ a json-only tree still refuses to masquerade as a map (json is a tier, not a language) (63.551958ms)
✔ pre-edit hook speaks for an imported json file, byte-identical sidecar vs graph (568.605416ms)
✔ python: dispatch wires self+typed calls, drops ambiguity, keeps engines node-identical (281.372459ms)
✔ python: two same-named owners -> the typed call is dropped and counted, never guessed (92.940916ms)
✔ go: dispatch wires self+typed calls, drops ambiguity, keeps engines node-identical (243.413917ms)
✔ go: two same-named owners -> the typed call is dropped and counted, never guessed (150.354125ms)
✔ rust: dispatch wires self+typed calls, drops ambiguity, keeps engines node-identical (280.199333ms)
✔ rust: two same-named owners -> the typed call is dropped and counted, never guessed (105.279583ms)
✔ ruby: dispatch wires self/implicit/typed calls; engines stay node-identical; deterministic (290.081041ms)
✔ php: dispatch wires self/implicit/typed calls; engines stay node-identical; deterministic (340.457291ms)
✔ php: two same-named owners -> the typed call is dropped, never guessed (117.653666ms)
✔ ruby: a bare identifier (not a call node) never wires; cross-class names never wire implicitly (103.833041ms)
✔ ruby: classes, owner-qualified methods, self methods, top-level defs, calls, spec role (78.609041ms)
✔ php: classes + visibility-as-export methods, functions, calls, test role (82.419792ms)
✔ kotlin: classes/objects, methods, expression-bodied funs, internal/private visibility (74.697584ms)
✔ swift: structs/classes/extensions, methods, public/open visibility, Tests role (77.896334ms)
✔ determinism: all four languages, two runs, byte-identical fragments (149.25375ms)
✔ LR1: scanSymbols — JS functions/classes/methods/field-arrows, in-process (1.626833ms)
✔ LR2: scanSymbols — Python defs inside docstrings are masked away (1.271625ms)
✔ LR3: scanSymbols — Rust impl owners and Go receivers qualify methods (0.575667ms)
✔ LR4: bodyEnd — brace matching survives destructured params; Python dedents (0.627709ms)
✔ LR5: parseSignature — declaration and arrow forms, NBSP whitespace preserved (0.298042ms)
✔ LR6: shared tables — KEYWORDS filters control flow; langOf keys the meta vocabulary (0.150291ms)
✔ IR1: re-export chain — renamed barrel export resolves to the real symbol, in-process (0.5135ms)
✔ IR2: bindFileImports — a named import through the barrel binds the alias and the edge (0.549125ms)
✔ IR3: Python re-export table — pkg/__init__ from-import chains to the defining module (0.324042ms)
✔ IR4: defaultExportOf — single-symbol defaults resolve, object defaults do not (0.308167ms)
✔ product.json is the canonical language list — thirteen, C and C++ included (0.473583ms)
✔ commands/codeweb.md names every one of the thirteen native languages (0.582625ms)
✔ skills/codebase-anatomy/SKILL.md names every one of the thirteen native languages (0.138167ms)
✔ skills/codebase-anatomy/references/engine-detection.md names every one of the thirteen native languages (0.082708ms)
✔ README names every native language in its fast-path and roadmap lists (0.167084ms)
✔ the extension README covers C and C++ at the canonical count (0.164708ms)
✔ no live surface still claims eleven languages (historical records exempt, and proven so) (15.732667ms)
✔ the sweep actually reads the surfaces it claims to (non-vacuity) (2.351916ms)
✔ the walk emits separator-independent keys, so the exemptions apply on every platform (2.093584ms)
✔ the built site renders all thirteen languages, not a stale snapshot (0.267625ms)
✔ the launch drafts are committed, with an index and a receipts table (0.533375ms)
✔ every draft in the directory is registered in the index with a channel and a status (0.812333ms)
✔ every artifact the drafts draw numbers from was regenerated inside the mission window (2.293792ms)
✔ the unstamped correctness receipt belongs to the same fresh run as the stamped ones (0.702958ms)
✔ the freshness gate does not depend on a gitignored file (29.532917ms)
✔ the receipts table names only artifacts that exist in the tree (0.854583ms)
✔ no unreceipted number appears in the launch drafts (2.133792ms)
✔ each receipted number still equals the value its artifact records (0.759709ms)
✔ every receipted number is actually used by a draft (the table cannot rot into fiction) (0.75275ms)
✔ the check count is derived from the receipts, not asserted against a remembered total (0.715584ms)
✔ all 32 pre-registered checks are recorded as passing (1.083167ms)
✔ no draft states a charter-barred claim (1.030167ms)
✔ no draft names a rival product beside a number (0.497583ms)
✔ the superseded pilot figures are not quoted as live results (0.218ms)
✔ the Show HN title fits the channel limit (0.112083ms)
✔ each draft publishes the null alongside the passes (0.124375ms)
✔ each draft states the local-product invariants it is trading on (0.13975ms)
✔ the free-forever boundary is stated wherever the drafts mention the paid tier (0.151125ms)
✔ both launch pages ship as source pages AND as committed built output (1.813083ms)
✔ the LSP FAQ names the objection and answers it with the four things a one-hop lookup cannot do (0.346625ms)
✔ the gating answer cites a receipt that actually records the gate verdicts (0.582625ms)
✔ the LSP FAQ says the two compose rather than claiming a replacement (0.522625ms)
✔ the comparison page leads with the replicated recall result, at equal cost (0.16625ms)
✔ the comparison page publishes the token null instead of the superseded saving (0.295042ms)
✔ the comparison page renders the honesty ledger from product.json, not by hand (0.261667ms)
✔ neither page names a rival product — the contrast is against approaches and measured baselines (0.538ms)
✔ every artifact path cited on the launch pages exists in the tree (0.345041ms)
✔ no unreceipted number appears in the authored launch-page copy (1.497583ms)
✔ each receipted number equals the value the committed artifact records (1.614208ms)
✔ the receipted numbers are actually on the pages (the map cannot rot into a fiction) (1.477959ms)
✔ both pages are registered in the PAGES table as listed pages (0.3975ms)
✔ both pages are in the committed sitemap (0.134708ms)
✔ the consistency sweeps cover both new pages (0.116125ms)
✔ both pages are one click from the live homepage, and the links resolve in docs/ (0.173833ms)
✔ the widened nav can shrink instead of pushing the CTAs off-screen (0.167167ms)
✔ the product page routes its LSP objection card to the full FAQ (0.074209ms)
✔ the charter records the divergence from COMPETITIVE.md Bet 1 rather than leaving it silent (0.138584ms)
✔ L1: warm cached run never initializes the AST engine and is byte-identical to cold (310.474209ms)
✔ L2: a warm cached run of a dispatch-tier language never re-initializes the engine (204.251333ms)
✔ L3: --engine regex reports ast: off and the regex cache namespace (99.935125ms)
✔ L4: probe version string equals the loaded engine version (13.814917ms)
✔ corpus sanity: fixtures + every scripts/lib module present (0.510542ms)
✔ P1 maskJs: per-line length preservation over the corpus, both modes (85.914708ms)
✔ P2 maskJs: default-mode idempotence over the corpus (60.478416ms)
✔ P1 maskPy: per-line length preservation over the corpus, both modes (45.459375ms)
✔ P2 maskPy: default-mode idempotence over the corpus (53.976709ms)
✔ P3 maskRuby: idempotence + line-count preservation over the corpus (5.515584ms)
✔ P4 maskAligned: every JS-family extension the extractor enumerates gets the aligned mask (0.261583ms)
✔ MASK-ID repo: maskJs is byte-identical to the frozen reference over every mask-eligible repo file (19176.523042ms)
✔ MASK-ID corpus: maskJs is byte-identical to the frozen reference over a loaded bench-corpus tree (74.968708ms)
✔ MASK-ID fixtures: adversarial shapes (regex, templates, expr nesting, escapes, PHP #) (0.246583ms)
✔ n1 (default/ast tier): nested-template text is prose — no docs -> fabricateMe; real caller survives (114.575167ms)
✔ n2 (default/ast tier): a `}` in nested template text does not invert state (0.226042ms)
✔ n3 (default/ast tier): escaped \` in template text stays text (0.137375ms)
✔ n4 (default/ast tier): string content inside ${} fabricates nothing (0.16125ms)
✔ n5 (default/ast tier): two-deep nesting keeps the middle expr live; regex beats backtick-push (0.271916ms)
✔ n1 (regex tier): nested-template text is prose — no docs -> fabricateMe; real caller survives (80.25475ms)
✔ n2 (regex tier): a `}` in nested template text does not invert state (0.163167ms)
✔ n3 (regex tier): escaped \` in template text stays text (0.116875ms)
✔ n4 (regex tier): string content inside ${} fabricates nothing (0.141917ms)
✔ n5 (regex tier): two-deep nesting keeps the middle expr live; regex beats backtick-push (0.115708ms)
✔ a quote inside a regex literal does not desync the mask: extent stays tight, no fabricated edge (39.504541ms)
✔ a backtick inside a regex literal does not flip template state: prose stays prose (0.147208ms)
✔ division is not lexed as a regex opener; regex after `return` is (0.056ms)
✔ a {n} quantifier in a regex inside ${} does not corrupt interpolation brace matching (0.060584ms)
✔ self-map: complexity.mjs yields its known same-file edges (26.849416ms)
✔ budget injection: callers defaults to top-20 + more; full:true unabridged; explicit limit wins (234.140875ms)
✔ graph auto-discovery: nearest .codeweb/graph.json above cwd; none -> actionable error naming codeweb_map (123.452041ms)
✔ codeweb_map: builds a real graph over MCP and reports the path + stats (519.282416ms)
✔ API F6: codeweb_map failure never suggests --allow-empty (a flag the tool cannot pass) (229.14075ms)
✔ API F3: risk honors offset (offset:50 is not page 0) and more carries nextOffset (369.2565ms)
✔ API F3: break_cycles pages by offset; deadcode/context tiers and reading_order mark truncation (549.084042ms)
✔ find_similar accepts an inline body over MCP (stdin plumbing) + structural flag (572.926583ms)
✔ ac_10: codeweb_dependents returns the full union (call+import+inherit+test+ref) with byKind (53.504167ms)
✔ ac_10: dependents answers are budgeted with true totals (limit -> more.remaining) (58.79375ms)
✔ ac_10: the CLI serves the same mode from the same manifest entry (--dependents) (53.81325ms)
✔ MP-STATS-PARITY: codeweb_stats (in-process) === stats.mjs --json — empty AND non-empty ledgers (219.982542ms)
✔ MP-STATS-MISSING: codeweb_stats on a missing graph falls through to the spawned CLI (identical errResult text) (151.300709ms)
✔ MP-DIFF-PARITY: codeweb_diff (in-process from cachedGraph) === diff.mjs --json, byte-for-byte (MD1/MD2/MD2b) (365.635084ms)
✔ MP-DIFF-FALLBACK: codeweb_diff on a nonexistent after graph → isError (spawn fallback), stdout stays pure (98.493333ms)
✔ queueKeyFor: graph tools key to the DIR of graph.json (annotate too — dirFromGraph, not graphless) (1.110292ms)
✔ queueKeyFor: diff keys to the dir of args.after — COLLIDES with refresh on one workspace (#30) (0.237ms)
✔ queueKeyFor: a relative after resolves against cwd (0.111292ms)
✔ queueKeyFor: map keys to resolve(out) (default out = <target>/.codeweb) (0.122375ms)
✔ queueKeyFor: the "(graphless)" slot is UNREACHABLE for shipped tools (only diff+map are graphless) (0.1125ms)
✔ I5: a failing codeweb_map settles ONCE (exactly one reply for its id) and the server drains + exits 0 (208.151209ms)
✔ I5b: unsupported-repo map failure names the escapes, never the --allow-empty leak (213.74125ms)
✔ S1a epipe-survival: find_similar 1MB body + bad graph → isError result, and the server still answers a later ping (alive, exit 0) (110.468667ms)
✔ S1b epipe-survival: client closes its stdout read end mid-burst → server exits 0 (inherited cli.mjs guard) (81.224625ms)
✔ S2 refresh→diff in one burst: the diff reads POST-refresh bytes (waited, I6) and is served in-process (no child) (703.822667ms)
✔ S3 two codeweb_map on one out dir in a burst: end(map#1) < start(map#2), surviving graph parses (685.575166ms)
✔ I7 autoRefresh-skip: explicit refresh + a stale-triggering query in one burst → skip-autorefresh, ONE refresh child (676.895375ms)
✔ S4 cancellation-kills-child: notifications/cancelled on a running map → trace kill, NO reply for its id, ping answers, exit 0 (68.10275ms)
✔ S7 malformed-and-batch-frames: 42, "x", null, [] each answer ONE -32600 (id:null); a following ping answers (55.494ms)
✔ T-34.3 batch fan-out: [{ping id:9},{unknown-tool id:10}] → normal reply for 9 AND -32602 for 10 as individual lines; notifications stay silent (65.589583ms)
✔ S5 refresh-preserves-sidecars: after codeweb_refresh all three sidecars are FRESH (stamps === statSync(graph.json)) (699.349875ms)
✔ S6 reader-overlap: two readers released together by a writer barrier → both start before either ends (I4) (712.852041ms)
✔ I4 cap: 4 readers released by a writer barrier peak at exactly READER_CAP=3 concurrent (never 4) (781.481875ms)
✔ I2/I3 writer-barrier: [reader, writer, reader] one burst → end(reader1) ≤ start(writer) < start(reader2) (746.891917ms)
✔ cancel-during-diff-fast-path: cancel while the diff awaits the writer tail → NO reply, ping answers (644.041334ms)
✔ ac_9: diff {} before any snapshot fails with the refresh {snapshot:true} remedy (58.086416ms)
✔ ac_9: refresh {snapshot:true} then diff {} completes the loop in one MCP session (250.356292ms)
✔ ac_9: the refresh CLI serves the same flag (--snapshot) (173.48825ms)
✔ ac_11: a spawned advisor (codeweb_risk) on a stale graph carries the staleness verdict (116.446541ms)
✔ ac_11: codeweb_simulate (the refactor pre-flight) is staleness-annotated too (108.401083ms)
✔ ac_11: codeweb_stats stays unannotated (an activity receipt, not a structural answer) (68.554959ms)
✔ M1: initialize returns protocolVersion, an object tools capability, and serverInfo (72.144792ms)
✔ M2: tools/list exposes the full tool set with object schemas + correct required args (56.380334ms)
✔ M2b: initialize carries workflow instructions; unknown client protocol falls back to ours (114.110167ms)
✔ M3: tools/call codeweb_impact returns the query JSON as text content (57.333209ms)
✔ M3b: tools/call codeweb_review (a new agent tool) returns its JSON through the server (112.470667ms)
✔ M4: tools/call resolves a bare label (codeweb_callers helper) (58.584167ms)
✔ M5: unknown tool name -> JSON-RPC error -32602 (invalid params), not a crash (60.207667ms)
✔ M6: a not-found symbol is a valid tool result (found:false), not a protocol error (71.92ms)
✔ M6b: a missing required argument -> tool result with isError:true (not a JSON-RPC error) (85.162959ms)
✔ M7: notifications (no id) get no response; later requests are still answered (65.74625ms)
✔ M8: unknown method -> method-not-found error (-32601) (49.806375ms)
✔ M9: the server exits cleanly (status 0) when stdin closes (59.648541ms)
✔ M10: malformed JSON on stdin -> parse error -32700, no crash, recovers (58.683167ms)
✔ MD1: codeweb_diff on two clean snapshots returns the delta JSON as content, ok:true, not isError (62.836125ms)
✔ MD2: a regression (new cycle + new duplication) is a VALID result with ok:false, NOT isError (71.200209ms)
✔ MD2b: adding a brand-new uncalled node is reported but NOT a regression (ok:true) (52.564125ms)
✔ MD3: codeweb_diff args are optional (AC-9) — no discoverable graph for the default `after` fails actionably (53.034459ms)
✔ MD4: codeweb_diff on a nonexistent graph file -> isError:true (IO), stdout stays pure JSON-RPC (112.98875ms)
✔ MD5 / API F6: diff remedies never say "pass `graph`" — codeweb_diff has no such param (70.249875ms)
✔ M11 / CTX-MCP-PARITY: codeweb_context output == context-pack.mjs --json, verbatim (F1) (402.194167ms)
✔ M12 / RFS-MCP-PARITY + IDEMPOTENT: codeweb_refresh matches the CLI and is idempotent (F2) (724.263291ms)
✔ M13: codeweb_hotspots ranks symbols (F4) (113.677792ms)
✔ M14: codeweb_campaign returns an ordered worklist (F5) (200.670167ms)
✔ M15: codeweb_reading_order returns a bounded foundations-first path (F8) (117.931209ms)
✔ codeweb_simulate pre-flights a delete and returns the gate verdict (106.814292ms)
✔ codeweb_simulate validates its mode arguments (54.716292ms)
✔ codeweb_annotate records a suppression beside the graph and lists it back (162.982417ms)
✔ codeweb_stats serves the value receipt over MCP (59.513958ms)
✔ codeweb_map emits notifications/progress when the client sends a progressToken (450.86775ms)
✔ LSH-PAIRS-EQ: lshCandidatePairs ≡ verbatim string-key reference — pairs ORDER, buckets, skippedBuckets (220 seeded cases, both signal configs) (150.188417ms)
✔ LSH-TIER2-COLLISION-SPILL: a true band-fold collision spills by exact tuple, never merges differing tuples (0.492666ms)
✔ LSH-PAIRS-DETERMINISTIC: identical entries in identical order -> identical result object (3.44775ms)
✔ N1: minhash estimate tracks true Jaccard within 0.15 at K=128 (>=95% of pairs) (38.371625ms)
✔ N2: banding proposes >=99% of pairs at the overlap confirm thresholds (33.259ms)
✔ N3: signatures and band keys are deterministic and iteration-order independent (0.689542ms)
✔ emits a per-file `module` node for files with top-level calls (63.022166ms)
✔ top-level calls attribute to the module node, not the trailing function (29.459541ms)
✔ PRECISION: the trailing function does NOT absorb top-level calls (the EOF-range bug) (25.725042ms)
✔ RECALL: a non-exported helper called only from module scope is not a false orphan (23.700333ms)
✔ Python: dedent body extent + module attribution (24.499416ms)
✔ regex literals with braces do not corrupt body-end (scanSymbols repro) (20.535458ms)
✔ LINT-NUL: no tracked .mjs file contains a raw byte < 0x09 (57.385166ms)
✔ OD0: the simulation path is declared — delta by default, clone under CODEWEB_OPT_SIM=clone (103.800916ms)
✔ OD1: property — delta and clone simulations emit byte-identical results on random graphs (1292.315875ms)
✔ OD2: a cycle-creating merge is blocked with identical projectedNewCycles either path (113.108875ms)
✔ a body-confirmed high duplicate whose merge stays acyclic is READY (gate would pass) (56.873125ms)
✔ a duplicate whose naive merge would create a new file cycle is BLOCKED (gate would reject) (49.12825ms)
✔ a drifted duplicate is REVIEW, never auto-ready (no blind-merging diverged copies) (45.647333ms)
✔ a structural-high duplicate (bodySim null) is REVIEW — only body-confirmed merges are ready (62.796125ms)
✔ low and refuted findings are excluded entirely (precision over recall) (57.833333ms)
✔ a parallel-impl finding is surfaced as REVIEW, not a delete-the-copies merge (73.736292ms)
✔ an empty overlap set yields a clean zero report and exit 0 (44.661125ms)
✔ opportunities are ordered ready -> blocked -> review (actionable first) (57.384459ms)
✔ --out writes an optimize.md artifact with the tiered sections (52.062375ms)
✔ missing graph path exits 2 (usage) (49.498333ms)
✔ OCC1: a planted C duplicate across two .c files is reported (0.592708ms)
✔ OCC2: a planted C++ duplicate across two .cpp files is reported (0.081375ms)
✔ OCC3: body confirmation read REAL bodies — the extents the extractor measured are right (0.07525ms)
✔ OCC4: the report the gate consumes names both languages (0.058292ms)
✔ OC1+OC2: big-group sampling and hub-label twin cap, both reported (116.216625ms)
✔ N4: LSH finds the planted twin pair the capped path provably never examines (1151.921708ms)
✔ N4b: the LSH path is byte-deterministic across runs (1184.684833ms)
✔ N5: small inputs keep the exact path by default — bytes equal a forced-exact run (807.143125ms)
✔ N6: Signal C near-miss clones — LSH and exact paths confirm the same finding (868.495625ms)
✔ >=4 same-named uncalled implementations demote to interface-pattern (never "merge these") (56.183833ms)
✔ duplicated FIXTURE helpers are excluded from findings by default; CODEWEB_ALL_ROLES=1 restores them (113.210667ms)
✔ Signal B: twin candidates scope to product roles; CODEWEB_ALL_ROLES=1 restores (112.614209ms)
✔ identical bodies -> high confidence duplicate-logic (0.372209ms)
✔ same name, disjoint bodies -> refuted (dismissed as coincidental) (0.071083ms)
✔ partially diverged bodies -> medium/drifted (0.071458ms)
✔ CLI-scaffold names fold into one shared-responsibility finding (0.074792ms)
✔ overlaps are ranked, id-stamped, and written back into the graph (0.121042ms)
✔ structural fallback when source is absent (56.900334ms)
✔ P1: manifest is publishable — bins, files, no runtime deps, not private (1.572ms)
✔ P2: npm pack ships engine + plugin surfaces, excludes repo-only trees (2278.875ms)
✔ P3: packed release installs offline and each installed bin answers --help (4013.866ms)
✔ run.mjs completes and emits all five artifacts (0.367334ms)
✔ graph carries the target through every stage (0.191625ms)
✔ the cross-domain duplicate is surfaced and body-confirmed high (0.105542ms)
✔ report.html is a self-contained, non-trivial document (0.267041ms)
✔ overlap.md lists the finding for human review (0.112167ms)
✔ PL-GRAVITY: suggested domain == inline-recomputed plurality of resolved callees (40 cases) (2115.717458ms)
✔ PL-TIE: a tie resolves to the lexicographically smallest domain (57.606667ms)
✔ SC1: suggested file is the highest-callIn file in the chosen domain (49.36525ms)
✔ PL-REUSE-SOUND: name warnings are real nodes with the exact --name label (55.86375ms)
✔ PL-REUSE-SOUND: body warnings clear the medium (0.35) floor (110.851542ms)
✔ SC3/SC4: unresolved callees reported; empty -> unassigned/null (101.738792ms)
✔ PL-DETERMINISTIC: identical inputs -> identical stdout (107.761083ms)
/Library/Developer/CommandLineTools/usr/bin/ctags: illegal option -- -
usage: ctags [-BFTaduwvx] [-f tagsfile] file ...
✔ structuralRegressions: a NEW file-level cycle is flagged (1.51725ms)
✔ structuralRegressions: a pre-existing cycle is NOT re-flagged (0.128041ms)
✔ structuralRegressions: a SURVIVING symbol that lost all callers is flagged (0.390625ms)
✔ structuralRegressions: a DELETED symbol is not a lost-caller regression (0.072625ms)
✔ structuralRegressions: a clean additive edit yields nothing (0.101042ms)
✔ hook is INERT for a non-source file (no .codeweb work) (39.743083ms)
✔ hook is INERT when the file is not under a mapped target (49.756542ms)
✔ hook flags a NEW cycle introduced by an edit (vs the baseline) (139.146875ms)
✔ S18-1: given a map, the sidecar exists beside graph.json and stamp-matches it (400.46ms)
/Library/Developer/CommandLineTools/usr/bin/ctags: illegal option -- -
usage: ctags [-BFTaduwvx] [-f tagsfile] file ...
/Library/Developer/CommandLineTools/usr/bin/ctags: illegal option -- -
usage: ctags [-BFTaduwvx] [-f tagsfile] file ...
/Library/Developer/CommandLineTools/usr/bin/ctags: illegal option -- -
usage: ctags [-BFTaduwvx] [-f tagsfile] file ...
/Library/Developer/CommandLineTools/usr/bin/ctags: illegal option -- -
usage: ctags [-BFTaduwvx] [-f tagsfile] file ...
/Library/Developer/CommandLineTools/usr/bin/ctags: illegal option -- -
usage: ctags [-BFTaduwvx] [-f tagsfile] file ...
/Library/Developer/CommandLineTools/usr/bin/ctags: illegal option -- -
usage: ctags [-BFTaduwvx] [-f tagsfile] file ...
✔ S18-2: a valid sidecar yields the same verdict as the legacy parse path on the same payload (548.357417ms)
✔ S18-3: removing a baseline cycle key from the sidecar makes the hook report that cycle as NEW — the sidecar, not the graph, was consumed (560.503208ms)
✔ S18-4: a stale or corrupt sidecar falls back to the legacy path with the correct verdict (726.09975ms)
✔ S18-5: both sidecar AND graph corrupt -> the hook binary exits 0 silently (the contract is fail-open) (497.256ms)
✔ S18b-NOCHANGE: a no-change in-process fire returns null and leaves the warm cache bytes untouched (428.622834ms)
✔ S18b-PARITY: additionalContext byte-identical via the in-process path and CODEWEB_HOOK_INPROC=0 (spawn) (369.189167ms)
✔ the hook leaves no codeweb-hook-*.json temp files behind (114.558917ms)
✔ the pre-registered check count on every published surface equals what the receipts enumerate (2.273708ms)
✔ no published surface still frames the study as "32 / 33" (1.264375ms)
✔ the retired check is recorded with its reason, not silently dropped (0.2785ms)
✔ every check the receipts enumerate is recorded as passing (0.44225ms)
✔ H15 is claimed as passing only while its receipt says so (0.11575ms)
✔ no phantom symbol is extracted from inside a docstring (37.967709ms)
✔ no call edge is fabricated from inside a docstring (15.704625ms)
✔ no call edge is fabricated from inside a # comment (20.46075ms)
✔ a REAL call after the docstring is still extracted (18.48425ms)
✔ real symbols around the docstring are intact (22.718417ms)
✔ DEPENDENTS: render_template no longer lists the docstring/comment false callers (82.881209ms)
✔ single-line f-string: report -> compute edges (0.3ms)
✔ triple-quoted f-string: multi -> compute edges; {{code}} stays text (0.062625ms)
✔ rf prefix: prefixed -> compute edges (0.046875ms)
✔ plain strings stay blanked: no decoy -> compute edge (0.053834ms)
✔ expr-interior string content stays blanked: no decoy2 -> compute edge (0.046208ms)
✔ RECALL+PRECISION: a relative named import pins the bare call to the exact symbol (52.409209ms)
✔ RECALL: a relative submodule member call resolves (from . import models; models.build()) (18.735083ms)
✔ RECALL: an absolute aliased module member call resolves (import pkg.models as m; m.build()) (16.743292ms)
✔ the submodule import emits a coarse <module> edge (not a symbol edge) (16.336833ms)
✔ PRECISION: a param obj.helper() fabricates no edge (23.372333ms)
✔ DEPENDENTS: --dependents build includes both the submodule and absolute-alias callers (106.233625ms)
/Library/Developer/CommandLineTools/usr/bin/ctags: illegal option -- -
usage: ctags [-BFTaduwvx] [-f tagsfile] file ...
/Library/Developer/CommandLineTools/usr/bin/ctags: illegal option -- -
usage: ctags [-BFTaduwvx] [-f tagsfile] file ...
/Library/Developer/CommandLineTools/usr/bin/ctags: illegal option -- -
usage: ctags [-BFTaduwvx] [-f tagsfile] file ...
/Library/Developer/CommandLineTools/usr/bin/ctags: illegal option -- -
usage: ctags [-BFTaduwvx] [-f tagsfile] file ...
✔ Q1+Q2: from <own-pkg> import name resolves through the src-layout __init__ re-export (80.29725ms)
✔ Q3: an explicit import binds calls across a package boundary (61.356583ms)
✔ Q4: the module-level import site attributes to <module>, matching site granularity (87.190958ms)
✔ Q-guard: `import json` never grabs an in-repo NESTED json package (59.773292ms)
✔ SC1: no query prints usage to stderr (not stdout) and exits 2 (80.689333ms)
✔ SC2: missing graph file exits 2 with a clear message (no raw stack) (59.352208ms)
✔ SC3: --callers returns direct call in-neighbors, sorted (52.757958ms)
✔ SC4: --callees returns direct call out-neighbors, sorted (70.795625ms)
✔ SC5: --impact returns the transitive reverse-call closure + distinct domains (57.2865ms)
✔ SC5b: --impact on an ambiguous label seeds from ALL matches, excluding every seed (61.761875ms)
✔ SC5c: --impact terminates on recursion (self-loop) and excludes the seed (55.3715ms)
✔ SC6: --cycles finds a file-level dependency cycle (SCC size >= 2) (57.11225ms)
✔ SC6b: multiple cycles are emitted in a deterministic order (sorted) (58.596541ms)
✔ SC7: --orphans = no incoming edges AND not exported (exported-unused excluded) (76.730792ms)
✔ SC7b: --orphans returns [] at exit 0 (not 1) when every node has an in-edge (59.622917ms)
✔ SC8a: a bare ambiguous label resolves to ALL matching nodes (union of results) (60.693167ms)
✔ SC8b: unknown symbol exits 1 with found:false (50.90075ms)
✔ SC8c: a found symbol with zero results returns exit 0 + [] (not not-found) (56.995084ms)
✔ SC8d: import edges never leak into call adjacency (callers/callees) (102.637125ms)
✔ SC9: --json output is byte-stable across runs (deterministic for agents) (97.722625ms)
✔ SC-robust: missing node fields (exports/domain/file) default sanely, no crash (52.174583ms)
✔ SC-edgeless: a graph with no edges yields empty cycles/callers and all unexported orphans (161.478334ms)
✔ RE1: /codeweb-apply exists — ready tier only, deterministic gate owns every verdict (0.746792ms)
✔ RE2: /codeweb-pitch exists — every number pinned to an artifact, review before sharing (0.228083ms)
✔ RE3: narration is a provenance-labeled sidecar — brief renders it, absence changes nothing (2.905666ms)
✔ RE4: --serve serves the workspace on localhost only (140.778917ms)
✔ RE5: quickstart bins exist with the Node guard and forward faithfully (98.633708ms)
✔ RE6: the acquisition ledger runs on a schedule and appends where the docs say (0.248875ms)
✔ RE7: the spend-gated AI work is documented as funded proposals, not silently run (0.22875ms)
✔ RO-EQUIV-ORACLE + RO-EARLY-EXIT: rewrite ≡ frozen O(n²) oracle; budget b ≡ full-order prefix (200+ seeded cases, all scopes) (8.493416ms)
✔ RO-BUDGET-NORMALIZE: -1 / 0 / 2.5 / NaN / Infinity keep the pre-#22 slice semantics (2.161833ms)
✔ RO-FOUNDATIONS-FIRST: for an acyclic call graph, every callee precedes its caller in the order (4.939ms)
✔ RO-BUDGET: output length <= budget; budget >= scope size -> every in-scope symbol once (3.5425ms)
✔ RO-SCOPE-CLOSED: domain/file scope only emits in-scope ids; symbol scope stays in its closure (0.186875ms)
✔ RO-CYCLE-SAFE + RO-DETERMINISTIC: a cyclic call graph yields a stable total order, no crash (0.077584ms)
✔ RO-CLI: reading-order.mjs --json emits an ordered, budgeted path (53.426125ms)
✔ RECALL: a function passed to .map(fn) is captured as a reference edge (41.695209ms)
✔ RECALL: a function passed as a callback argument is captured (22.319458ms)
✔ PRECISION: a method call obj.fn() does NOT resolve to a top-level fn() (26.283833ms)
✔ version-sync.mjs runs clean on the aligned repo (idempotent no-op) (164.81725ms)
✔ screenshot.mjs front door: no args dies with usage (exit 2), never a stack trace (42.65725ms)
✔ auditClaimValues: a stated stat that disagrees with its receipt fails; the real repo is clean (18.603375ms)
✔ bumpVersion follows SemVer (0.159125ms)
✔ the real repo derives 28 MCP tools from the source (0.437125ms)
✔ engines.node claims exactly the tested floor (>=22) (0.117875ms)
✔ the real repo is consistent (versions + tool count aligned) (23.016375ms)
✔ check-consistency CLI exits 0 on the aligned repo (86.324791ms)
✔ rollChangelog moves Unreleased into a dated version section (1.005333ms)
✔ rollChangelog refuses an empty Unreleased (0.222458ms)
✔ syncTargets rewrites version + tool count via backref-preserving subs (0.2065ms)
✔ checkConsistency catches drift, applySync repairs it (round-trip) (5.746542ms)
✔ checkConsistency fails a sponsorship cost premise in the stdout copy module (4.11825ms)
✔ checkConsistency fails a sponsorship cost premise on any prose surface, not just product-copy (5.266917ms)
✔ checkConsistency fails a numeric claim literal in a script outside product-copy.mjs (4.526875ms)
✔ checkConsistency enforces the D1 manifest discipline (restatement + phantom docs) (3.724709ms)
✔ scanProseCounts flags the live package.json description string against 27 tools (0.091708ms)
✔ checkConsistency scans site/data/product.json prose — the stale-elevator class (0.055875ms)
✔ scanProseCounts flags a stale tool count, in digits and words (0.113667ms)
✔ scanProseCounts flags a stale native-language count (0.077208ms)
✔ scanProseCounts catches the "(N total)" and bare "N languages" phrasings that slipped v0.9.0 (0.147542ms)
✔ product.json languages match the extractor: one file per extension, counted (260.3675ms)
✔ CHANGELOG never @-mentions a number — bare @digit is banned outside code spans (1.258292ms)
✔ the release workflow re-syncs notes for an existing release instead of skipping (0.136125ms)
✔ G1: callers that try/catch or .catch() the call surface as exception reliance (178.962667ms)
✔ G2: a callee that mutates its parameter is flagged — callers share that object (163.785084ms)
✔ G3: null-checked results surface as nullability reliance (200.820042ms)
✔ G4 (control): none of the evidence -> none of the claims (147.039875ms)
✔ explain card reports fields, awaited fraction, and arg range from real call sites (236.401416ms)
✔ the pre-edit hook delivers the reliance line without being asked (121.859291ms)
✔ no callers or unreadable source -> no reliance claim (absence is honest) (282.926167ms)
✔ diff: a rename (same body, new name) reports as renamed, not delete+add churn (57.433625ms)
✔ explain: one bounded card with identity, dependents, tops, and findings membership (103.427875ms)
✔ C1+C4: cost-to-coverage per condition — means over reported cells only, missing counted (49.246166ms)
✔ C2: analyzer output byte-identical across runs (83.665458ms)
✔ P1: missed-then-fixed signature change mines as exactly one task with the history as answer key (1498.981916ms)
✔ P2: a well-executed change (all callers updated) mines nothing — and the funnel says why (919.979125ms)
✔ P3: a fix outside --followup-window mines nothing — and the funnel says why (1223.791458ms)
✔ P4: a formatting-only reformat is NOT a signature change — the prettier trap mines nothing (999.908666ms)
✔ P5: a change too large to embed verbatim is rejected, never truncated into the instruction (1191.077958ms)
✔ P6: a keyword-labeled symbol is rejected — its "mention" evidence would match syntax (901.513292ms)
✔ T-37.1: gDraw reads cvColors() exactly once, before the edge/node passes (not per label) (0.499541ms)
✔ T-37.3: every edge of a 50k set has per-edge style === its bucket style (byte-exact) (36.481792ms)
✔ T-37.3: theme ink overrides swap the triplet, never the alpha/width/dash math (0.162708ms)
✔ T-37.3: weight ≥ 72 collapses to one width bucket, weight ≥ 29 to one alpha, no over-merge across states (0.093917ms)
✔ T-37.2: labelPick caps at the given count (0.664125ms)
✔ T-37.2: priority order is bubbles > hl members > screen radius desc, tie-break by id (0.131042ms)
✔ T-37.2: labelPick is position-independent and deterministic (flicker-free across anneal) (2.117791ms)
✔ T-37.4: hitScan matches the old per-frame AN scan; gDraw no longer rescans AN (0.334792ms)
✔ E1+E2: editor links ship without leaking the source root (63.379042ms)
﹣ L1: harness emits the full measurement schema on a fixture report (0.341833ms) # playwright not resolvable
﹣ L2: a non-report input fails loudly, never emitting bogus timings (0.051834ms) # playwright not resolvable
✔ report-sim: gStepChunk extracts from the template and a small sim settles + terminates (83.637333ms)
✔ report-sim: the layout is deterministic — identical seeds give bitwise-equal positions ×2 runs (247.52325ms)
✔ report-sim: the spiral seeding is also deterministic and stays finite (227.879625ms)
✔ report-sim: sliced (budget=2ms) settle is bitwise-equal to a budget=∞ settle (T-35.4) (501.03325ms)
✔ R2: refresh stamps overlapsDroppedAt, and the brief says "not recounted" instead of 0 (588.906125ms)
✔ R2: a fresh full map clears the stamp and recounts (964.366417ms)
✔ R3: the session brief nudges when the tree has changed since the map (422.746084ms)
✔ R1/R8: a re-map prints the since-last-map delta and appends history.jsonl (810.75075ms)
✔ R8: trend reads history.jsonl instantly (no pipeline runs) (841.8995ms)
✔ R8: a reused (memo-hit) run does not double-append history (563.405291ms)
✔ R6: the workspace writes its own .gitignore whitelisting the non-regenerable memory (425.389041ms)
✔ R9/R10: the report renders its own age (view-time, byte-clean) and the building version (367.227667ms)
✔ R10: the run banner names the version (361.0365ms)
✔ R10: README and the site ask for a release-watch, not just a star (0.686375ms)
✔ R4: the same regression is flagged once, not on every subsequent edit (577.757042ms)
✔ R5: a suppressed finding disappears from graph.overlaps and reports a suppressedCount (691.132333ms)
✔ R7: the gate comment links home and can render a cross-PR trend line (0.728542ms)
✔ R7: ci-gate documents the --history flag (35.215084ms)
✔ R11a: a failed unsupported-language map leaves a marker that routes to the agent fallback (190.926625ms)
✔ R3: the pre-edit card marks a file whose stamps no longer match the map (288.2845ms)
✔ stats: full maps stamp firstMapAt/lastMapAt/mapCount (and only fresh computes count) (751.762125ms)
✔ RV1: FUNDING.yml exists — payment friction drops from infinite to zero (0.960625ms)
✔ RV2: README states the free-forever contract and the ratified sponsor story (0.313458ms)
✔ RV3: the support page tells the ratified story — placement for sponsors, no cost claims (0.224625ms)
✔ RV4: the receipt-high-point ask fires on real value, once a month, local-only (1131.2705ms)
✔ RV5: trend (the team-lead surface) carries the ask only with a real series (100.365333ms)
✔ RV6: the two shared artifacts carry the sponsor rail (attribution, not solicitation) (3.504958ms)
✔ RV7: anti-placements hold — no ask on agent-facing or trust surfaces (0.616625ms)
✔ RV-HUNK-MAP: changedSymbols == inline interval-overlap oracle; RV-BLAST-EXACT: blast == impactOf (40 cases) (2118.0705ms)
✔ RV-WHOLE-FILE: whole-file change selects exactly that file's nodes (44.667583ms)
✔ SC3/--gate: a new file cycle vs --before is reported and gates (160.111334ms)
✔ RV-DETERMINISTIC: identical inputs -> identical stdout (100.663292ms)
✔ RK-COMPONENTS: components + risk + ranking match the independent recompute (30 cases) (1625.662917ms)
✔ RK-MONOTONE: risk is non-decreasing in each component (100 random vectors) (0.617125ms)
✔ --changed restricts ranked output to changed files (58.765834ms)
✔ RK-PAGING: --offset pages with nextOffset; text mode honors --limit (152.578875ms)
✔ RK-DETERMINISTIC: identical inputs -> identical stdout (99.482291ms)
✔ R1: override maps docs/** to generated; heuristics keep the rest (129.722708ms)
✔ R2: first matching glob wins, in config order (128.5365ms)
✔ R3: an unknown role value fails loudly, naming the entry (61.851083ms)
✔ R5: a rules-file role flip with a warm cache re-derives edges (the #10 gate sees fresh roles) (175.011583ms)
✔ R4: absent roles section == absent rules file (byte-identical fragments) (261.094375ms)
✔ T-13.1: a Ruby heredoc body fabricates no symbol and no edge; real code stays live (96.537583ms)
✔ T-13.2: a PHP `#` comment fabricates no edge; the real call edges (107.047875ms)
✔ SE-IMPORT-CLEAN: import(extract-symbols) is side-effect-free (47.619792ms)
✔ IE-TWO-RUNS: two sequential runExtract calls each byte-equal a fresh CLI run (290.587625ms)
✔ IE-TWO-RUNS-CONCURRENT: Promise.all of two runExtract calls each byte-equal a fresh CLI run (249.017459ms)
✔ RE-ERRORS: guard paths throw ExtractError, never exit the host process (1.051083ms)
✔ K1: per-stage timing on stderr, artifacts byte-identical across cold runs (823.151459ms)
✔ K2: scale.mjs emits the full schema and restores the edited source byte-identically (1561.590042ms)
✔ K3: stagesReused honesty is pinned at the parser level (0.656291ms)
✔ PROPERTY: every product-role ref edge lands on a product-role target (2.198125ms)
✔ no lib/import-resolve or lib/cli edge into extract-symbols rel/textOf/maskedOnce (1.491542ms)
✔ F6: robots.txt + sitemap.xml exist, and internal markdown is excluded from crawl (0.682792ms)
✔ F12: every same-site fragment link in the built site resolves to an element with that id (12.469333ms)
✔ F6b: the IndexNow key deploys with the site and matches the committed key (0.1705ms)
✔ F6c: search engines get pinged on every site deploy, no account needed (0.084416ms)
✔ F5: the demo — the most-shared URL — finally unfurls (0.19775ms)
✔ F7/F9: built pages carry search vocabulary and every page has an h1 (0.457416ms)
✔ F10/F11: JSON-LD structured data + OG image dimensions (0.09775ms)
✔ F2: server.json exists for the MCP registry and tracks the package version (0.168417ms)
✔ F4: npm metadata carries the category keywords for the next publish (0.094709ms)
✔ F8: the case study is a real built page, not stranded markdown (0.135708ms)
✔ F6d: the Search Console ownership proof rides the shared head — dropping it would silently unverify the property (0.097583ms)
✔ F1b: repo About settings are code — the workflow applies what the JSON declares (0.98125ms)
✔ F1: the zero-code operator actions are written down where the operator will find them (0.302709ms)
✔ unterminated quotes tokenize in linear time, not exponential (3.88525ms)
✔ string collapsing semantics are unchanged (0.724167ms)
✔ fresh stamp + matching version -> the parsed doc (1.207459ms)
✔ version mismatch -> null (stale schema never served) (0.518334ms)
✔ stale mtime -> null (0.993584ms)
✔ stale size -> null (1.030125ms)
✔ graph rewritten after the sidecar stamped it -> null (1.263375ms)
✔ missing stamp, missing sidecar, malformed JSON, missing graph -> null, never throws (1.828041ms)
✔ writeSidecars is byte-identical to the individual builders the old build-report block ran (413.707083ms)
✔ the trio shares ONE stamp === statSync(graph.json), and all three loaders return non-null (6.212125ms)
✔ similar-index is REBUILT when meta.root is readable (3.688667ms)
✔ similar-index is REMOVED when meta.root is absent (brief + index-lite still written) (2.375375ms)
✔ similar-index is REMOVED when meta.root is set but gone from disk (2.58375ms)
✔ crash-window: a graph rewritten after the sidecars leaves only stamp-MISMATCHED sidecars (all loaders null) (2.607541ms)
✔ after a refresh, session-brief preview() is byte-identical from the sidecar path and the graph path (554.230834ms)
/Library/Developer/CommandLineTools/usr/bin/ctags: illegal option -- -
usage: ctags [-BFTaduwvx] [-f tagsfile] file ...
/Library/Developer/CommandLineTools/usr/bin/ctags: illegal option -- -
usage: ctags [-BFTaduwvx] [-f tagsfile] file ...
/Library/Developer/CommandLineTools/usr/bin/ctags: illegal option -- -
usage: ctags [-BFTaduwvx] [-f tagsfile] file ...
/Library/Developer/CommandLineTools/usr/bin/ctags: illegal option -- -
usage: ctags [-BFTaduwvx] [-f tagsfile] file ...
/Library/Developer/CommandLineTools/usr/bin/ctags: illegal option -- -
usage: ctags [-BFTaduwvx] [-f tagsfile] file ...
/Library/Developer/CommandLineTools/usr/bin/ctags: illegal option -- -
usage: ctags [-BFTaduwvx] [-f tagsfile] file ...
/Library/Developer/CommandLineTools/usr/bin/ctags: illegal option -- -
usage: ctags [-BFTaduwvx] [-f tagsfile] file ...
/Library/Developer/CommandLineTools/usr/bin/ctags: illegal option -- -
usage: ctags [-BFTaduwvx] [-f tagsfile] file ...
/Library/Developer/CommandLineTools/usr/bin/ctags: illegal option -- -
usage: ctags [-BFTaduwvx] [-f tagsfile] file ...
/Library/Developer/CommandLineTools/usr/bin/ctags: illegal option -- -
usage: ctags [-BFTaduwvx] [-f tagsfile] file ...
/Library/Developer/CommandLineTools/usr/bin/ctags: illegal option -- -
usage: ctags [-BFTaduwvx] [-f tagsfile] file ...
/Library/Developer/CommandLineTools/usr/bin/ctags: illegal option -- -
usage: ctags [-BFTaduwvx] [-f tagsfile] file ...
/Library/Developer/CommandLineTools/usr/bin/ctags: illegal option -- -
usage: ctags [-BFTaduwvx] [-f tagsfile] file ...
/Library/Developer/CommandLineTools/usr/bin/ctags: illegal option -- -
usage: ctags [-BFTaduwvx] [-f tagsfile] file ...
/Library/Developer/CommandLineTools/usr/bin/ctags: illegal option -- -
usage: ctags [-BFTaduwvx] [-f tagsfile] file ...
/Library/Developer/CommandLineTools/usr/bin/ctags: illegal option -- -
usage: ctags [-BFTaduwvx] [-f tagsfile] file ...
/Library/Developer/CommandLineTools/usr/bin/ctags: illegal option -- -
usage: ctags [-BFTaduwvx] [-f tagsfile] file ...
/Library/Developer/CommandLineTools/usr/bin/ctags: illegal option -- -
usage: ctags [-BFTaduwvx] [-f tagsfile] file ...
/Library/Developer/CommandLineTools/usr/bin/ctags: illegal option -- -
usage: ctags [-BFTaduwvx] [-f tagsfile] file ...
/Library/Developer/CommandLineTools/usr/bin/ctags: illegal option -- -
usage: ctags [-BFTaduwvx] [-f tagsfile] file ...
/Library/Developer/CommandLineTools/usr/bin/ctags: illegal option -- -
usage: ctags [-BFTaduwvx] [-f tagsfile] file ...
/Library/Developer/CommandLineTools/usr/bin/ctags: illegal option -- -
usage: ctags [-BFTaduwvx] [-f tagsfile] file ...
/Library/Developer/CommandLineTools/usr/bin/ctags: illegal option -- -
usage: ctags [-BFTaduwvx] [-f tagsfile] file ...
/Library/Developer/CommandLineTools/usr/bin/ctags: illegal option -- -
usage: ctags [-BFTaduwvx] [-f tagsfile] file ...
/Library/Developer/CommandLineTools/usr/bin/ctags: illegal option -- -
usage: ctags [-BFTaduwvx] [-f tagsfile] file ...
/Library/Developer/CommandLineTools/usr/bin/ctags: illegal option -- -
usage: ctags [-BFTaduwvx] [-f tagsfile] file ...
/Library/Developer/CommandLineTools/usr/bin/ctags: illegal option -- -
usage: ctags [-BFTaduwvx] [-f tagsfile] file ...
✔ SIG-FIDELITY: extracted params match an independent inline parser over random decls (1122.638667ms)
✔ SIG-NULL-SAFE: multi-line + paren-less + no-paren decls yield signature null (46.896209ms)
✔ SC2: return annotation captured for TS and Python (49.111666ms)
✔ SIG-CONTEXT-PACK: context-pack callees include the node signature (no drift) (48.373542ms)
✔ SC2: projected has gate shape and ok === (no new cycles && no lost callers) (44.649416ms)
✔ SE-FAITHFUL: tool matches the oracle + ok invariant holds — delete (30 cases) (1455.327958ms)
✔ SE-FAITHFUL: tool matches the oracle + ok invariant holds — merge (30 cases) (1382.866792ms)
✔ SE-FAITHFUL: tool matches the oracle + ok invariant holds — move (30 cases) (1233.391583ms)
✔ SE-FAITHFUL: tool matches the oracle across mixed random ops (60 cases) (2362.094917ms)
✔ SE-PURE: the input graph file is byte-identical after a run (39.282625ms)
✔ H4: --into defaults to the smallest resolved id when omitted (38.545125ms)
✔ SE-DETERMINISTIC: same input -> identical stdout (75.616084ms)
✔ SE-OPTIMIZE-AGREE: simulate-edit --merge and optimize.mjs project the SAME newCycles for a finding (83.68675ms)
✔ SC4: unknown symbol -> exit 1; missing op -> exit 2 (75.881ms)
✔ --out redirects the whole build (135.917833ms)
✔ builder runs and reports the expected page count (111.39425ms)
✔ emits every page in the information architecture (120.884208ms)
✔ output is deterministic — byte-stable across consecutive builds (263.365833ms)
✔ no unfilled template placeholders remain (131.403709ms)
✔ no "undefined" ever renders into a page, and every tool card has a description (137.159875ms)
✔ every page links the shared stylesheet and sets a canonical URL (116.884959ms)
✔ footer version is in lock-step with package.json (116.0345ms)
✔ pages are self-contained — no third-party network origins (119.2165ms)
✔ downloads dashboard uses the full package history and excludes incomplete recent days (127.0515ms)
✔ SKL-RENAME-INVARIANT: a consistent identifier rename yields an identical skeleton (sim 1) (16.181208ms)
✔ SKL-LITERAL-NORMALIZED: changing only literal values leaves the skeleton equal (0.106917ms)
✔ SKL-STRUCTURE-SENSITIVE: changing control flow changes the skeleton (does not saturate to 1) (0.109709ms)
✔ SKL-STRUCTURE-SENSITIVE (prop): inserting one extra if-block changes the skeleton (sim < 1) (11.454584ms)
✔ SKL-OPERATOR-SENSITIVE: operator identity survives normalization (+ vs *, && vs ||) (0.265708ms)
✔ SKL-KEYWORDS-PRESERVED: keywords survive normalization (control flow is visible) (0.500167ms)
✔ SKL-DETERMINISTIC: same source -> same skeleton + shingles (5.560709ms)
✔ SKL-DISTINGUISHES-UNRELATED: structurally different bodies are not near-1 (0.105625ms)
✔ SP-1: a spread call `...metrics(ws)` edges to the same-file callee (96.824625ms)
✔ SP-2: IIFE initializers are not function nodes; real arrows still are (1.850584ms)
✔ SP-3: self-map dogfood — trend.mjs:metrics has a caller; PERM_SEEDS is no node (124.891834ms)
✔ S1: identical fragment -> all four stages reused, outputs equal a --full rerun (mod generatedAt) (900.577208ms)
✔ S2: a source edit invalidates the memo (745.450875ms)
✔ S3: a missing output invalidates the memo and is restored (689.917416ms)
✔ S4: a CODEWEB_* lever change invalidates the memo (691.958042ms)
✔ S5: byte-tampered-but-parseable graph.json forces recompute (content hash, not a parse) (564.507667ms)
✔ S6: a tampered report.md forces recompute (the four non-graph outputs are guarded too) (575.68025ms)
✔ S7: --stages through-overlap computes through overlap, skips report + memo, never poisons a full run (649.794042ms)
✔ S8: --stages with an unknown phase exits 2 (no silent typo path) (41.238625ms)
✔ stats lib: bump accumulates monthly, opt-out is a true no-op, receipt line renders (96.021625ms)
✔ writers: the pre-edit hook and the MCP server put real events on the ledger (314.904791ms)
✔ empty ledger: the receipt says how counters accrue instead of showing nothing (134.002125ms)
✔ receipt survives the month boundary (lifetime) and the brief nudges on a stale map (132.031333ms)
✔ #10: CLI queries count toward the receipt (queriesServed bumps beside the graph) (146.828959ms)
✔ query --orphans --json: >64KB piped output arrives complete and parses (75.970625ms)
✔ deadcode --json: >64KB piped output arrives complete and parses (75.737709ms)
✔ deadcode text mode: >64KB piped output arrives complete (70.923833ms)
✔ F6-STRUCTURAL-FIND: --structural ranks a renamed clone higher than lexical does (93.469375ms)
✔ F7-SUPPRESS: annotate a deadcode finding -> deadcode hides + counts it; --show-suppressed reveals (193.173875ms)
✔ F7-DEST: annotate in an unmapped cwd exits 2 with the no-map message and creates nothing (142.196625ms)
✔ F7-RESURFACE: changing the orphan id changes its fingerprint -> not silently suppressed (146.551125ms)
✔ S1 query miss exits 1 and suggests the near-match + concept search (47.678875ms)
✔ S2 query miss --json carries hint + ranked suggestions with full ids (44.706333ms)
✔ S3 suggestions are bounded (max 3) and deterministic (98.535958ms)
✔ S4 a hopeless miss still gets the hint, without fabricated suggestions (51.536458ms)
✔ S5 explain miss carries the same hint + suggestions (50.359833ms)
✔ S6 context-pack miss names the near-match in its error (41.204625ms)
/Library/Developer/CommandLineTools/usr/bin/ctags: illegal option -- -
usage: ctags [-BFTaduwvx] [-f tagsfile] file ...
/Library/Developer/CommandLineTools/usr/bin/ctags: illegal option -- -
usage: ctags [-BFTaduwvx] [-f tagsfile] file ...
/Library/Developer/CommandLineTools/usr/bin/ctags: illegal option -- -
usage: ctags [-BFTaduwvx] [-f tagsfile] file ...
/Library/Developer/CommandLineTools/usr/bin/ctags: illegal option -- -
usage: ctags [-BFTaduwvx] [-f tagsfile] file ...
/Library/Developer/CommandLineTools/usr/bin/ctags: illegal option -- -
usage: ctags [-BFTaduwvx] [-f tagsfile] file ...
/Library/Developer/CommandLineTools/usr/bin/ctags: illegal option -- -
usage: ctags [-BFTaduwvx] [-f tagsfile] file ...
/Library/Developer/CommandLineTools/usr/bin/ctags: illegal option -- -
usage: ctags [-BFTaduwvx] [-f tagsfile] file ...
/Library/Developer/CommandLineTools/usr/bin/ctags: illegal option -- -
usage: ctags [-BFTaduwvx] [-f tagsfile] file ...
/Library/Developer/CommandLineTools/usr/bin/ctags: illegal option -- -
usage: ctags [-BFTaduwvx] [-f tagsfile] file ...
/Library/Developer/CommandLineTools/usr/bin/ctags: illegal option -- -
usage: ctags [-BFTaduwvx] [-f tagsfile] file ...
/Library/Developer/CommandLineTools/usr/bin/ctags: illegal option -- -
usage: ctags [-BFTaduwvx] [-f tagsfile] file ...
/Library/Developer/CommandLineTools/usr/bin/ctags: illegal option -- -
usage: ctags [-BFTaduwvx] [-f tagsfile] file ...
/Library/Developer/CommandLineTools/usr/bin/ctags: illegal option -- -
usage: ctags [-BFTaduwvx] [-f tagsfile] file ...
/Library/Developer/CommandLineTools/usr/bin/ctags: illegal option -- -
usage: ctags [-BFTaduwvx] [-f tagsfile] file ...
/Library/Developer/CommandLineTools/usr/bin/ctags: illegal option -- -
usage: ctags [-BFTaduwvx] [-f tagsfile] file ...
/Library/Developer/CommandLineTools/usr/bin/ctags: illegal option -- -
usage: ctags [-BFTaduwvx] [-f tagsfile] file ...
/Library/Developer/CommandLineTools/usr/bin/ctags: illegal option -- -
usage: ctags [-BFTaduwvx] [-f tagsfile] file ...
/Library/Developer/CommandLineTools/usr/bin/ctags: illegal option -- -
usage: ctags [-BFTaduwvx] [-f tagsfile] file ...
/Library/Developer/CommandLineTools/usr/bin/ctags: illegal option -- -
usage: ctags [-BFTaduwvx] [-f tagsfile] file ...
/Library/Developer/CommandLineTools/usr/bin/ctags: illegal option -- -
usage: ctags [-BFTaduwvx] [-f tagsfile] file ...
/Library/Developer/CommandLineTools/usr/bin/ctags: illegal option -- -
usage: ctags [-BFTaduwvx] [-f tagsfile] file ...
/Library/Developer/CommandLineTools/usr/bin/ctags: illegal option -- -
usage: ctags [-BFTaduwvx] [-f tagsfile] file ...
/Library/Developer/CommandLineTools/usr/bin/ctags: illegal option -- -
usage: ctags [-BFTaduwvx] [-f tagsfile] file ...
/Library/Developer/CommandLineTools/usr/bin/ctags: illegal option -- -
usage: ctags [-BFTaduwvx] [-f tagsfile] file ...
✔ TE-PRECISION: test-edge targets == independent scan of test-file references (15 cases) (654.753208ms)
✔ TE-PRESERVE: no call/import edge from a test-file node to a prod symbol (34.395667ms)
✔ TE-QUERY-COMPLETE: --tests X == raw test-edge in-neighbors (88.174209ms)
✔ SC3: test edges do not count as callers/imports (orphan + callers contract) (91.058875ms)
✔ TE-ANON: anonymous test callback edges <module> -> prod:foo as a test edge (46.9885ms)
✔ TE-DESTRUCTURE: destructuring-param fn owns its body call and stays in impactOf (90.221834ms)
✔ JM-COMMENT: calls inside // and /* */ comments produce no call edge (49.687583ms)
✔ JM-STRING: // inside a string does not blank the rest of the line (40.055833ms)
✔ JM-TEMPLATE: call inside ${} interpolation still edges (42.153375ms)
✔ RX-RENAME: call via `export {x as y} from` barrel edges to impl:x (94.842875ms)
✔ RX-CHAIN: re-export through two barrels resolves transitively (52.320583ms)
✔ the no-progress guard is present in the shipped template (cannot silently regress out) (0.917417ms)
✔ a dominant final item terminates instead of overflowing the stack (0.207042ms)
✔ all-zero values terminate and still fully tile (no NaN from /0) (0.077542ms)
✔ large uniform input (the .live-scale case) terminates (1.540834ms)
✔ areas are proportional to value and tile the box exactly (0.246542ms)
✔ degenerate single and empty inputs are handled (0.9985ms)
✔ trend renders body-confirmed duplication across snapshots (oldest -> newest) (54.091416ms)
✔ trend --json emits structured per-snapshot metrics (44.924084ms)
✔ trend with no input exits 2 (usage) (45.290875ms)
✔ trend --git charts duplication rising across real commits (1055.401541ms)
✔ trend --git reused-ws belt: a failed middle commit is zeroed; neighbors stay correctly attributed (1111.522ms)
✔ loadTsEngine returns null OR a {cyclomaticExact, version} engine — never throws (0.514959ms)
✔ cyclomaticExact: no decisions → 1 (3.434125ms)
✔ cyclomaticExact: if + && → 3 (0.552792ms)
✔ cyclomaticExact: switch cases + catch → 4 (0.417792ms)
✔ cyclomaticExact: loops + nullish → 4 (0.254458ms)
✔ precision: optional param `?:` is not a ternary (0.587458ms)
✔ precision: `.catch(` is a Promise method, not try/catch (0.183292ms)
✔ precision: logic inside a template interpolation is real branching (0.339542ms)
✔ determinism: identical input → identical value (0.331834ms)
✔ always >= 1, and empty/garbage input does not throw (0.429833ms)
✔ extractJsTs: method ids are class-qualified (file:Class.method), labels stay bare (1.847917ms)
✔ extractJsTs: this.m() + typed-receiver dispatch resolve to qualified method ids (0.6845ms)
✔ extractJsTs: deterministic across runs (1.178541ms)
✔ extractJsTs: garbage input never throws (graceful per-file fallback signal) (0.193166ms)
✔ L-MEM: every parser.parse site in ts-engine.mjs frees its tree (0.190458ms)
✔ T1+T2: reordered statements pair as a near-miss clone, REVIEW-only (388.751833ms)
✔ T3: structurally different bodies of similar length do not pair (369.158875ms)
✔ T4: small bodies never fingerprint (exact-clone territory stays Signal A) (373.758083ms)
✔ T5: regex engine -> no fingerprints, no near-miss findings (355.972875ms)
✔ T6: determinism — same source, two workspaces, byte-identical graphs (mod generatedAt) (634.3565ms)
✔ the gate comment carries the org-dashboard line in its footer, beside the attribution (1.616458ms)
✔ the gate comment keeps its attribution footer when the upgrade line is suppressed (0.4035ms)
✔ a caller rendering its own dashboard link can turn the upgrade line off (0.155125ms)
✔ the trend nudge fires at 5 snapshots and stays silent at 4 (128.20125ms)
✔ the trend nudge is exactly one line, printed once, after the table (101.068833ms)
✔ trend --json stays pure JSON at any snapshot count (134.622958ms)
✔ both documented levers suppress the trend nudge at 5 snapshots (98.0765ms)
✔ placementsSuppressed reads the environment at call time, and only on "1" (0.114875ms)
✔ the shared report artifact keeps its attribution footer (0.610958ms)
✔ no placement string reaches any unsanctioned script, hook, or bin entry (6.172833ms)
✔ the sweep actually covers the three anti-placement surfaces (0.319708ms)
✔ behavioral: an MCP tool response carries no placement (51.457084ms)
✔ behavioral: error paths carry no placement (261.734208ms)
✔ the charter records which surfaces may carry an upgrade line, and which may never (0.4345ms)
✔ the suppression lever is documented where every other environment knob is (0.186042ms)
✔ lens-core: callers count reverse call edges only; blast is the impact closure (0.807208ms)
✔ lens-core: inherit edges make subclasses part of the blast (0.073542ms)
✔ lens-core: minCallers hides sub-threshold symbols; unknown file yields no lenses (0.084459ms)
✔ lens-core: blastOf uses the pointer-index walk, not shift()/spread-merge (#38 shape) (0.249834ms)
✔ lens-core: full-file pass scales ~linearly (2N pass ≈ 2× the N pass) (#38) (408.415583ms)
✔ lens-core: the linear-scaling estimator still fails a quadratic pass (#38 able-to-fail) (175.88275ms)
✔ lens-core: memo carry === cold rebuild for every id across randomized edge+node mutations (#38) (63.423042ms)
✔ lens-core: memo carry reuses untouched ids and drops affected ones (#38 counting) (0.176ms)
✔ extension: selector covers all 13 native languages and wires the watcher + refresh (0.545834ms)
✔ extension: activation is graph-gated (workspaceContains) with onCommand fallbacks, no onStartupFinished (#38) (0.270542ms)
✔ release.yml: publish needs the test job — no publish path skips the suite (0.767875ms)
✔ release.yml: dispatched refs must be ancestors of origin/main, checked before tag creation (0.100667ms)
✔ release.yml: vsce is exact-pinned, never @latest, and no Marketplace publish exists (0.901042ms)
✔ ci.yml: the test job runs an os x node matrix (0.088958ms)
✔ every actions/setup-node block across all three workflows enables the npm cache (0.243375ms)
✔ ci.yml: post-install AST probe + skip ceiling — an install hiccup cannot green-skip the AST tier (0.059541ms)
✔ ci.yml: a no-optional-deps job exercises the regex fallback for real (0.058416ms)
✔ codeweb-gate.yml: the structural self-gate installs deps (AST-aware, not regex-blind) (0.048583ms)
✔ ci.yml: committed docs/ is gated fresh after the site build (0.07125ms)
ℹ tests 1136
ℹ suites 0
ℹ pass 1129
ℹ fail 0
ℹ cancelled 0
ℹ skipped 7
ℹ todo 0
ℹ duration_ms 26851.16175
== 4/5 consistency ==
check-consistency: OK — v0.14.0, 28 tools, all surfaces aligned.
== 5/5 evals ==
ok    cli-help
ok    example-upper
ok    mcp-initialize
ok    mcp-tools-list
ok    query-help
evals: all 5 case(s) passed
ALL CHECKS PASSED
