== 1/5 spec lint ==
OK  SPEC.md: 34 live AC(s), 34 built and test-pinned
== 2/5 harness tests ==
----------------------------------------------------------------------
Ran 46 tests in 14.251s

OK
== 3/5 product tests ==

> @ghostlygawd/codeweb@0.15.0 test
> node --test "tests/**/*.test.mjs"

✔ cleanup marker (0.5005ms)
✔ accessors (regex tier): getter keeps the bare id, setter gets @5 (81.390875ms)
✔ decl lines (regex tier): no class -> own-member phantom callers; setter call attributes to @5 (0.219125ms)
✔ module-level overload stubs (regex tier): stubs get @line ids; no <module> or self fabrication (0.185416ms)
﹣ accessors (ast tier): getter keeps the bare id, setter gets @5 (0.085041ms) # tree-sitter engine unavailable
﹣ decl lines (ast tier): no class -> own-member phantom callers; setter call attributes to @5 (0.070459ms) # tree-sitter engine unavailable
﹣ module-level overload stubs (ast tier): stubs get @line ids; no <module> or self fabrication (0.107875ms) # tree-sitter engine unavailable
﹣ A/B: both tiers emit the identical id set for the accessor fixture (0.14925ms) # tree-sitter engine unavailable
✔ regex method matcher probes: describe() never matches; it(...) noise is pre-existing; if dies in KEYWORDS (2.733417ms)
✔ teardown (0.374416ms)
✔ acquisition ledger parser keeps valid npm snapshots, de-duplicates dates, and skips torn rows (6.738458ms)
✔ npm range parser keeps valid daily values, de-duplicates dates, and skips invalid rows (0.145ms)
✔ acquisition SVG is a mobile-readable line chart with honest source and cutoff metadata (5.870667ms)
✔ README puts the generated npm trend in the opening proof section (0.324625ms)
✔ proof-strip claims carry existing evidence paths and obey the brand shape rule (0.202875ms)
✔ every value-setting codeweb-ref: example pins the shipped release tag (6.545917ms)
✔ the codeweb-ref input declaration lives only in action.yml, and still defaults to main (5.851667ms)
✔ every codeweb-gate@ usage example pins a release tag, never @main (9.278833ms)
✔ the pinned tag is a released version, not an unreleased bump (0.587458ms)
✔ the doc pins are version-synced, so a release cannot leave them behind (0.291541ms)
✔ the ledger records gateReposExternal and surfaces WHY when it cannot (0.514791ms)
✔ the ledger accepts an operator-supplied search credential, gated like every other secret (0.366834ms)
✔ the newest ledger row carries the gateReposExternal field (0.40325ms)
✔ ac_12: every agent-path engine value (hybrid|tools|read) labels the brief payload (1.356ms)
✔ ac_12: deterministic-pipeline engines (ctags|regex) carry no agent label (0.257209ms)
✔ ac_12: the rendered brief (session-start injection) says the provenance out loud (0.464958ms)
✔ ac_12: the fallback schema documents meta.engine as the provenance label (0.911542ms)
✔ ac_27: unsupported statement layouts are detected with masked, bounded evidence (2.127167ms)
✔ ac_27: masking negatives and ordinary supported syntax are not flagged (0.217917ms)
✔ ac_27: default partial extraction and cold/stamp/hash caches retain diagnostics; edits clear them (88.388125ms)
✔ ac_27: default CLI partial maps and both snapshot sides are inconclusive; supported red/green controls remain (120.604375ms)
✔ ac_27: CLI refresh/baseline, query and review carry incomplete analysis through repair (1051.576667ms)
✔ ac_27: MCP fast and spawned gate paths preserve structured inconclusive results and baseline bytes (696.505459ms)
✔ ac_27: same-line multiple declarations remain incomplete with nonempty default graphs (73.421041ms)
✔ ac_27: wholly omitted declarations still fail default extraction with diagnostic locations (69.951416ms)
✔ ac_27: inline generator declarations cannot produce a clean partial-graph verdict (18.538042ms)
✔ ac_27: diagnostic regex masking survives multiline control heads without masking division (23.372667ms)
✔ FPR-STABLE: fingerprint ignores order / title / severity / evidence — only kind + symbol set (1.221708ms)
✔ FPR-STABLE (prop): fingerprint is deterministic and order-independent over random findings (2.506542ms)
✔ FPR-DISTINGUISHES: different kind or different node-set -> different fingerprint (0.122292ms)
✔ ANN-SUPPRESS-EXACT: applySuppressions removes exactly the matching findings; counts partition (1.0885ms)
✔ ANN-IDENTITY-CHANGE-RESURFACES: changing an implicated symbol id un-suppresses the finding (0.145667ms)
✔ ANN-KIND-JOINT: suppression keys on kind AND nodes — a different-kind finding over the same nodes stays visible (0.5275ms)
✔ ANN-EMPTY/ABSENT: no annotations file -> everything visible, none suppressed (0.402959ms)
✔ ANN-PERSIST-IDEMPOTENT: addSuppression writes .codeweb/annotations.json; twice -> one entry (2.920667ms)
✔ ANN-E2E-ROUNDTRIP: annotate writes where deadcode reads by default (500.063958ms)
✔ AE-IMMUTABLE: applyEdit never mutates its argument (5.931458ms)
✔ AE-DELETE: removes exactly the named nodes and every edge touching them (0.679583ms)
✔ AE-MERGE: drops non-canonical copies, redirects in AND out edges, drops self-loops, de-dups (0.145667ms)
✔ AE-MERGE: a pre-existing self-call on a copy stays a self-loop and is dropped (0.083625ms)
✔ AE-MOVE: changes only the target node file; nothing else (0.0895ms)
✔ SE-FAITHFUL (core): applyEdit agrees with independent naiveApply under structuralRegressions (18.613084ms)
✔ SE-DELETE-NO-NEW-COUPLING: every after-cycle is contained in some before-cycle (3.685709ms)
✔ atomicWrite: target parses, no temp sibling remains (1.592875ms)
✔ finding #42: stats + annotations writers are crash-safe (parse, no temp sibling, formatting kept) (3.906083ms)
✔ a corrupt graph.json is recomputed on re-map, not "stages reused"; intact workspaces still reuse (889.154625ms)
✔ staleness: an edited source file annotates query results until refresh (185.620209ms)
✔ pre-edit hook: one-line advisory for a mapped, depended-on file; silent otherwise (84.346084ms)
✔ ambient loop: the pre-edit hook injects the explain card, not just a pointer (77.113ms)
✔ ambient loop: MCP auto-refresh heals a stale graph in the BACKGROUND (finding 19) (385.616208ms)
✔ pre-edit hook envelope: additionalContext only — never a permissionDecision (136.173958ms)
✔ B1+B4: sections present, session valid, corpus skip explicit (3114.767334ms)
✔ B2: a lowered budget fails the gate by name; real budgets pass (6268.241916ms)
✔ B2b: a toy fixture is unmeasurable however slow the machine is (the stage budgets stay off) (3159.537292ms)
✔ B5: --check enforces the budgets without rewriting the receipt (8286.563667ms)
✔ B3: claims audit fails on a missing source and passes on the real tree (1.345334ms)
✔ bench: cost-only mode without a compiler oracle (graceful degradation) (223.927666ms)
﹣ bench: compiler-graded mode on a TS fixture (0.094833ms) # typescript not resolvable (set TS_MODULE to enable)
✔ bench: text summary is the default surface (234.310333ms)
✔ the boundary page ships as a source page AND as committed built output (1.214709ms)
✔ the boundary page states the free half in the ratified words (0.545916ms)
✔ the boundary page states the paid half — what money buys, and what it never breaks (0.372834ms)
✔ the pricing page ships as a source page AND as committed built output (0.089625ms)
✔ the pricing page carries the price, the seat definition, and the flat-unlimited framing (0.213459ms)
✔ the price is published as ratified INTENT, not as a live offer (0.119292ms)
✔ the pricing page carries a Teams sign-up rail pointing at the real App install flow (0.241417ms)
✔ the pricing page still separates the live install from the not-yet-live price (1.262042ms)
✔ the rival contrast names no competitor — category framing only (0.992375ms)
✔ the category price anchor cites the in-repo scan that recorded it (0.951417ms)
✔ no unreceipted number appears in the authored boundary/pricing copy (0.372833ms)
✔ both pages are registered in the PAGES table as listed pages (0.307708ms)
✔ both pages are in the committed sitemap (0.084ms)
✔ the homepage nav reaches both pages, and the links resolve in docs/ (0.127083ms)
✔ the consistency sweeps cover both new pages (0.093416ms)
✔ C8: SPEC.md no longer gates the Teams tier behind the distribution trigger (0.257541ms)
✔ C8: docs/ROADMAP.md no longer parks the Teams build or the boundary statement (0.221875ms)
✔ C8: the charter records the contradiction as resolved, not still-open drift (0.174625ms)
✔ B1: report template and site tokens carry the same core palette values (0.622083ms)
✔ B2: report template stays square, mono, and dark-by-default (0.285667ms)
✔ B3: docs/demo/index.html embeds the current report template (style + script parity) (0.746959ms)
✔ B4: no retired palette hex or rgba survives on an authored brand surface (4.843083ms)
✔ B5: brand SVGs are square-language (no circles, ellipses, or rounded rects); injected nav has no pills (0.424ms)
✔ B6: assets/screens were re-verified after the last report-template change (stamp matches) (0.435458ms)
✔ B7: every "N symbols … M domains" and "N callers" caption matches docs/demo/axios.graph.json (0.914083ms)
✔ B8: no dead image references in README or site content (0.66275ms)
✔ B9: terminal replay is evidence-backed, sanitized, and placed in the quickstart (1.319375ms)
✔ CB-CHEAP/NO-FABRICATE/VERIFIED over random 2-cycles (40 cases) (1925.136667ms)
✔ CB-ADVERSARIAL: the cheaper of two working cuts is chosen (51.354375ms)
✔ CB-3RING: cheapest verified cut on random 3-file rings (20 cases) (974.298541ms)
✔ CB-COVERS: an acyclic graph yields zero cycle proposals (54.02025ms)
✔ CB-DETERMINISTIC: identical input -> identical stdout (94.984916ms)
✔ CB-PSEUDO-EQ: cheapestCuts ≡ whole-graph oracle over 150 seeded all-kind cyclic graphs (incl. ref-closed + duplicates) (13.800417ms)
✔ CB-REF-ALIVE: given a call+ref pair, when its structural cut is tried, then the cycle survives and the next candidate is chosen (0.165625ms)
✔ brief: one page with counts, load-bearing symbols, tests, and findings (180.267334ms)
✔ session-brief hook: injects the briefing in a mapped repo, silent otherwise (78.133916ms)
✔ brief over MCP: 24th tool, served in-process, staleness-annotated shape (127.039667ms)
✔ BR-SIDECAR: hook output identical with, without, and with a stale brief.json (394.17225ms)
✔ unmapped repo with source gets ONE nudge; stamped and source-less dirs stay silent (154.269125ms)
✔ build-report does not embed the absolute local path (meta.root) in report.html (53.725458ms)
✔ two identical runs produce byte-identical report.html and (with SOURCE_DATE_EPOCH) graph.json (169.482833ms)
✔ report.html embed strips unread node/edge fields; graph.json keeps them (#36) (57.161958ms)
✔ report carries og metadata, the pipeline-findings renderer, and the shareable-hash machinery (54.279125ms)
✔ report ships light+print themes, focus-visible parity, ARIA tab wiring, and no blocking prompt (0.305583ms)
✔ CF-SHAPE: v16 entries hold interned edges and NO syms; warm no-change replays byte-identically (158.726167ms)
✔ CF-HASH-HIT: touched-but-unchanged file replays the full product set without a re-scan (327.4035ms)
✔ CF-MIGRATE: a stale-version cache (planted poison) is discarded — cold rebuild, byte-equal to no-cache, cache rewritten at the live version (240.318125ms)
✔ CF-NEST-FLIP: nesting a fallback target invalidates its consumers, warm stays byte-equal to cold (248.717417ms)
✔ CF-SKIP-WRITE: an unchanged fragment is not rewritten (mtime stable), a changed one is (219.467583ms)
/Library/Developer/CommandLineTools/usr/bin/ctags: illegal option -- -
usage: ctags [-BFTaduwvx] [-f tagsfile] file ...
✔ map + post-edit hook + refresh share ONE cache file, and warm runs ride it (596.445083ms)
✔ X.member.call(...) resolves to the underlying function (25.427542ms)
✔ X.member.apply(...) resolves to the underlying function (40.249875ms)
✔ PRECISION: a param obj.member.call() fabricates no edge (20.364167ms)
✔ CMP-GREEN-CHAIN: applying the plan in order introduces no file cycle absent at the start (41.536166ms)
✔ CMP-INCLUDES-MERGES: emitted merges are real opportunities; not all merges are dropped (14.72375ms)
✔ CMP-ORDER: cuts precede deletes precede merges; within a phase ROI is non-increasing (5.200416ms)
✔ CMP-MONOTONE-DELTAS: cumulative locReclaimed AND cyclesBroken non-decreasing; totals == sum (3.6355ms)
✔ CMP-BUDGET: --budget N yields the first-N prefix of the full ordered plan, at several lengths (14.070959ms)
✔ CMP-EMPTY + CMP-DETERMINISTIC: clean graph -> empty plan; deterministic incl. shuffled input (0.612834ms)
✔ CMP-CLI: campaign.mjs --json composes all three advisors — a delete AND a merge appear (108.848ms)
✔ CMP-CONCURRENT-STABLE: campaign --json is byte-stable + banner-clean on a cycles+dups+orphans fixture (217.563542ms)
✔ CMP-DELETE-ROI: delete steps rank and project by the deadcode `loc` field (0.220958ms)
✔ CMP-DELTA-EQUIV: simulator-chained plan == historical clone-chain plan (120 cases) (12.356916ms)
✔ B1: edits touching card-named caller files count once each; the card set is consumed (507.239584ms)
✔ B2: the card's own subject file never counts as following the advice (232.219959ms)
✔ B3: a new card replaces the pending set; B4: opt-out records nothing (337.236833ms)
✔ A1: non-goal 5 is struck — the distribution trigger no longer gates the Teams build (0.61675ms)
✔ A1 does not loosen non-goal 4 — the local product still takes no accounts or telemetry (0.095917ms)
✔ A2: non-goal 8 is amended, not struck, and names the second trusted source (0.129875ms)
✔ A3: the boundary section states the rule, where billing lives, and the price intent (0.166167ms)
✔ A4: non-goal 6 stands live and its reaffirmation is on the record (0.082459ms)
✔ every 2026-08-17/18 amendment is indexed, dated, and attributed (0.228709ms)
✔ the open-questions discipline survives the amendment (0.110084ms)
✔ the active job line follows the dated product clarity amendment and preserves history (0.086167ms)
✔ CH1: counts commits per file, window-bounded, cached by HEAD (548.812667ms)
✔ CH2: not a git repo -> {} (advisors degrade to churn-less ranking) (57.60525ms)
✔ ci-gate fails (exit 1) when the working tree introduces a new duplication (1345.96ms)
✔ ci-gate passes (exit 0) when the working tree matches base (1369.596625ms)
✔ ac_21: ci-gate --md carries real duplication evidence and commit-pinned subdirectory links without changing the verdict (1310.026542ms)
✔ ac_21: dirty source locations stay plain text for untracked, modified and staged files (4174.895917ms)
✔ ci-gate without --base exits 2 (usage) (45.467917ms)
✔ ci-gate exits 2 (not a crash) when the base ref cannot be resolved (881.133458ms)
✔ the composite action ships the sticky-comment reviewer, opt-in and fork-safe (0.267667ms)
✔ ac_27: CI gate contains a nonempty partial graph and renders diagnostic locations (2381.787292ms)
✔ a static-method call on an imported class refs the CLASS (and still calls the method) (29.325125ms)
✔ instanceof on an imported class refs the CLASS (17.252708ms)
✔ construction still produces a call edge to the class (21.544458ms)
✔ PRECISION: an object-default member access creates NO class ref (16.445458ms)
✔ DEPENDENTS: --dependents of the class unions the ref users, with a ref byKind breakdown (66.238ms)
✔ F1 run.mjs --help prints usage and exits 0 (it used to error "target not found: --help") (50.441084ms)
✔ F2 run.mjs rejects an unknown flag with usage, exit 2 (47.493833ms)
✔ F3 run.mjs with no target maps the cwd — a sourceless cwd is refused by the guard, not usage (132.356166ms)
✔ F4 every USAGE-bearing CLI answers --help with exit 0 (1146.624958ms)
✔ F5 graph auto-discovery: bare query works from inside a mapped repo, and says which graph it used (52.926583ms)
✔ F6 bare stats works from a mapped repo (the README-advertised invocation) (46.571041ms)
✔ F7 outside any mapped repo, bare query still dies with usage (exit 2) (49.028542ms)
✔ F8 build-report IO failures use exit 2 per the convention (48.045583ms)
✔ F9 run.mjs success points the user at the report (362.224916ms)
✔ F10 context-pack works with a bare symbol from a mapped repo (55.753083ms)
✔ API F7: refresh, fitness, placement, codemod discover the graph via the walk-up (315.23475ms)
✔ API F7: unmapped, the four die with the shared usage naming CODEWEB_WS (exit 2) (177.692459ms)
✔ explain.mjs rejects an unknown flag with usage, exit 2 (was: --jsno silently ignored -> exit 0) (46.703458ms)
✔ diff.mjs rejects an unknown flag with usage, exit 2 (was: bogus flag silently ignored -> exit 0) (61.23475ms)
✔ brief/stats/coverage reject an unknown flag with usage, exit 2 (one policy) (134.251ms)
✔ bench-ts-engine.mjs rejects an unknown flag with usage, exit 2 (was: swallowed into the target positional -> exit 1 "target not found") (44.752916ms)
✔ explain.mjs: --json still parses, positionals resolve (graph + symbol -> found) (45.196292ms)
✔ diff.mjs: --json still parses, positionals resolve (before + after -> no regressions) (48.758709ms)
✔ --help still prints usage and exits 0 on every converted front door (268.635125ms)
✔ coach: did-you-mean on a near-miss flag, silence on a far one (91.951875ms)
✔ coach: --flag=value parses for value flags and bool switches take =false (96.380917ms)
✔ coach: unmapped directory gets cause + remedy, usage appended (ERRORS R1) (45.564125ms)
✔ default de-hub (indeg>=12) keeps hooks callers in their home directory (57.810541ms)
✔ disabling de-hub lets the hub bridge hooks callers into lib (the bug de-hub prevents) (46.277667ms)
✔ domains are named after directories, not utility symbols (46.426542ms)
✔ meta is carried forward from fragment into graph (52.776375ms)
✔ CM-GATE-AGREE: plan.projectedGate == structuralRegressions(applyEdit(merge)); deletions/rewrites exact (30 cases) (1477.665541ms)
✔ CM-PLAN-PURE: a plan-only run leaves graph.json byte-identical (49.436125ms)
✔ CM-WRITE-REVERSIBLE: a predicted-regression --write leaves source byte-identical and exits 1 (46.803292ms)
✔ CM-INTO-RESOLVES: unresolvable/ambiguous --into exits 2 and touches nothing, even with --write (46.625542ms)
✔ CM-WRITE-STRING-GUARD: a loser label inside a string refuses --write and reverts byte-identically (51.084125ms)
✔ CM-WRITE-COMMENT-OK: a comment mention is skipped (and counted), live code is rewritten (161.894208ms)
✔ CM-IMPORT-REPOINT: a consumer importing the loser ends up importing the canonical from its real file (174.053959ms)
✔ CM-IMPORT-REPOINT-MTS: an .mts consumer importing the loser is repointed too (169.646416ms)
✔ CM-WRITE-SUCCESS: a safe same-file merge applies and the loser definition is gone (142.874375ms)
✔ CM-COPY: plan text owns its check, hedges the rewires, and is honest about undo (45.443209ms)
✔ CX-MIN-ONE: a straight-line body has cyclomatic 1; an empty body has 1 (0.663083ms)
✔ CX-COUNT-JS: cyclomatic === 1 + (if|for|while + && + || + ternary) decision tokens (0.073334ms)
✔ CX-COUNT-PY: python elif / except / and / or count as decisions (lang=py) (0.14475ms)
✔ CX-COUNT: monotone — appending a snippet with d decisions raises cyclomatic by exactly d (2.965167ms)
✔ CX-RENAME-INVARIANT: renaming identifiers (not keywords) never changes cyclomatic (2.741209ms)
✔ CX-IGNORES-STRINGS-COMMENTS: decision keywords inside strings/comments are not counted (0.415792ms)
✔ CX-DETERMINISTIC: same source -> same cyclomatic (0.754125ms)
✔ CXD-FLAT: nestingDepth — flat body <= 1, one block = 1, nested blocks count (0.116084ms)
✔ CXD-NONNEG + brace/string safety: never negative; braces in strings/comments ignored (0.95625ms)
✔ CXD-PY: python nesting depth follows indentation (0.207333ms)
✔ extractor stamps pub through named and star re-export chains, and meta.dynamic (88.582291ms)
✔ explain: public API and dynamic-dispatch caveats calibrate the card (182.997042ms)
✔ callers/dependents: a zero answer carries its asterisk instead of false confidence (253.098875ms)
✔ ac_22: context reports capped, unmatched, and unavailable source evidence independently of neighbor lists (4.290542ms)
✔ ac_22: list budgets report blast omissions; complete lists never promise complete analysis (0.286542ms)
✔ ac_22: freshness distinguishes unchanged stamps, stale data, and missing stamps (0.988333ms)
✔ ac_22: CLI and MCP emit identical context analysis and evidence (101.847042ms)
✔ CP-COMPLETE & CP-SOUND: callers/callees equal the independent raw-edge neighbor sets (688.377208ms)
✔ CP-BLAST-SUPERSET: blastRadius ⊇ callers and excludes the target (736.15125ms)
✔ CP-BOUNDED: callees and blastRadius carry NO body text (only target+callers do) (56.834416ms)
✔ CP-M3: a label resolving to multiple nodes returns the UNION across all matched ids (50.430833ms)
✔ CP-DETERMINISTIC: same graph+symbol -> identical stdout (103.862625ms)
✔ SC1: unknown symbol -> exit 1 (54.567083ms)
✔ SC1: resolves a bare label to its node (47.347375ms)
✔ CP-BODY-FIDELITY: target & caller bodies are byte-for-byte the real source lines (110.008458ms)
✔ CP-SC4: source absent -> bodies null and sourceAvailable false (never a guess) (46.381333ms)
✔ current Markdown prose stays under 55 words per paragraph (7.884875ms)
✔ current authored HTML prose stays under 55 words per paragraph (2.136167ms)
✔ listing descriptions (package/plugin/marketplace) stay under 55 words (0.367ms)
✔ C1 lcov parses and annotates: executed -> covered+hits, instrumented-but-idle -> covered:false, unseen file untouched (0.982416ms)
✔ C2 istanbul/c8 JSON parses to the same shape (0.148084ms)
✔ C3 the CLI annotates a graph on disk and explain/tests/context surface the facts (198.687458ms)
✔ C4 refresh drops stale coverage annotations and says how to restore them (260.101333ms)
✔ C5 dogfood: Node's own lcov reporter output annotates a real codeweb graph (288.64425ms)
✔ C1: the trust/offer line answers cost + safety at every ask (0.740833ms)
✔ C3: peak conviction has an ask — demo CTA and report footer (0.322584ms)
✔ C4: the install chooser is labeled by situation, and the npx form is the cheap one (0.140917ms)
✔ C5: the one hard requirement (Node >= 22) is stated at the README install decision (0.146084ms)
✔ C7: MCP is expanded at first use (0.523708ms)
✔ C8: start.html shows the map and separate local and editor success evidence (0.095417ms)
✔ C9: the closing sells the human, in plain words, without a 0-star star-beg (0.09125ms)
✔ C6: the tool wall opens with a job-framed index (0.092292ms)
✔ cold run: ONE batched ctags process (-L -) serves every file (415.949833ms)
✔ untouched warm run: zero ctags processes (stamp tier) (120.757584ms)
✔ warm run with one changed file: one PER-FILE spawn, not a whole-repo batch (184.479125ms)
✔ DC-MEMBERSHIP: safe == inline-recomputed (orphans − test-targeted − entrypoints) over random graphs (1940.918208ms)
✔ DC-FIXTURE: test-targeted/entrypoint/test-file-defined -> review, plain orphan -> safe (47.713792ms)
✔ DC-COPY: text heading hedges up front and shows the suppress door (45.775917ms)
✔ DC-DETERMINISTIC: identical input -> identical stdout (85.415083ms)
✔ DC-SCOPE: non-product orphans are excluded by default with counts; --all restores them (88.58775ms)
✔ DC-MANIFEST: a file named by package.json main/bin is review-tier, never safe (45.288458ms)
✔ DC-CLOSURE: a function inside a reachable parent span is review-tier (closure-reachable) (46.753416ms)
✔ D1: fewer than two graph args prints usage to stderr and exits 2 (53.2455ms)
✔ D1b: a missing graph file exits 2 with a clear message (no raw stack) (47.746167ms)
✔ D5: identical snapshots -> empty deltas, ok:true, exit 0 (51.7695ms)
✔ D3: adds a cycle + duplicate + a brand-new orphan node -> cycle & dup are regressions; new node is NOT (47.062416ms)
✔ D3b: an EXISTING node that loses its only caller is a regression (ok:false, exit 1) (47.602667ms)
✔ D4: the reverse diff (pure removals) is NOT a regression -> ok:true, exit 0 (55.034667ms)
✔ D-overlap-identity: the same finding with a different id/title is NOT added or removed (44.8745ms)
✔ D-sparse: graphs missing top-level arrays normalize instead of crashing (45.235416ms)
✔ D6: --json output is byte-stable and the CLI actually ran (not a vacuous pass) (95.41825ms)
✔ D-RENAME-PIN-inplace: same file, new name, same body -> renamed (not delete+add) (51.172667ms)
✔ D-RENAME-PIN-move: same label, moved file, same body -> renamed via the sameLabel path (46.023667ms)
✔ D-RENAME-PIN-submatch: a genuinely different body (sim < 0.85) is NOT a rename (51.44125ms)
✔ D-RENAME-PIN-spanshape: unreadable bodies fall back to same-file span-shape (sim null) (49.12925ms)
✔ D-RENAME-LONGBODY: an obvious >400-line rename still detects under the body cap (55.233833ms)
✔ D-RENAME-CAP: >200 on a side skips detection with an additive renameCheck marker (empty side gets none) (105.937583ms)
✔ D-RENAME-CAP-text: the cap-trip prints one text-mode line naming the skip (46.831625ms)
✔ ac_24: diagnostics from the installed front door are read-only and name exact missing-map repair arguments (80.922916ms)
✔ ac_24: diagnostics distinguish stale, unstamped, invalid, and unavailable-source graphs without changing them (140.020709ms)
✔ ac_24: directory discovery and explicit workspace override are visible (161.600542ms)
✔ IOV-DETECTS: a changed symbol that copies an existing body is reported (sim >= high) (1.442166ms)
✔ IOV-BOUNDARY: detection happens iff body-Jaccard >= high, across the whole 0..1 range (13.70675ms)
✔ IOV-REFLEXIVE-EXCLUDED: over random multi-symbol graphs, a symbol never dups itself (2.58975ms)
✔ IOV-THRESHOLD: a distinct body (sum) is not flagged as a duplicate of anything (0.393709ms)
✔ IOV-DETERMINISTIC: same input -> same output (sorted) (0.15725ms)
✔ IOV-MATCHES-FINDSIMILAR: top dupOf equals find-similar.mjs top match (one truth, {root} mode) (57.702917ms)
✔ DUP-GATE-DETECTS: review --before --gate on the file that added a clone -> newDuplications + exit 1 (49.528541ms)
✔ DUP-GATE-CLEAN: changing a non-duplicating file reports no newDuplications and passes the gate (51.5725ms)
✔ DUP-GATE-THRESHOLD: a ~50%-similar edit is below the high bar -> not flagged, gate stays green (54.881084ms)
✔ IOV-PIN-26: >400-line pool body (capped), unreadable body, and no-match are pinned (5.98825ms)
✔ DC-SIDECAR-EQ: sidecar-fresh ≡ live byte-identical (CRLF + >400-line pool bodies); stale/v1 rejected; missing id still found; changed ids shingle live (17.576417ms)
✔ DC-PREFILTER-EXACT: prefiltered results == filterless oracle on random pools (40 cases) (9.890541ms)
✔ ED-IDFILE: idFile splits a node id on its last colon (paths use / , label after last :) (0.453042ms)
✔ ED-PRECEDENCE: alias > same-file > unique-in-package (2.482375ms)
✔ ED-AMBIGUOUS: two in-package defs of the same name drop (ambiguous counted) (0.264459ms)
✔ ED-KEYWORDS: a language keyword call-shape produces no edge (0.240333ms)
✔ ED-TESTKIND: a test-file caller of a prod symbol reclassifies to a test edge (0.176208ms)
✔ ED-RBPHP-FILTER: a Ruby/PHP bare name never reaches another file owner-qualified method (0.17275ms)
✔ ED-LEGACY-FALLBACK: both states — off drops ambiguous, on wires defs[0] (0.218417ms)
✔ ED-NSALIAS: ns-alias member + .call/.apply chain resolves via resolveFileMember (0.399125ms)
✔ ED-SELF-SUPPRESS: self-call and same-decl-line call produce no edge (0.228625ms)
✔ ED-CLOSURE-LOCAL: a bare name never resolves to a closure-local target in another file (1.799417ms)
✔ ED-RETURN-SHAPE: return carries edges/hasModule/ambiguous/short/cand (0.335125ms)
✔ PUB-WALK: entry-reachable exports (direct + through a re-export chain) are stamped (0.672167ms)
✔ PUB-WALK: no manifest / no entry -> empty stamp set (no fs in the lib) (0.100458ms)
✔ TYPED-INTENTS: a receiver class resolving to exactly one file wires; ambiguous/absent drop (0.271ms)
✔ TYPED-INTENTS: ambiguous class (two defining files) drops (0.077292ms)
✔ TYPED-INTENTS: a test-file caller reclassifies to a test edge (0.0595ms)
✔ ac_23: baseline captures refreshed source and survives refresh/snapshot; verification sees later edits (604.937583ms)
✔ ac_23: invalid baselines fail before mutation; failed extraction preserves a previous baseline (237.175625ms)
✔ ac_23: structurally invalid baseline JSON fails before refreshing the live graph (142.981292ms)
✔ ac_23: queued MCP begin/verify is ordered; background refresh preserves baseline and verification finds a regression (931.010667ms)
✔ ac_23: a dropped overlap set is not a clean duplication check or a claimed fix (0.717833ms)
✔ ac_23: review identifies unevaluated structure and unavailable duplication evidence (51.044834ms)
✔ frozen truth (args.truth) SKIPS the oracle and runs reps with a paired-delta mean +/- SD headline (4.325209ms)
✔ args delivered as a JSON STRING is parsed (regression: must not silently fall back to the oracle) (0.557625ms)
✔ M1: args.root repoints every prompt path — the harness is portable (Spec M) (0.313334ms)
✔ M1b: defaults unchanged without args.root (backward compatible) (0.663875ms)
✔ M2: args.budgeted flips the treatment arm to MCP-parity budgeted consumption (Spec M) (1.855917ms)
✔ M3: the graph pre-flight proves truth ids resolve — exit 2 when one does not (Spec M) (543.928083ms)
✔ without args.truth the per-run oracle IS spawned (backward compatible) (0.486667ms)
✔ parseLabel maps control/treat labels to arm + task + rep (and rejects others) (1.41075ms)
✔ stat returns mean / sample-SD (n-1) / n, matching the harness aggregation (0.146542ms)
✔ aggregateUsage computes the paired-delta headline (mean +/- SD over reps) per metric (0.934667ms)
✔ CLI joins a Workflow journal to transcripts and writes a paired-delta usage.json (51.192958ms)
✔ E1 given an empty directory, extract exits 1 and says no supported source was found (100.883ms)
✔ E2 given only unsupported files, extract exits 1 with the same guidance (112.297208ms)
✔ E3 given --allow-empty, an empty target extracts an empty fragment and exits 0 (105.709834ms)
✔ E4 given supported files that define no symbols, extract exits 1 and says so (121.906708ms)
✔ E5 given an empty target, run.mjs aborts at extract with the message visible (146.244875ms)
✔ E6 given --allow-empty, run.mjs completes the pipeline on an empty target (338.838541ms)
✔ E7 given a nonexistent target, run.mjs exits 2 and leaves NO .codeweb behind (48.499917ms)
✔ ENC-PROP: innermost index equals the linear enclosing() scan on every line (8.630584ms)
✔ ENC-PROP: owner stack equals the :422 class-owner scan over a line-sorted build loop (2.080458ms)
✔ ENC-GOLD: regex-tier owner-qualified ids unchanged on nested/adjacent/same-line class shapes (86.777667ms)
﹣ ENC-GOLD-AST: default-engine ids add the tree-sitter method nodes (single-line bodies) (0.057417ms) # tree-sitter engine unavailable
✔ ENC-BIG: single big-file extract is deterministic byte-for-byte (272.308083ms)
✔ ac_30: canonical UTF8 keys and strict data values; tuple lengths avoid collisions (1.733917ms)
✔ projection ignores timestamps and array ordering; capture complete typed relations (8.99925ms)
✔ reconciliation observes new callers independently of displayed query and original remains immutable (6.970292ms)
✔ intermediate witness source change and isolated target edit cannot claim unchanged (3.432459ms)
✔ unrelated inputs can change while evidence remains unchanged after recomputation (2.911709ms)
✔ incompatible, missing target and incomplete snapshots never assert relation deltas (4.160083ms)
✔ same-reason questions do not relocate each other; moves retain old questions (6.208458ms)
✔ schema rejects unknown nested fields, mismatched relation IDs, unsupported profile (3.510625ms)
✔ selectors are exact and unambiguous; self call retained and import never impact (0.507459ms)
✔ record validation rejects contradictory profile, task types, missing target source and delta owners (6.788667ms)
✔ projection preserves diagnostics count; canonical data never calls getters (0.821417ms)
✔ shortest impact witness tie-break is deterministic and cycle bounded (2.564042ms)
✔ native structured signatures survive capture and strict schema validation (1.435542ms)
✔ standing relevant limitations and exported-consumer questions survive reconciliation (1.418542ms)
✔ immutable context reader derives a missing label window question for an aliased mapped caller (1.873209ms)
✔ semantic validation rejects contradictory capture and result claims even with well-shaped data (6.848333ms)
✔ removed witness retains historical target hash while current relations bind changed target (2.129583ms)
✔ three-edge shortest tie is ordered target-outward before storing original direction (1.306708ms)
✔ ac_31: snapshot detects new source, preserved-stamp bytes, rules and manifest separately (45.295625ms)
✔ isolated snapshot ignores ignore contents, excludes artifact store and performs no writes (12.481583ms)
✔ ABA source change during extraction derives only captured bytes (15.788583ms)
✔ one changed-source retry is allowed; repeated changes fail explicitly (24.072583ms)
✔ eligible source and directory symlinks are rejected without following them (7.386709ms)
✔ source deletion, hidden source and nested package boundary membership are captured (15.919167ms)
✔ snapshot derivation ignores ambient engine and legacy fallback toggles (16.520416ms)
✔ snapshot exclusions are relative to target, not a parent directory name (10.3085ms)
✔ rules and package resolution also use immutable bytes during ABA changes (17.727708ms)
✔ snapshot source reader serves shared caller windows from captured bytes after live edits (9.365334ms)
✔ loaded analyzer identity rejects later runtime replacement; fresh process captures new identity (126.36375ms)
✔ ac_32: historical pages reconstruct all identities with exact totals and bounded UTF-8 envelopes (2.895334ms)
✔ oversized detail emits an explicit identity locator and advances exactly once (0.149542ms)
✔ pagination validates task, parent, section and offset without retargeting (0.298708ms)
✔ summaries omit oversized limitation detail with exact counts and never silently truncate target (0.347792ms)
✔ result summaries preserve evidence state independently of any structural verdict (0.147666ms)
✔ errors never echo attacker-controlled messages or oversized context (0.116416ms)
✔ content-addressed capture round trips, reuses identical bytes and never modifies map (49.671917ms)
✔ reader rejects wrong task/root, tampering, deleted pages and ID traversal (31.034584ms)
✔ symlink record and every evidence-directory component are rejected (52.952833ms)
✔ a held lock fails in a bounded interval and is not automatically removed (1010.424542ms)
✔ corrupt regular JSON counts toward store cap, identical records reuse at cap (30.89675ms)
✔ record and target-summary caps reject before publication; oversized reads reject before parsing (57.552917ms)
✔ concurrent identical writers publish only one complete record and release temporary state (191.8975ms)
✔ schema extensions are never accepted even with a recomputed content ID (17.891375ms)
✔ result records require an existing task-owned parent and reads require the exact supplied parent (49.171583ms)
✔ historical pages remain identical after source removal and cannot migrate to another graph path (29.137375ms)
✔ incomplete crash temp files are not pages and lock symlinks are rejected (13.786208ms)
✔ concurrent different writers account for the exact store cap without partial publication (39.788208ms)
✔ real schema high-degree records survive storage and reconstruct full paged memberships (187.434209ms)
✔ ac_33: CLI/MCP capture parity bypasses empty cached graph and auto-refresh (237.142542ms)
✔ ac_33: clean review still reconciles new caller; historical pages never refresh (474.654833ms)
✔ ac_33: explicit tasks isolate evidence and do not change old gate result on receipt failure (307.429708ms)
✔ ac_33: invalid mode combinations fail before evidence artifact writes (228.529666ms)
✔ ac_33: target misses are bounded found:false results; evidence flags are advertised (218.468833ms)
✔ ac_33: failing legacy gate and explicit before identity survive unavailable evidence (336.882333ms)
✔ ac_33: ambiguous selectors return bounded candidate IDs without a receipt (71.710625ms)
✔ ac_33: saved graph provenance, historical target removal and text states stay explicit (308.62425ms)
✔ ac_33: store-full review preserves computed counts without promising result pages (221.646125ms)
✔ ac_33: graph-file aliases retain locator identity without following stored record paths (197.011667ms)
﹣ CA1 (c): a bound function-pointer table wires the call to its implementation (0.356958ms) # c grammar unavailable
﹣ CA2 (c): an UNBOUND receiver wires nothing — a pointer parameter is not evidence (0.047583ms) # c grammar unavailable
﹣ CA3 (c): a field bound TWO ways in one file is ambiguous — neither wires (0.035042ms) # c grammar unavailable
﹣ CA4 (c): the tier adds EDGES only — node sets are identical across engines (0.038ms) # c grammar unavailable
✔ CA5 (c): the C fixture holds under CODEWEB_ENGINE=tree-sitter (89.026458ms)
✔ CA6 (c++): the C++ fixture holds under CODEWEB_ENGINE=tree-sitter (80.160416ms)
✔ CA5 (c): the C fixture holds under CODEWEB_ENGINE=regex (79.16125ms)
✔ CA6 (c++): the C++ fixture holds under CODEWEB_ENGINE=regex (76.528083ms)
﹣ CA7: the tree-sitter run never claims a tier it did not use (0.07375ms) # c grammar unavailable
﹣ X1 (c++): unique typed-receiver dispatch resolves cross-file with the AST tier only (0.353916ms) # cpp grammar unavailable
﹣ X1b (c++): a NAMESPACE-QUALIFIED parameter type dispatches on its tail (0.055042ms) # cpp grammar unavailable
﹣ X1c (c++): a class SPLIT across header and .cpp is one class, not an ambiguity (0.045291ms) # cpp grammar unavailable
﹣ X2 (c++): an ambiguous receiver class wires NOTHING (0.038083ms) # cpp grammar unavailable
﹣ X3 (c++): this-calls resolve in-file; the node set is identical across engines (0.040792ms) # cpp grammar unavailable
﹣ T1 (java): unique typed-receiver dispatch resolves cross-file with the AST tier only (0.953333ms) # java grammar unavailable
﹣ T2 (java): an ambiguous receiver class wires NOTHING (0.067ms) # java grammar unavailable
﹣ T3 (java): this-calls resolve in-file; the node set is identical across engines (0.050583ms) # java grammar unavailable
﹣ T1-cs (c#): typed-receiver dispatch, Allman style (0.035916ms) # c# grammar unavailable
✔ C1: functions are extracted from .c and .h with C linkage as the export rule (24.857459ms)
✔ C2: a cross-file call through a header resolves to the definition (16.075ms)
✔ C3: #include "…" becomes an import edge to the header module (18.647292ms)
✔ C3b: system includes and unresolvable headers are dropped, never guessed (21.7615ms)
✔ C4: a struct of function POINTERS mints no symbols and guesses no call (19.906875ms)
✔ C5: control flow, macros and casts never become phantom symbols (18.995875ms)
✔ C6: a .h holding a real definition is scanned like any other translation unit (22.684959ms)
✔ C7: SRC_RE and langOf agree on the C extension family (and C++ is untouched) (0.138584ms)
✔ C8: a mixed C and C++ tree reports both languages, each with its own rules (15.220792ms)
✔ EX-CX-PRESENT: every function/method node carries integer complexity (>=1) and maxDepth (>=0) (85.462792ms)
✔ EX-CX-VALUES: a straight-line fn is complexity 1; a branchy fn is clearly higher (71.847333ms)
✔ EX-CX-MATCHES-LIB: graph complexity == lib/complexity.cyclomatic of the real body lines (71.499958ms)
✔ EX-CX-ONLY-CALLABLE: class and module nodes carry no complexity field (71.821666ms)
✔ CPP1: classes, in-class methods, out-of-line methods, and namespace-scope functions (22.082708ms)
✔ CPP2: prototypes are not symbols — a declaration and its definition never collide (18.347208ms)
✔ CPP3: cross-file call edges resolve to the definition (24.89675ms)
✔ CPP4: #include "…" becomes an import edge to the header module (22.794959ms)
✔ CPP4b: the include/ + src/ split resolves — the dominant real-world C++ layout (16.293917ms)
✔ CPP4c: an AMBIGUOUS basename is dropped — a guess is worse than an absent edge (20.275792ms)
✔ CPP5: angle-bracket and unresolvable includes are dropped, never guessed (19.687542ms)
✔ CPP6: control flow, lambdas and statements never become phantom symbols (17.3705ms)
✔ CPP7: meta.languages reports cpp for every C++ extension (17.848833ms)
✔ CPP8: SRC_RE and langOf agree on the C++ extension family (0.136292ms)
✔ forced --engine regex: no complexityEngine field (output shape unchanged) (0.4015ms)
✔ default (no flag) = tree-sitter when installed, regex fallback otherwise (0.059125ms)
﹣ tree-sitter run: exact complexity + meta records the pinned engine (0.037292ms) # web-tree-sitter unavailable
﹣ the opt-in demonstrably changes behavior: regex diverges from exact on the marked symbols (0.038ms) # web-tree-sitter unavailable
✔ graceful fallback: with the engine unavailable, --engine tree-sitter == regex output (0.3285ms)
✔ unknown --engine exits 2 with the valid set; --engine regex still works (118.10775ms)
﹣ tree-sitter: method node ids are class-qualified; class/function ids stay bare (0.067458ms) # web-tree-sitter unavailable
﹣ tree-sitter: dynamic-dispatch call edges (this.* + typed receiver) are wired (0.186584ms) # web-tree-sitter unavailable
✔ default (regex) run: method ids match the tree-sitter qualification scheme; still NO dispatch edges (0.520125ms)
✔ Go: func/method/struct/interface become nodes with the right kind and Go visibility (33.098583ms)
✔ Go: in-body calls wire by name (with ambiguity drop) (17.873875ms)
✔ Go: meta.languages reports go (14.089084ms)
✔ Java: types/methods/constructors with visibility, owner-qualified ids, no control-flow phantoms (78.423083ms)
✔ Java: FooTest.java and src/test/ classify as test role (73.681833ms)
✔ C#: Allman-brace + expression-bodied members, owner-qualified, base-list inherit, no phantoms (72.02325ms)
✔ C#: .csproj marks a package boundary (no cross-project bare-name edges) (76.482833ms)
✔ (a) decl-line magnet: `function metrics(g) {` fabricates no ref to a test-file g (79.592458ms)
✔ (a-inv) test -> product survives, relabeled kind `test` (the gate is one-directional) (67.404208ms)
✔ (b) body param shadow: `walk(rel)` using `rel` never falls back to a global rel() (67.494458ms)
✔ (c) short-name guard: a free-floating 1-char bare ref is dropped and counted (78.869875ms)
✔ (e) python: __init__ param shadows a module symbol inside __init__ only (65.584625ms)
✔ (f) closure-local magnet: loop-var `dep` never ref-resolves into another file's closure (73.611333ms)
✔ (d) suppression is per-binding: f(map) loses the edge, sibling h() keeps it (77.08275ms)
✔ Rust: fn/struct/impl-method become nodes with the right kind and exports (22.536959ms)
✔ Rust: in-body calls wire by name (with ambiguity drop) (17.281125ms)
✔ Rust: meta.languages reports rust (16.946333ms)
✔ discovers every symbol (9 across 8 files) (24.713416ms)
✔ FIX: ambiguous multi-def bare call is dropped, not wired to a global def (18.168542ms)
✔ LEGACY toggle restores the pre-fix byName[0] wiring (fix is load-bearing) (17.306958ms)
✔ same-file definition resolves authoritatively (21.455416ms)
✔ single-def bare name still falls back to the one global def (14.507542ms)
✔ imported symbol resolves to the imported target, beating both drop and byName[0] (14.860416ms)
✔ meta block is the single source of truth for the target (17.465208ms)
✔ extract-symbols writes output when invoked through a symlinked script path (69.516084ms)
✔ symlinked and real invocation paths produce the same fragment (155.866334ms)
✔ body spans survive multi-line template literals with braces (no more swallowed neighbors) (25.411209ms)
✔ nodes carry a role derived from their path (17.358333ms)
✔ bare-name resolution stays inside a package boundary (no cross-package collision edges) (36.537792ms)
✔ class-field arrow methods: discovered inside a class (qualified), NOT outside one (20.088334ms)
✔ v9: `export * from` barrel chains resolve to the real symbol (no swallowed edges) (21.89525ms)
✔ ac_34: empty, supported-zero and incomplete maps give bounded no-candidate output with unchanged JSON (277.550667ms)
✔ ac_34: conflicting contracts and intentional same-file duplication are source candidates, not automatic reuse (89.457666ms)
✔ ac_34: different-syntax equivalents and missing bodies retain zero-result/count behavior (186.270958ms)
✔ ac_34: human truncation names omitted counts and a working --k expansion (151.127125ms)
✔ ac_34: body-cap control excludes a matching tail and structural mode names its limits (142.338167ms)
✔ ac_34: ordinary source/candidate/usage/graph errors still exit 2 without successful result text (216.430667ms)
✔ ac_34: MCP tool discovery presents bounded comparison and preserves similarity JSON transport (108.957417ms)
✔ FS-ORACLE: reported sims + ranking match the independent shingler over random bodies (40 cases) (1993.408458ms)
✔ FS-DOGFOOD: the shared shingler is byte-stable (keywords + strings/comments handled) (0.284334ms)
✔ FS-SELF: an exact-body candidate self-matches at sim 1.0, ranked first (60.314459ms)
✔ FS-NEGATIVE: no reported match has sim < 0.15 (989.775ms)
✔ FS-BOUNDED-K: --k truncates to the top-K (45.972833ms)
✔ FS-TRUE-TOTAL: count is the pre-cap match total; more.remaining marks the k-cap (94.571833ms)
✔ FS-DETERMINISTIC: identical inputs → identical stdout (99.268208ms)
✔ SC3: missing meta.root → exit 2 with an explicit reason (42.49025ms)
✔ usage: no --body/--stdin/--signature → exit 2 (44.225042ms)
✔ FS-SIDECAR: sidecar path == live path byte-for-byte; stale sidecar falls back (252.867791ms)
✔ find: ranks the product symbol first and says why (120.896208ms)
✔ find: multi-term coverage beats single-token hits; stemming bridges morphology (211.756125ms)
✔ find: budgeted output with true totals; usage errors are actionable (198.741167ms)
✔ find over MCP: 23rd+ tool, served in-process from the cached graph, budgeted (135.832125ms)
✔ FR1: marketplace.json exists and satisfies the marketplace-add contract (0.633583ms)
✔ FR2: bare run maps the current directory into ./.codeweb; usage states both defaults (390.131458ms)
✔ ac_25 FR3: the first-run banner leads with the result and a next: block — no fossil strings (386.099667ms)
✔ FR4: overlap, optimize, and build-report print one findings vocabulary (371.387125ms)
✔ FR5: an empty map is announced as EMPTY; the empty-target error routes to the agent fallback (495.725416ms)
✔ FR6: bin wrappers guard the Node version and forward faithfully (108.942833ms)
✔ FR7: the result block rides stdout (2>/dev/null-surviving); stage progress stays off it (382.343917ms)
✔ FR8: --json emits exactly one parseable line on stdout with the five keys — no text block (358.491625ms)
✔ FR9: a memo-reuse run still prints the done line on stdout, and --json says reused:true (640.963834ms)
✔ ac_25: README and agent rules preserve the baseline through repair (1.629417ms)
✔ ac_25: the published cycle commands find the caller, go red, then repair to green (1019.875667ms)
✔ ac_28 CLI file-target boundary (explicit output false) (45.785417ms)
✔ ac_28 CLI file-target boundary (explicit output true) (360.820875ms)
✔ ac_28 CLI rejects file symlinks and preserves missing-target exit 2 (98.833708ms)
✔ ac_29 MCP file-target boundary (explicit output false) (59.959833ms)
✔ ac_29 MCP file-target boundary (explicit output true) (416.926708ms)
✔ ac_28 supported directory and directory symlink remain mappable (371.797334ms)
✔ ac_28 CLI fallback absent tools target app.js (304.764084ms)
✔ ac_28 CLI fallback absent tools target . (312.031916ms)
✔ ac_29 MCP fallback absent tools target app.js (379.189666ms)
✔ ac_29 MCP fallback absent tools target . (374.699709ms)
✔ ac_28 CLI fallback failed tools target app.js (353.510917ms)
ℹ {"discovery":"failed","target":"app.js","executable":"rg","status":9,"stderr":"rg: bad option: --files"}
✔ ac_28 CLI fallback failed tools target . (359.961833ms)
ℹ {"discovery":"failed","target":".","executable":"rg","status":9,"stderr":"rg: bad option: --files"}
✔ ac_29 MCP fallback failed tools target app.js (428.014666ms)
ℹ {"discovery":"failed","target":"app.js","executable":"rg","status":9,"stderr":"rg: bad option: --files"}
✔ ac_29 MCP fallback failed tools target . (413.145333ms)
ℹ {"discovery":"failed","target":".","executable":"rg","status":9,"stderr":"rg: bad option: --files"}
✔ FR-FORBIDDEN-SOUND: forbidden-dependency violations == inline edge filter (40 cases) (1941.374375ms)
✔ FR-LAYER: layer violations == inline upward-edge filter (925.010333ms)
✔ FR-FANIN: max-fan-in violations == inline callIn count over the limit (43.505708ms)
✔ FR-CYCLE-AGREE: no-cycles flags a real cycle (with files) and passes a clean graph (91.583834ms)
✔ FR-EXIT: error->exit 1, warning->exit 0; unknown rule type -> exit 2 (146.998542ms)
✔ F1: MCP simulate on an unknown symbol never returns an empty success (115.897083ms)
✔ F1: simulate-edit --json emits found:false JSON on stdout for an unknown symbol (51.303792ms)
✔ F2: required-arg errors distinguish missing / wrong type / empty (58.046166ms)
✔ F3: garbage/negative limit, offset, window are errors — never a silently-disabled budget (61.492792ms)
✔ F4: a misconfigured fitness rule dies at load — the gate never passes while checking nothing (189.337875ms)
✔ F5: a roles-only codeweb.rules.json is "0 rules configured", not a rejection (44.253959ms)
✔ F6: a malformed target rules file names itself; an unknown top-level key warns (159.032292ms)
✔ F7: release.mjs — --help works, unknown flags die, --version is semver-validated (142.630667ms)
✔ F8: reading-order rejects an invalid --scope kind with the valid set (41.675333ms)
✔ F9: run.mjs --coverage validates the path before any stage runs (46.436042ms)
✔ F10: --help documents every real flag on the advisors that hid theirs (170.094667ms)
✔ F11: codeweb_review stops advertising params that do nothing (44.674791ms)
✔ F12: codemod infers the survivor when into is omitted; fitness discovers its rules file (110.623625ms)
✔ F13: near-miss suggestions catch a 1-2 edit typo (1.335291ms)
✔ F14a: codemod usage brackets --into as optional (39.193125ms)
✔ F14c: CLI negative --limit dies at parse, matching the MCP clamp (47.088292ms)
✔ API F4: an unknown argument key is rejected naming the near-miss, never silently ignored (68.85225ms)
✔ API F4: boolean params validate like numerics — full:"false" means FALSE, garbage errors (58.607125ms)
✔ API F4: reading_order scope without value is a correction, not a silent whole-repo answer (101.500833ms)
✔ API F5: context `bodies` owns caller rendering; `full` stays the unabridged-list switch (54.613042ms)
✔ F0-EQUIV: cache-extract ≡ full-extract after edits; F0-ONLY-CHANGED: scans == changed files (321.728459ms)
✔ F0-CACHE-NEUTRAL: --cache vs no-cache → identical fragment on the same tree (219.554625ms)
✔ SC3: refresh updates nodes+edges, re-attaches domain by id, drops overlaps (378.779209ms)
✔ F10-STAMP: no-change warm scans zero files; CODEWEB_VERIFY_FRESHNESS=1 restores the hash path (459.800291ms)
✔ F4-VERIFY: mtime-preserving content change is invisible to stat-only, caught by verify tier (120.437792ms)
✔ SC3: refresh with missing meta.root → exit 2 (49.381375ms)
✔ README puts the gate lead between the identity line and any map-led narrative (0.636334ms)
✔ the README gate lead states the verdict, its three blockers, and its token cost (0.302917ms)
✔ README gates every pull request before it explains the graph internals (0.159916ms)
✔ README carries a free-forever boundary section linking the published boundary page (0.264042ms)
✔ the identity line stays verbatim on all four enforced surfaces (2.659792ms)
✔ the built homepage hero renders the identity line verbatim (0.204292ms)
✔ the homepage leads with the gate and demotes the live map below it (0.325041ms)
✔ the homepage gate story states its blockers, its cost, and where it runs (0.093541ms)
✔ the homepage hero still carries its conversion rails after the reorder (0.114333ms)
✔ gate-md: clean diff renders the one-glance summary, no blocking section (0.559833ms)
✔ gate-md: caps every list and says what was dropped (0.564292ms)
✔ gate-md: lost-callers excludes brand-new and renamed-to symbols; renames show similarity (0.114708ms)
✔ ac_21: evidence links use graph lines, analyzed commit and target; guidance distinguishes unknown callers (0.22325ms)
✔ ac_21: evidence is bounded and escaped; unsafe paths and link contexts stay plain text (0.1695ms)
✔ ac_21: local comments use file:line and missing evidence never invents a confidence (0.084167ms)
✔ GV-PREFLIGHT: exemptExported:false is structuralRegressions, id-for-id, over random pairs (3.7475ms)
✔ GV-GATE: exemptExported:true agrees with the shipped diff verdict over random pairs (4.682708ms)
✔ GV-DIVERGENCE: an exported symbol losing its last caller — preflight blocks, gate exempts but LISTS it (0.434042ms)
✔ GV-SIMULATE-TEXT: simulate speaks for its own check, not the gate (COPY.md #2) (145.253709ms)
[golden] SKIP — golden target not on disk: D:/GitHub Projects/ecc-test/plugins/marketplaces/ecc/scripts (set CODEWEB_GOLDEN_TARGET)
﹣ the extractor parses the full target into a substantial graph (0.270333ms) # golden target not on disk: D:/GitHub Projects/ecc-test/plugins/marketplaces/ecc/scripts (set CODEWEB_GOLDEN_TARGET)
﹣ FIXED: no `log` super-hub — max log in-degree genuine (<60), discord:log single-digit (0.051833ms) # golden target not on disk: D:/GitHub Projects/ecc-test/plugins/marketplaces/ecc/scripts (set CODEWEB_GOLDEN_TARGET)
﹣ LEGACY toggle is load-bearing — fabricates the dropped edges back (0.042625ms) # golden target not on disk: D:/GitHub Projects/ecc-test/plugins/marketplaces/ecc/scripts (set CODEWEB_GOLDEN_TARGET)
✔ every vendored grammar matches its recorded sha256 (9.417125ms)
✔ every recorded digest has its wasm on disk (no phantom rows) (0.141667ms)
✔ the runtime version the table pins is the one package.json declares (0.219125ms)
✔ normalizeGraph fills sane defaults (mirrors build-report) (0.769167ms)
✔ buildIndex separates call adjacency from any-incoming (call|import) (0.627041ms)
✔ resolveSymbol: exact id wins; else all label matches (sorted); else [] (0.115708ms)
✔ callersOf / calleesOf use only call edges, sorted + unioned (0.100542ms)
✔ impactOf is transitive, excludes seeds, and terminates on self-loops (0.104208ms)
✔ fileCycles: file-level SCCs (>=2), sorted + deterministic; same-file self-call ignored (0.174167ms)
✔ orphans: zero incoming (call|import) AND not exported (0.097708ms)
✔ structuralRegressions: a surviving node that loses its only caller is a lostCaller; a deleted one is not (0.16625ms)
✔ structuralRegressions: a file cycle present only in after is a newCycle (0.117875ms)
✔ structuralRegressions (property): lostCallers ⊆ surviving before-nodes, newCycles ∉ before-cycles (12.069917ms)
✔ finding 9: allBlastCounts / impactCountOf agree with per-node impactOf on random graphs (10.724458ms)
✔ runNodeAsync: runNode contract parity — exit status + captured stderr, no rejection (45.126708ms)
✔ runNodeAsync: two awaited-in-parallel 400 ms children overlap (wall < 750 ms) (443.293167ms)
✔ SRC_RE matches every C/C++ extension the extractor claims (0.697709ms)
✔ pre-edit hook: a .c edit produces the same class of card as a .js edit (740.313125ms)
✔ pre-edit hook: the .c card ships on the same structured channel, still advisory (418.539583ms)
✔ post-edit hook: a cycle introduced by a .c edit is flagged, as it is for .js (951.107792ms)
✔ P1: map writes index-lite.json; hook output byte-identical from sidecar vs graph (387.358375ms)
✔ P2: stale or corrupt sidecar falls back to the graph path silently (358.379333ms)
✔ P3: the sidecar is slim relative to the graph (365.294083ms)
✔ ac_26: shipped hooks use the documented configuration shape and retain all handlers (1.70625ms)
✔ HOT-WEIGHTS: weights are non-negative and sum to 1 (so score in [0,1]) (0.448583ms)
✔ HOT-WEIGHTED-BLEND: score is the graph-max-normalized weighted sum of the components (0.100833ms)
✔ HOT-ZERO: zero maxes never produce NaN (empty/degenerate graphs) (0.051917ms)
✔ HOT-DOMINANCE: dominating a symbol on every component never ranks below it (0.998833ms)
✔ HOT-RANK: rankHotspots sorts by score desc, ties by id; deterministic; no NaN (1.16325ms)
✔ HOT-CLI: hotspots.mjs --json ranks symbols with components (46.9835ms)
✔ HOT-SCOPE: non-product symbols are excluded by default, counted, and restored by allRoles (0.184459ms)
✔ HL-CX: cyclomatic on a 9,000,000-char string literal returns 1 (no RangeError) (18.829625ms)
✔ HL-RB: maskRuby on a 9,000,000-char double-quoted string returns (no RangeError) (7.161666ms)
✔ HL-RB-ESC: maskRuby survives the escape-heavy adversarial shape (2M escaped quotes) (12.302667ms)
✔ HL-EQ: old and unrolled regexes replace identically over 5,000 seeded strings, per site (17.622125ms)
✔ HL-SHIPPED: the shipped sources contain exactly the unrolled regexes the property tested (0.477041ms)
✔ HL-BELT: an internal throw degrades cyclomatic to 1 and nestingDepth to 0 (0.096625ms)
✔ HL-E2E (default engine): 9MB single-line string no longer kills the extract (288.811583ms)
✔ HL-E2E (regex engine): 9MB single-line string no longer kills the extract (273.059834ms)
✔ python: same-named methods across two classes get class-qualified, distinct ids (26.815167ms)
✔ go: same-named methods across two receivers get receiver-qualified, distinct ids (26.468792ms)
✔ rust: same-named fns across two impl blocks get impl-type-qualified, distinct ids (20.527125ms)
✔ js (regex tier): same-named methods across two classes get class-qualified, distinct ids (23.969333ms)
✔ a call from inside a method is attributed FROM the qualified method id (24.444041ms)
✔ PRECISION: an importer that never touches the anchor is NOT a dependent of it (29.666708ms)
✔ the coarse module-import edge is redirected to the target <module> node (28.574084ms)
✔ RECALL: real member-access dependencies are still precise (23.899875ms)
✔ DEPENDENTS: --dependents of the anchor excludes the non-user, includes the real user (74.603542ms)
✔ a default import of a single-symbol class lands the coarse edge on the CLASS (24.653625ms)
✔ the default-export import edge is NOT routed to <module> when a single symbol exists (14.814791ms)
✔ DEPENDENTS: the importer is a dependent of the class even without a detected call (64.744ms)
✔ RECALL: a namespace/default-import member call resolves to the imported symbol (26.708459ms)
✔ RECALL: default-import construction (new Widget()) resolves to the class (31.898167ms)
✔ RECALL: a static member call on a default-import alias resolves (Widget.from()) (21.409375ms)
✔ PRECISION: a param obj.merge() does NOT fabricate an edge to the imported merge (20.373459ms)
✔ DEPENDENTS: --dependents is a superset of --callers and includes the member-access caller (118.479042ms)
✔ i1: `.js` specifier disambiguates between two same-named `.ts` exports (ext remap) (79.477042ms)
✔ i2: `import * as u from "./util.js"` binds the namespace to util.ts (member call edges) (80.282958ms)
✔ i3: re-export chain through a `.js`-specified barrel resolves + barrel dependent edge (94.73675ms)
✔ i4: `.mjs`->`.mts` remap and `/index.tsx` index candidates resolve (78.919459ms)
✔ i5: pub-entrypoint walk follows main "./src/index.js" to src/index.ts (mirrored list) (78.110875ms)
✔ i6: when BOTH dual.js and dual.ts exist, the literal on-disk .js wins (Node semantics) (81.710166ms)
✔ PRECISION: a bare object-default alias reference does NOT resolve to the anchor (37.782ms)
✔ RECALL: member access on the object alias still resolves (14.533292ms)
✔ IE-INPROC-PARITY: in-process runExtract fragment byte-equals the spawned CLI stdout (107.1165ms)
✔ IE-COLD-PARITY: cold cache == no-cache == --full (caching changes nothing cold) (80.1985ms)
✔ IE-INCREMENTALITY: a pure body edit re-edges only the changed file AND still equals cold full (153.404375ms)
✔ IE-INCREMENTALITY (kill-switch leg): CODEWEB_NAME_DELTA=0 restores the wholesale mechanism verbatim (68.995333ms)
✔ IE-BIND-COUPLING: rensym of an IMPORTED name re-edges the importer (the aliased-import trap) (67.455583ms)
✔ IE-REX-FLIP: retargeting a re-export barrel re-aims the consumer edge (warm == cold) (64.834542ms)
✔ IE-DANGLING: deleting a file that another file imports leaves no dangling edge (warm == cold) (60.925083ms)
▶ IE-EQUIVALENCE: warm incremental == cold full, for random mutation sequences
  ✔ trial 0 (878.559375ms)
  ✔ trial 1 (874.018959ms)
  ✔ trial 2 (1178.533625ms)
  ✔ trial 3 (543.73525ms)
  ✔ trial 4 (803.70475ms)
  ✔ trial 5 (1024.130791ms)
  ✔ trial 6 (472.667666ms)
  ✔ trial 7 (626.789ms)
  ✔ trial 8 (706.597083ms)
  ✔ trial 9 (660.454417ms)
✔ IE-EQUIVALENCE: warm incremental == cold full, for random mutation sequences (2075.973167ms)
✔ JS: `class X extends Y` emits an inherit edge X -> Y (alias-resolved across files) (36.056792ms)
✔ JS: a same-file `extends` resolves (36.555125ms)
✔ Python: `class X(Y)` emits an inherit edge (18.427792ms)
✔ an extended base class is NOT a dead-code orphan (17.560166ms)
✔ --impact of a base class includes its subclass (inherit reverse-reachability) (18.675208ms)
✔ imported json files become <module> nodes; orphans never do (32.042166ms)
✔ every import form wires the file-level edge with the right kind (26.237916ms)
✔ mapped json files are stamped into meta.sources; languages gains json (19.237667ms)
✔ a json edit after mapping is flagged stale (the map admits it is behind) (23.03725ms)
✔ json is never parsed: a syntactically broken json file still maps identically (15.486084ms)
✔ fragment is deterministic run-over-run (38.401625ms)
✔ a json-only tree still refuses to masquerade as a map (json is a tier, not a language) (75.344125ms)
✔ pre-edit hook speaks for an imported json file, byte-identical sidecar vs graph (495.145875ms)
﹣ python: dispatch wires self+typed calls, drops ambiguity, keeps engines node-identical (0.416292ms) # python grammar unavailable
﹣ python: two same-named owners -> the typed call is dropped and counted, never guessed (0.140708ms) # python grammar unavailable
﹣ go: dispatch wires self+typed calls, drops ambiguity, keeps engines node-identical (0.148084ms) # go grammar unavailable
﹣ go: two same-named owners -> the typed call is dropped and counted, never guessed (0.055708ms) # go grammar unavailable
﹣ rust: dispatch wires self+typed calls, drops ambiguity, keeps engines node-identical (0.042834ms) # rust grammar unavailable
﹣ rust: two same-named owners -> the typed call is dropped and counted, never guessed (0.03525ms) # rust grammar unavailable
﹣ ruby: dispatch wires self/implicit/typed calls; engines stay node-identical; deterministic (0.460541ms) # ruby grammar unavailable
﹣ php: dispatch wires self/implicit/typed calls; engines stay node-identical; deterministic (0.054041ms) # php grammar unavailable
﹣ php: two same-named owners -> the typed call is dropped, never guessed (0.042ms) # php grammar unavailable
﹣ ruby: a bare identifier (not a call node) never wires; cross-class names never wire implicitly (0.038667ms) # ruby grammar unavailable
✔ ruby: classes, owner-qualified methods, self methods, top-level defs, calls, spec role (78.274209ms)
✔ php: classes + visibility-as-export methods, functions, calls, test role (76.749583ms)
✔ kotlin: classes/objects, methods, expression-bodied funs, internal/private visibility (86.84225ms)
✔ swift: structs/classes/extensions, methods, public/open visibility, Tests role (96.212375ms)
✔ determinism: all four languages, two runs, byte-identical fragments (187.859417ms)
✔ LR1: scanSymbols — JS functions/classes/methods/field-arrows, in-process (1.477916ms)
✔ LR2: scanSymbols — Python defs inside docstrings are masked away (0.577583ms)
✔ LR3: scanSymbols — Rust impl owners and Go receivers qualify methods (0.477959ms)
✔ LR4: bodyEnd — brace matching survives destructured params; Python dedents (0.212042ms)
✔ LR5: parseSignature — declaration and arrow forms, NBSP whitespace preserved (0.282ms)
✔ LR6: shared tables — KEYWORDS filters control flow; langOf keys the meta vocabulary (0.151291ms)
✔ IR1: re-export chain — renamed barrel export resolves to the real symbol, in-process (1.896375ms)
✔ IR2: bindFileImports — a named import through the barrel binds the alias and the edge (0.927416ms)
✔ IR3: Python re-export table — pkg/__init__ from-import chains to the defining module (0.440833ms)
✔ IR4: defaultExportOf — single-symbol defaults resolve, object defaults do not (0.329333ms)
✔ product.json is the canonical language list — thirteen, C and C++ included (0.454ms)
✔ commands/codeweb.md names every one of the thirteen native languages (0.586958ms)
✔ skills/codebase-anatomy/SKILL.md names every one of the thirteen native languages (0.137041ms)
✔ skills/codebase-anatomy/references/engine-detection.md names every one of the thirteen native languages (0.10525ms)
✔ README names every native language in its fast-path and roadmap lists (0.195666ms)
✔ the extension README covers C and C++ at the canonical count (0.156125ms)
✔ no live surface still claims eleven languages (historical records exempt, and proven so) (17.233083ms)
✔ the sweep actually reads the surfaces it claims to (non-vacuity) (1.4085ms)
✔ the walk emits separator-independent keys, so the exemptions apply on every platform (0.888875ms)
✔ the built site renders all thirteen languages, not a stale snapshot (0.233208ms)
✔ the launch drafts are committed, with an index and a receipts table (0.659583ms)
✔ every draft in the directory is registered in the index with a channel and a status (0.300667ms)
✔ every artifact the drafts draw numbers from was regenerated inside the mission window (2.163708ms)
✔ the unstamped correctness receipt belongs to the same fresh run as the stamped ones (0.487292ms)
✔ the freshness gate does not depend on a gitignored file (33.341417ms)
✔ the receipts table names only artifacts that exist in the tree (0.528917ms)
✔ no unreceipted number appears in the launch drafts (3.550583ms)
✔ each receipted number still equals the value its artifact records (1.551791ms)
✔ every receipted number is actually used by a draft (the table cannot rot into fiction) (2.060333ms)
✔ the check count is derived from the receipts, not asserted against a remembered total (1.018959ms)
✔ all 32 pre-registered checks are recorded as passing (1.486791ms)
✔ no draft states a charter-barred claim (0.658875ms)
✔ no draft names a rival product beside a number (0.497625ms)
✔ the superseded pilot figures are not quoted as live results (0.356583ms)
✔ the Show HN title fits the channel limit (0.122417ms)
✔ each draft publishes the null alongside the passes (0.154333ms)
✔ each draft states the local-product invariants it is trading on (0.197209ms)
✔ the free-forever boundary is stated wherever the drafts mention the paid tier (0.215292ms)
✔ both launch pages ship as source pages AND as committed built output (0.731625ms)
✔ the LSP FAQ names the objection and answers it with the four things a one-hop lookup cannot do (0.467542ms)
✔ the gating answer cites a receipt that actually records the gate verdicts (0.731209ms)
✔ the LSP FAQ says the two compose rather than claiming a replacement (0.51725ms)
✔ the comparison page leads with the replicated recall result, at equal cost (0.331375ms)
✔ the comparison page publishes the token null instead of the superseded saving (0.465084ms)
✔ the comparison page renders the honesty ledger from product.json, not by hand (0.93875ms)
✔ neither page names a rival product — the contrast is against approaches and measured baselines (0.996042ms)
✔ every artifact path cited on the launch pages exists in the tree (0.808125ms)
✔ no unreceipted number appears in the authored launch-page copy (2.57275ms)
✔ each receipted number equals the value the committed artifact records (0.730375ms)
✔ the receipted numbers are actually on the pages (the map cannot rot into a fiction) (1.269417ms)
✔ both pages are registered in the PAGES table as listed pages (0.26425ms)
✔ both pages are in the committed sitemap (0.080709ms)
✔ the consistency sweeps cover both new pages (0.107041ms)
✔ both pages are one click from the live homepage, and the links resolve in docs/ (0.257917ms)
✔ the widened nav can shrink instead of pushing the CTAs off-screen (0.14625ms)
✔ the product page routes its LSP objection card to the full FAQ (0.470583ms)
✔ the charter records the divergence from COMPETITIVE.md Bet 1 rather than leaving it silent (0.448041ms)
﹣ L1: warm cached run never initializes the AST engine and is byte-identical to cold (1.406292ms) # tree-sitter unavailable
﹣ L2: a warm cached run of a dispatch-tier language never re-initializes the engine (0.132875ms) # tree-sitter unavailable
✔ L3: --engine regex reports ast: off and the regex cache namespace (109.787625ms)
﹣ L4: probe version string equals the loaded engine version (0.05825ms) # tree-sitter unavailable
✔ corpus sanity: fixtures + every scripts/lib module present (0.466167ms)
✔ P1 maskJs: per-line length preservation over the corpus, both modes (26.412125ms)
✔ P2 maskJs: default-mode idempotence over the corpus (47.884791ms)
✔ P1 maskPy: per-line length preservation over the corpus, both modes (42.495083ms)
✔ P2 maskPy: default-mode idempotence over the corpus (83.542166ms)
✔ P3 maskRuby: idempotence + line-count preservation over the corpus (9.103916ms)
✔ P4 maskAligned: every JS-family extension the extractor enumerates gets the aligned mask (0.285ms)
✔ MASK-ID repo: maskJs is byte-identical to the frozen reference over every mask-eligible repo file (374.863833ms)
✔ MASK-ID corpus: maskJs is byte-identical to the frozen reference over a loaded bench-corpus tree (107.173333ms)
✔ MASK-ID fixtures: adversarial shapes (regex, templates, expr nesting, escapes, PHP #) (0.338625ms)
✔ n1 (default/ast tier): nested-template text is prose — no docs -> fabricateMe; real caller survives (137.223458ms)
✔ n2 (default/ast tier): a `}` in nested template text does not invert state (0.096792ms)
✔ n3 (default/ast tier): escaped \` in template text stays text (0.065166ms)
✔ n4 (default/ast tier): string content inside ${} fabricates nothing (0.054541ms)
✔ n5 (default/ast tier): two-deep nesting keeps the middle expr live; regex beats backtick-push (0.055375ms)
✔ n1 (regex tier): nested-template text is prose — no docs -> fabricateMe; real caller survives (98.879917ms)
✔ n2 (regex tier): a `}` in nested template text does not invert state (0.362208ms)
✔ n3 (regex tier): escaped \` in template text stays text (0.2045ms)
✔ n4 (regex tier): string content inside ${} fabricates nothing (0.109292ms)
✔ n5 (regex tier): two-deep nesting keeps the middle expr live; regex beats backtick-push (0.826667ms)
✔ a quote inside a regex literal does not desync the mask: extent stays tight, no fabricated edge (37.710458ms)
✔ a backtick inside a regex literal does not flip template state: prose stays prose (0.089875ms)
✔ division is not lexed as a regex opener; regex after `return` is (0.058125ms)
✔ a {n} quantifier in a regex inside ${} does not corrupt interpolation brace matching (0.0545ms)
✔ self-map: complexity.mjs yields its known same-file edges (39.619375ms)
✔ budget injection: callers defaults to top-20 + more; full:true unabridged; explicit limit wins (227.54975ms)
✔ graph auto-discovery: nearest .codeweb/graph.json above cwd; none -> actionable error naming codeweb_map (111.074583ms)
✔ codeweb_map: builds a real graph over MCP and reports the path + stats (460.137375ms)
✔ API F6: codeweb_map failure never suggests --allow-empty (a flag the tool cannot pass) (210.160291ms)
✔ API F3: risk honors offset (offset:50 is not page 0) and more carries nextOffset (344.745667ms)
✔ API F3: break_cycles pages by offset; deadcode/context tiers and reading_order mark truncation (493.537333ms)
✔ find_similar accepts an inline body over MCP (stdin plumbing) + structural flag (517.042333ms)
✔ ac_10: codeweb_dependents returns the full union (call+import+inherit+test+ref) with byKind (54.224458ms)
✔ ac_10: dependents answers are budgeted with true totals (limit -> more.remaining) (58.860208ms)
✔ ac_10: the CLI serves the same mode from the same manifest entry (--dependents) (49.403333ms)
✔ MP-STATS-PARITY: codeweb_stats (in-process) === stats.mjs --json — empty AND non-empty ledgers (218.74175ms)
✔ MP-STATS-MISSING: codeweb_stats on a missing graph falls through to the spawned CLI (identical errResult text) (151.621334ms)
✔ MP-DIFF-PARITY: codeweb_diff (in-process from cachedGraph) === diff.mjs --json, byte-for-byte (MD1/MD2/MD2b) (312.165167ms)
✔ MP-DIFF-FALLBACK: codeweb_diff on a nonexistent after graph → isError (spawn fallback), stdout stays pure (99.883334ms)
✔ queueKeyFor: graph tools key to the DIR of graph.json (annotate too — dirFromGraph, not graphless) (0.42975ms)
✔ queueKeyFor: diff keys to the dir of args.after — COLLIDES with refresh on one workspace (#30) (0.072042ms)
✔ queueKeyFor: a relative after resolves against cwd (0.053125ms)
✔ queueKeyFor: map keys to resolve(out) (default out = <target>/.codeweb) (0.056084ms)
✔ queueKeyFor: the "(graphless)" slot is UNREACHABLE for shipped tools (only diff+map are graphless) (0.080542ms)
✔ I5: a failing codeweb_map settles ONCE (exactly one reply for its id) and the server drains + exits 0 (209.8445ms)
✔ I5b: unsupported-repo map failure names the escapes, never the --allow-empty leak (194.981ms)
✔ S1a epipe-survival: find_similar 1MB body + bad graph → isError result, and the server still answers a later ping (alive, exit 0) (116.19975ms)
✔ S1b epipe-survival: client closes its stdout read end mid-burst → server exits 0 (inherited cli.mjs guard) (79.907667ms)
✔ S2 refresh→diff in one burst: the diff reads POST-refresh bytes (waited, I6) and is served in-process (no child) (610.234791ms)
✔ S3 two codeweb_map on one out dir in a burst: end(map#1) < start(map#2), surviving graph parses (621.857875ms)
✔ I7 autoRefresh-skip: explicit refresh + a stale-triggering query in one burst → skip-autorefresh, ONE refresh child (598.823917ms)
✔ S4 cancellation-kills-child: notifications/cancelled on a running map → trace kill, NO reply for its id, ping answers, exit 0 (65.480709ms)
✔ S7 malformed-and-batch-frames: 42, "x", null, [] each answer ONE -32600 (id:null); a following ping answers (52.414458ms)
✔ T-34.3 batch fan-out: [{ping id:9},{unknown-tool id:10}] → normal reply for 9 AND -32602 for 10 as individual lines; notifications stay silent (58.638959ms)
✔ S5 refresh-preserves-sidecars: after codeweb_refresh all three sidecars are FRESH (stamps === statSync(graph.json)) (582.573084ms)
✔ S6 reader-overlap: two readers released together by a writer barrier → both start before either ends (I4) (628.755167ms)
✔ I4 cap: 4 readers released by a writer barrier peak at exactly READER_CAP=3 concurrent (never 4) (699.022ms)
✔ I2/I3 writer-barrier: [reader, writer, reader] one burst → end(reader1) ≤ start(writer) < start(reader2) (694.2485ms)
✔ cancel-during-diff-fast-path: cancel while the diff awaits the writer tail → NO reply, ping answers (607.589958ms)
✔ ac_9: diff {} before any snapshot fails with the refresh {snapshot:true} remedy (56.316875ms)
✔ ac_9: refresh {snapshot:true} then diff {} completes the loop in one MCP session (225.401708ms)
✔ ac_9: the refresh CLI serves the same flag (--snapshot) (153.01525ms)
✔ ac_11: a spawned advisor (codeweb_risk) on a stale graph carries the staleness verdict (108.31425ms)
✔ ac_11: codeweb_simulate (the refactor pre-flight) is staleness-annotated too (106.095625ms)
✔ ac_11: codeweb_stats stays unannotated (an activity receipt, not a structural answer) (56.26725ms)
✔ M1: initialize returns protocolVersion, an object tools capability, and serverInfo (52.796833ms)
✔ M2: tools/list exposes the full tool set with object schemas + correct required args (61.324584ms)
✔ M2b: initialize carries workflow instructions; unknown client protocol falls back to ours (104.153333ms)
✔ M3: tools/call codeweb_impact returns the query JSON as text content (50.474625ms)
✔ M3b: tools/call codeweb_review (a new agent tool) returns its JSON through the server (103.97025ms)
✔ M4: tools/call resolves a bare label (codeweb_callers helper) (53.900625ms)
✔ M5: unknown tool name -> JSON-RPC error -32602 (invalid params), not a crash (63.933625ms)
✔ M6: a not-found symbol is a valid tool result (found:false), not a protocol error (61.506792ms)
✔ M6b: a missing required argument -> tool result with isError:true (not a JSON-RPC error) (51.396875ms)
✔ M7: notifications (no id) get no response; later requests are still answered (50.049542ms)
✔ M8: unknown method -> method-not-found error (-32601) (55.785791ms)
✔ M9: the server exits cleanly (status 0) when stdin closes (69.564708ms)
✔ M10: malformed JSON on stdin -> parse error -32700, no crash, recovers (52.983958ms)
✔ MD1: codeweb_diff on two clean snapshots returns the delta JSON as content, ok:true, not isError (55.577916ms)
✔ MD2: a regression (new cycle + new duplication) is a VALID result with ok:false, NOT isError (59.004334ms)
✔ MD2b: adding a brand-new uncalled node is reported but NOT a regression (ok:true) (61.837875ms)
✔ MD3: codeweb_diff args are optional (AC-9) — no discoverable graph for the default `after` fails actionably (50.881584ms)
✔ MD4: codeweb_diff on a nonexistent graph file -> isError:true (IO), stdout stays pure JSON-RPC (101.713667ms)
✔ MD5 / API F6: diff remedies never say "pass `graph`" — codeweb_diff has no such param (51.999416ms)
✔ M11 / CTX-MCP-PARITY: codeweb_context output == context-pack.mjs --json, verbatim (F1) (366.489625ms)
✔ M12 / RFS-MCP-PARITY + IDEMPOTENT: codeweb_refresh matches the CLI and is idempotent (F2) (612.085958ms)
✔ M13: codeweb_hotspots ranks symbols (F4) (111.712166ms)
✔ M14: codeweb_campaign returns an ordered worklist (F5) (165.789917ms)
✔ M15: codeweb_reading_order returns a bounded foundations-first path (F8) (100.443125ms)
✔ codeweb_simulate pre-flights a delete and returns the gate verdict (103.611416ms)
✔ codeweb_simulate validates its mode arguments (53.714416ms)
✔ codeweb_annotate records a suppression beside the graph and lists it back (149.818625ms)
✔ codeweb_stats serves the value receipt over MCP (49.928125ms)
✔ codeweb_map emits notifications/progress when the client sends a progressToken (411.783583ms)
✔ LSH-PAIRS-EQ: lshCandidatePairs ≡ verbatim string-key reference — pairs ORDER, buckets, skippedBuckets (220 seeded cases, both signal configs) (144.719417ms)
✔ LSH-TIER2-COLLISION-SPILL: a true band-fold collision spills by exact tuple, never merges differing tuples (0.554917ms)
✔ LSH-PAIRS-DETERMINISTIC: identical entries in identical order -> identical result object (0.649958ms)
✔ N1: minhash estimate tracks true Jaccard within 0.15 at K=128 (>=95% of pairs) (21.9425ms)
✔ N2: banding proposes >=99% of pairs at the overlap confirm thresholds (23.078083ms)
✔ N3: signatures and band keys are deterministic and iteration-order independent (0.741083ms)
✔ emits a per-file `module` node for files with top-level calls (27.846792ms)
✔ top-level calls attribute to the module node, not the trailing function (35.3415ms)
✔ PRECISION: the trailing function does NOT absorb top-level calls (the EOF-range bug) (21.565625ms)
✔ RECALL: a non-exported helper called only from module scope is not a false orphan (22.811584ms)
✔ Python: dedent body extent + module attribution (26.475417ms)
✔ regex literals with braces do not corrupt body-end (scanSymbols repro) (19.3675ms)
✔ LINT-NUL: no tracked .mjs file contains a raw byte < 0x09 (45.162292ms)
✔ OD0: the simulation path is declared — delta by default, clone under CODEWEB_OPT_SIM=clone (99.775ms)
✔ OD1: property — delta and clone simulations emit byte-identical results on random graphs (1253.407625ms)
✔ OD2: a cycle-creating merge is blocked with identical projectedNewCycles either path (90.83625ms)
✔ a body-confirmed high duplicate whose merge stays acyclic is READY (gate would pass) (42.787291ms)
✔ a duplicate whose naive merge would create a new file cycle is BLOCKED (gate would reject) (44.552708ms)
✔ a drifted duplicate is REVIEW, never auto-ready (no blind-merging diverged copies) (47.111125ms)
✔ a structural-high duplicate (bodySim null) is REVIEW — only body-confirmed merges are ready (50.832083ms)
✔ low and refuted findings are excluded entirely (precision over recall) (44.281375ms)
✔ a parallel-impl finding is surfaced as REVIEW, not a delete-the-copies merge (42.080833ms)
✔ an empty overlap set yields a clean zero report and exit 0 (49.195708ms)
✔ opportunities are ordered ready -> blocked -> review (actionable first) (46.493958ms)
✔ --out writes an optimize.md artifact with the tiered sections (54.641875ms)
✔ missing graph path exits 2 (usage) (53.601375ms)
✔ OCC1: a planted C duplicate across two .c files is reported (1.178208ms)
✔ OCC2: a planted C++ duplicate across two .cpp files is reported (0.236792ms)
✔ OCC3: body confirmation read REAL bodies — the extents the extractor measured are right (0.276583ms)
✔ OCC4: the report the gate consumes names both languages (0.1115ms)
✔ OC1+OC2: big-group sampling and hub-label twin cap, both reported (103.985375ms)
✔ N4: LSH finds the planted twin pair the capped path provably never examines (925.628917ms)
✔ N4b: the LSH path is byte-deterministic across runs (914.48225ms)
✔ N5: small inputs keep the exact path by default — bytes equal a forced-exact run (741.495958ms)
﹣ N6: Signal C near-miss clones — LSH and exact paths confirm the same finding (0.126834ms) # tree-sitter unavailable
✔ >=4 same-named uncalled implementations demote to interface-pattern (never "merge these") (53.6325ms)
✔ duplicated FIXTURE helpers are excluded from findings by default; CODEWEB_ALL_ROLES=1 restores them (123.129666ms)
✔ Signal B: twin candidates scope to product roles; CODEWEB_ALL_ROLES=1 restores (130.674167ms)
✔ identical bodies -> high confidence duplicate-logic (0.3335ms)
✔ same name, disjoint bodies -> refuted (dismissed as coincidental) (0.077875ms)
✔ partially diverged bodies -> medium/drifted (0.05825ms)
✔ CLI-scaffold names fold into one shared-responsibility finding (0.074834ms)
✔ overlaps are ranked, id-stamped, and written back into the graph (0.118542ms)
✔ structural fallback when source is absent (58.026167ms)
✔ P1: manifest is publishable — bins, files, no runtime deps, not private (1.4695ms)
✔ P2: npm pack ships engine + plugin surfaces, excludes repo-only trees (1847.927375ms)
✔ P3: packed release installs offline and each installed bin answers --help (7066.400042ms)
✔ P4: package exclusions reject generated Python bytecode even when caches exist (268.243416ms)
✔ run.mjs completes and emits all five artifacts (0.434084ms)
✔ graph carries the target through every stage (0.168459ms)
✔ the cross-domain duplicate is surfaced and body-confirmed high (0.111541ms)
✔ report.html is a self-contained, non-trivial document (0.269958ms)
✔ overlap.md lists the finding for human review (0.123083ms)
✔ PL-GRAVITY: suggested domain == inline-recomputed plurality of resolved callees (40 cases) (1951.600833ms)
✔ PL-TIE: a tie resolves to the lexicographically smallest domain (46.875375ms)
✔ SC1: suggested file is the highest-callIn file in the chosen domain (50.689458ms)
✔ PL-REUSE-SOUND: name warnings are real nodes with the exact --name label (43.270333ms)
✔ PL-REUSE-SOUND: body warnings clear the medium (0.35) floor (97.178333ms)
✔ SC3/SC4: unresolved callees reported; empty -> unassigned/null (99.063916ms)
✔ PL-DETERMINISTIC: identical inputs -> identical stdout (100.872875ms)
/Library/Developer/CommandLineTools/usr/bin/ctags: illegal option -- -
usage: ctags [-BFTaduwvx] [-f tagsfile] file ...
/Library/Developer/CommandLineTools/usr/bin/ctags: illegal option -- -
usage: ctags [-BFTaduwvx] [-f tagsfile] file ...
/Library/Developer/CommandLineTools/usr/bin/ctags: illegal option -- -
usage: ctags [-BFTaduwvx] [-f tagsfile] file ...
/Library/Developer/CommandLineTools/usr/bin/ctags: illegal option -- -
usage: ctags [-BFTaduwvx] [-f tagsfile] file ...
/Library/Developer/CommandLineTools/usr/bin/ctags: illegal option -- -
usage: ctags [-BFTaduwvx] [-f tagsfile] file ...
/Library/Developer/CommandLineTools/usr/bin/ctags: illegal option -- -
usage: ctags [-BFTaduwvx] [-f tagsfile] file ...
/Library/Developer/CommandLineTools/usr/bin/ctags: illegal option -- -
usage: ctags [-BFTaduwvx] [-f tagsfile] file ...
✔ structuralRegressions: a NEW file-level cycle is flagged (2.039916ms)
✔ structuralRegressions: a pre-existing cycle is NOT re-flagged (0.362375ms)
✔ structuralRegressions: a SURVIVING symbol that lost all callers is flagged (0.917625ms)
✔ structuralRegressions: a DELETED symbol is not a lost-caller regression (0.1125ms)
✔ structuralRegressions: a clean additive edit yields nothing (0.107417ms)
✔ hook is INERT for a non-source file (no .codeweb work) (42.270042ms)
✔ hook is INERT when the file is not under a mapped target (50.132209ms)
✔ hook flags a NEW cycle introduced by an edit (vs the baseline) (118.703458ms)
✔ S18-1: given a map, the sidecar exists beside graph.json and stamp-matches it (359.107625ms)
✔ S18-2: a valid sidecar yields the same verdict as the legacy parse path on the same payload (485.57175ms)
✔ S18-3: removing a baseline cycle key from the sidecar makes the hook report that cycle as NEW — the sidecar, not the graph, was consumed (412.508709ms)
✔ S18-4: a stale or corrupt sidecar falls back to the legacy path with the correct verdict (687.163709ms)
✔ S18-5: both sidecar AND graph corrupt -> the hook binary exits 0 silently (the contract is fail-open) (472.60275ms)
✔ S18b-NOCHANGE: a no-change in-process fire returns null and leaves the warm cache bytes untouched (404.821041ms)
✔ S18b-PARITY: additionalContext byte-identical via the in-process path and CODEWEB_HOOK_INPROC=0 (spawn) (356.477292ms)
✔ the hook leaves no codeweb-hook-*.json temp files behind (101.908042ms)
✔ the pre-registered check count on every published surface equals what the receipts enumerate (3.819833ms)
✔ no published surface still frames the study as "32 / 33" (0.91075ms)
✔ the retired check is recorded with its reason, not silently dropped (0.246541ms)
✔ every check the receipts enumerate is recorded as passing (0.789458ms)
✔ H15 is claimed as passing only while its receipt says so (0.3065ms)
✔ AC-13 active public descriptions share the scoped identity (1.788208ms)
✔ AC-13 gate and context claims state measurement limits (1.528041ms)
✔ technical demo produces observed caller, cycle and report-only evidence without executing fixture source (3213.1315ms)
✔ technical demo refuses existing output and invalid options without overwriting evidence (201.947041ms)
✔ AC18 current demo records pinned extraction and renderer provenance (2.391708ms)
✔ AC18 refresh script rejects an unpinned checkout before it can overwrite the demo (126.456208ms)
✔ AC15 dispatcher documents its four package commands (47.340167ms)
✔ AC15 reserved directory names still map through explicit paths and delimiter (1468.575208ms)
✔ AC15 legacy map rejects unknown options with usage exit two (55.647084ms)
✔ evidence documents link to real local sources and identify current primary comparison sources (1.753708ms)
✔ pilot protocol and case-study template keep human outcomes unmeasured and voluntary (0.359208ms)
✔ demo names the executable walkthrough and does not present a fixture as a maintainer decision (43.473167ms)
✔ ac_17 short high-confidence matches are low-priority review candidates in HTML and Markdown (53.02925ms)
✔ ac_17 finding task contains source and actual caller context and reuses annotation identity (54.112167ms)
✔ ac_17 absent, empty, dropped and suppressed findings never imply complete clean analysis (231.97675ms)
✔ ac_17 unknown sizes and unconfirmed matches require review; caller and task output is bounded (66.651375ms)
✔ ac_17 copy action waits for activation and provides clipboard success and failure feedback (5.245958ms)
✔ AC-19 report-only keeps finding verdict and comment while allowing a completed regression (2431.829291ms)
✔ AC-19 report-only never suppresses usage, missing ref, or build failure (971.4425ms)
✔ AC-19 Action keeps real verdict output and restricts report-only to exit 1 (0.257125ms)
✔ AC-19 report-only fails interrupted or errored diff and removes its worktree (2033.682833ms)
✔ AC-19 Action enforcement executes expected blocking and report-only policy (70.173375ms)
✔ AC-19 exit 1 without a completed structured verdict remains an analysis error (3479.911708ms)
✔ ac_16: change review preserves impact, reports measured coverage and complete checked scope (59.153208ms)
✔ ac_16: unknown inputs stay incomplete and source changes are stale (316.838958ms)
✔ ac_16: empty or partial baseline stamps and empty directory stamps cannot label analysis complete (202.827959ms)
✔ ac_16: malformed baseline and failed HTML writes are errors (261.77625ms)
✔ ac_16: portable HTML escapes hostile source labels and has no private root or script (58.564542ms)
✔ ac_16: git range uses mapped root from another cwd and retains deleted symbols and callers (411.908625ms)
✔ ac_16: range includes binary and empty files, preserves quoted paths, and excludes files outside mapped root (404.866917ms)
✔ ac_16: new JSON detail and diagnostic lists stay bounded at scale with exact totals (109.237875ms)
✔ ac_16: every new list has a byte budget and reports omitted oversized rows (0.363583ms)
✔ ac_16: git range maps deleted files through a directory alias (424.442ms)
✔ AC-14 built setup offers a labeled selector and canonical full-width recipes (135.0445ms)
✔ AC-14 setup copy reports failure and allows manual selection; styles preserve square readable controls (0.375041ms)
✔ AC-14 client selection and copy feedback work with clipboard success and failure (1.41275ms)
✔ site builds the supporting live map from the current demo graph with traceable nodes and edges (127.376792ms)
✔ AC-15 setup prints one canonical recipe for all five clients without writing config (285.454625ms)
✔ AC-15 doctor checks local handshake and fresh map, then rejects stale or unknown freshness (809.995834ms)
✔ AC-15 doctor checks only explicit config, never executes or prints its values (1190.738917ms)
✔ AC-15 doctor handles initialization timeout with bounded child cleanup (67.902542ms)
✔ UI verifier answers help without a browser and refuses an existing output directory (109.901666ms)
✔ UI workflow has read-only permission and runs browser gates before uploading evidence (0.529375ms)
✔ UI workflow initializes runner paths in a step, after runner context becomes available (0.499458ms)
✔ no phantom symbol is extracted from inside a docstring (33.375042ms)
✔ no call edge is fabricated from inside a docstring (18.535834ms)
✔ no call edge is fabricated from inside a # comment (22.014791ms)
✔ a REAL call after the docstring is still extracted (23.468ms)
✔ real symbols around the docstring are intact (27.611166ms)
✔ DEPENDENTS: render_template no longer lists the docstring/comment false callers (64.717917ms)
✔ single-line f-string: report -> compute edges (0.307834ms)
✔ triple-quoted f-string: multi -> compute edges; {{code}} stays text (0.060375ms)
✔ rf prefix: prefixed -> compute edges (0.04775ms)
✔ plain strings stay blanked: no decoy -> compute edge (0.053875ms)
✔ expr-interior string content stays blanked: no decoy2 -> compute edge (0.063292ms)
✔ RECALL+PRECISION: a relative named import pins the bare call to the exact symbol (29.097084ms)
✔ RECALL: a relative submodule member call resolves (from . import models; models.build()) (17.899ms)
✔ RECALL: an absolute aliased module member call resolves (import pkg.models as m; m.build()) (20.579667ms)
✔ the submodule import emits a coarse <module> edge (not a symbol edge) (19.628292ms)
✔ PRECISION: a param obj.helper() fabricates no edge (17.965125ms)
✔ DEPENDENTS: --dependents build includes both the submodule and absolute-alias callers (74.784917ms)
/Library/Developer/CommandLineTools/usr/bin/ctags: illegal option -- -
usage: ctags [-BFTaduwvx] [-f tagsfile] file ...
/Library/Developer/CommandLineTools/usr/bin/ctags: illegal option -- -
usage: ctags [-BFTaduwvx] [-f tagsfile] file ...
/Library/Developer/CommandLineTools/usr/bin/ctags: illegal option -- -
usage: ctags [-BFTaduwvx] [-f tagsfile] file ...
/Library/Developer/CommandLineTools/usr/bin/ctags: illegal option -- -
usage: ctags [-BFTaduwvx] [-f tagsfile] file ...
✔ Q1+Q2: from <own-pkg> import name resolves through the src-layout __init__ re-export (60.347958ms)
✔ Q3: an explicit import binds calls across a package boundary (44.517708ms)
✔ Q4: the module-level import site attributes to <module>, matching site granularity (64.770583ms)
✔ Q-guard: `import json` never grabs an in-repo NESTED json package (60.787375ms)
✔ SC1: no query prints usage to stderr (not stdout) and exits 2 (55.637292ms)
✔ SC2: missing graph file exits 2 with a clear message (no raw stack) (53.311334ms)
✔ SC3: --callers returns direct call in-neighbors, sorted (59.083125ms)
✔ SC4: --callees returns direct call out-neighbors, sorted (55.285125ms)
✔ SC5: --impact returns the transitive reverse-call closure + distinct domains (45.082666ms)
✔ SC5b: --impact on an ambiguous label seeds from ALL matches, excluding every seed (44.944541ms)
✔ SC5c: --impact terminates on recursion (self-loop) and excludes the seed (48.7735ms)
✔ SC6: --cycles finds a file-level dependency cycle (SCC size >= 2) (47.615875ms)
✔ SC6b: multiple cycles are emitted in a deterministic order (sorted) (51.373334ms)
✔ SC7: --orphans = no incoming edges AND not exported (exported-unused excluded) (49.979541ms)
✔ SC7b: --orphans returns [] at exit 0 (not 1) when every node has an in-edge (56.327416ms)
✔ SC8a: a bare ambiguous label resolves to ALL matching nodes (union of results) (54.108583ms)
✔ SC8b: unknown symbol exits 1 with found:false (55.479791ms)
✔ SC8c: a found symbol with zero results returns exit 0 + [] (not not-found) (50.113375ms)
✔ SC8d: import edges never leak into call adjacency (callers/callees) (99.337708ms)
✔ SC9: --json output is byte-stable across runs (deterministic for agents) (93.957917ms)
✔ SC-robust: missing node fields (exports/domain/file) default sanely, no crash (65.120125ms)
✔ SC-edgeless: a graph with no edges yields empty cycles/callers and all unexported orphans (153.109417ms)
✔ RE1: /codeweb-apply exists — ready tier only, deterministic gate owns every verdict (1.135667ms)
✔ RE2: /codeweb-pitch exists — every number pinned to an artifact, review before sharing (0.186541ms)
✔ RE3: narration is a provenance-labeled sidecar — brief renders it, absence changes nothing (2.909458ms)
✔ RE4: --serve serves the workspace on localhost only (131.110666ms)
✔ RE5: quickstart bins exist with the Node guard and forward faithfully (83.971917ms)
✔ RE6: the acquisition ledger runs on a schedule and appends where the docs say (0.512333ms)
✔ RE7: the spend-gated AI work is documented as funded proposals, not silently run (0.744417ms)
✔ RO-EQUIV-ORACLE + RO-EARLY-EXIT: rewrite ≡ frozen O(n²) oracle; budget b ≡ full-order prefix (200+ seeded cases, all scopes) (11.00375ms)
✔ RO-BUDGET-NORMALIZE: -1 / 0 / 2.5 / NaN / Infinity keep the pre-#22 slice semantics (1.116958ms)
✔ RO-FOUNDATIONS-FIRST: for an acyclic call graph, every callee precedes its caller in the order (5.858542ms)
✔ RO-BUDGET: output length <= budget; budget >= scope size -> every in-scope symbol once (3.282667ms)
✔ RO-SCOPE-CLOSED: domain/file scope only emits in-scope ids; symbol scope stays in its closure (0.166917ms)
✔ RO-CYCLE-SAFE + RO-DETERMINISTIC: a cyclic call graph yields a stable total order, no crash (0.082166ms)
✔ RO-CLI: reading-order.mjs --json emits an ordered, budgeted path (53.744041ms)
✔ RECALL: a function passed to .map(fn) is captured as a reference edge (31.836ms)
✔ RECALL: a function passed as a callback argument is captured (20.731333ms)
✔ PRECISION: a method call obj.fn() does NOT resolve to a top-level fn() (14.590167ms)
✔ version-sync.mjs runs clean on the aligned repo (idempotent no-op) (111.629125ms)
✔ screenshot.mjs front door: no args dies with usage (exit 2), never a stack trace (62.373167ms)
✔ auditClaimValues: a stated stat that disagrees with its receipt fails; the real repo is clean (8.340583ms)
✔ bumpVersion follows SemVer (0.1775ms)
✔ the real repo derives 28 MCP tools from the source (0.520125ms)
✔ engines.node claims exactly the tested floor (>=22) (0.12775ms)
✔ the real repo is consistent (versions + tool count aligned) (24.973ms)
✔ check-consistency CLI exits 0 on the aligned repo (74.360666ms)
✔ rollChangelog moves Unreleased into a dated version section (0.727208ms)
✔ rollChangelog refuses an empty Unreleased (0.173042ms)
✔ syncTargets rewrites version + tool count via backref-preserving subs (0.190417ms)
✔ checkConsistency catches drift, applySync repairs it (round-trip) (7.417375ms)
✔ checkConsistency fails a sponsorship cost premise in the stdout copy module (8.992416ms)
✔ checkConsistency fails a sponsorship cost premise on any prose surface, not just product-copy (6.759209ms)
✔ checkConsistency fails a numeric claim literal in a script outside product-copy.mjs (5.406958ms)
✔ checkConsistency enforces the D1 manifest discipline (restatement + phantom docs) (3.711208ms)
✔ scanProseCounts flags the live package.json description string against 27 tools (0.078125ms)
✔ checkConsistency scans site/data/product.json prose — the stale-elevator class (0.044333ms)
✔ scanProseCounts flags a stale tool count, in digits and words (0.124916ms)
✔ documentation counts survive formatting and Codeweb possessive phrasing (0.062291ms)
✔ current SPEC and reference counts are checked while dated audit counts stay historical (9.877ms)
✔ scanProseCounts flags a stale native-language count (0.392375ms)
✔ scanProseCounts catches the "(N total)" and bare "N languages" phrasings that slipped v0.9.0 (0.144042ms)
✔ product.json languages match the extractor: one file per extension, counted (114.7235ms)
✔ CHANGELOG never @-mentions a number — bare @digit is banned outside code spans (1.316458ms)
✔ the release workflow re-syncs notes for an existing release instead of skipping (0.4905ms)
✔ G1: callers that try/catch or .catch() the call surface as exception reliance (137.309708ms)
✔ G2: a callee that mutates its parameter is flagged — callers share that object (121.037167ms)
✔ G3: null-checked results surface as nullability reliance (160.227708ms)
✔ G4 (control): none of the evidence -> none of the claims (128.086ms)
✔ explain card reports fields, awaited fraction, and arg range from real call sites (202.068958ms)
✔ the pre-edit hook delivers the reliance line without being asked (87.6205ms)
✔ no callers or unreadable source -> no reliance claim (absence is honest) (193.842083ms)
✔ diff: a rename (same body, new name) reports as renamed, not delete+add churn (56.320417ms)
✔ explain: one bounded card with identity, dependents, tops, and findings membership (105.989375ms)
✔ C1+C4: cost-to-coverage per condition — means over reported cells only, missing counted (39.281166ms)
✔ C2: analyzer output byte-identical across runs (79.050625ms)
✔ P1: missed-then-fixed signature change mines as exactly one task with the history as answer key (1213.644459ms)
✔ P2: a well-executed change (all callers updated) mines nothing — and the funnel says why (798.544041ms)
✔ P3: a fix outside --followup-window mines nothing — and the funnel says why (1069.792209ms)
✔ P4: a formatting-only reformat is NOT a signature change — the prettier trap mines nothing (945.833083ms)
✔ P5: a change too large to embed verbatim is rejected, never truncated into the instruction (1061.493333ms)
✔ P6: a keyword-labeled symbol is rejected — its "mention" evidence would match syntax (770.049292ms)
✔ T-37.1: gDraw reads cvColors() exactly once, before the edge/node passes (not per label) (0.3965ms)
✔ T-37.3: every edge of a 50k set has per-edge style === its bucket style (byte-exact) (38.847583ms)
✔ T-37.3: theme ink overrides swap the triplet, never the alpha/width/dash math (0.32025ms)
✔ T-37.3: weight ≥ 72 collapses to one width bucket, weight ≥ 29 to one alpha, no over-merge across states (0.106042ms)
✔ T-37.2: labelPick caps at the given count (0.692625ms)
✔ T-37.2: priority order is bubbles > hl members > screen radius desc, tie-break by id (0.201167ms)
✔ T-37.2: labelPick is position-independent and deterministic (flicker-free across anneal) (0.885791ms)
✔ T-37.4: hitScan matches the old per-frame AN scan; gDraw no longer rescans AN (0.11525ms)
✔ E1+E2: editor links ship without leaking the source root (57.182667ms)
﹣ L1: harness emits the full measurement schema on a fixture report (0.325458ms) # playwright not resolvable
﹣ L2: a non-report input fails loudly, never emitting bogus timings (0.048375ms) # playwright not resolvable
✔ report-sim: gStepChunk extracts from the template and a small sim settles + terminates (64.791375ms)
✔ report-sim: the layout is deterministic — identical seeds give bitwise-equal positions ×2 runs (235.245791ms)
✔ report-sim: the spiral seeding is also deterministic and stays finite (203.125625ms)
✔ report-sim: sliced (budget=2ms) settle is bitwise-equal to a budget=∞ settle (T-35.4) (464.918583ms)
✔ R2: refresh stamps overlapsDroppedAt, and the brief says "not recounted" instead of 0 (490.353125ms)
✔ R2: a fresh full map clears the stamp and recounts (819.293708ms)
✔ R3: the session brief nudges when the tree has changed since the map (345.113041ms)
✔ R1/R8: a re-map prints the since-last-map delta and appends history.jsonl (666.759ms)
✔ R8: trend reads history.jsonl instantly (no pipeline runs) (702.566625ms)
✔ R8: a reused (memo-hit) run does not double-append history (480.610208ms)
✔ R6: the workspace writes its own .gitignore whitelisting the non-regenerable memory (332.983209ms)
✔ R9/R10: the report renders its own age (view-time, byte-clean) and the building version (354.691834ms)
✔ R10: the run banner names the version (325.62725ms)
✔ R10: README and the site ask for a release-watch, not just a star (0.405958ms)
✔ R4: the same regression is flagged once, not on every subsequent edit (545.582084ms)
✔ R5: a suppressed finding disappears from graph.overlaps and reports a suppressedCount (632.891375ms)
✔ R7: the gate comment links home and can render a cross-PR trend line (0.756708ms)
✔ R7: ci-gate documents the --history flag (36.391625ms)
✔ R11a: a failed unsupported-language map leaves a marker that routes to the agent fallback (188.226792ms)
✔ R3: the pre-edit card marks a file whose stamps no longer match the map (267.782542ms)
✔ stats: full maps stamp firstMapAt/lastMapAt/mapCount (and only fresh computes count) (668.081708ms)
✔ RV1: FUNDING.yml exists — payment friction drops from infinite to zero (1.092125ms)
✔ RV2: README states the free-forever contract and the ratified sponsor story (0.442709ms)
✔ RV3: the support page tells the ratified story — placement for sponsors, no cost claims (0.229458ms)
✔ RV4: the receipt-high-point ask fires on real value, once a month, local-only (1000.580375ms)
✔ RV5: trend (the team-lead surface) carries the ask only with a real series (90.613333ms)
✔ RV6: the two shared artifacts carry the sponsor rail (attribution, not solicitation) (4.86825ms)
✔ RV7: anti-placements hold — no ask on agent-facing or trust surfaces (0.690417ms)
✔ RV-HUNK-MAP: changedSymbols == inline interval-overlap oracle; RV-BLAST-EXACT: blast == impactOf (40 cases) (1911.32425ms)
✔ RV-WHOLE-FILE: whole-file change selects exactly that file's nodes (44.660917ms)
✔ SC3/--gate: a new file cycle vs --before is reported and gates (139.350458ms)
✔ RV-DETERMINISTIC: identical inputs -> identical stdout (89.912959ms)
✔ RK-COMPONENTS: components + risk + ranking match the independent recompute (30 cases) (1413.924041ms)
✔ RK-MONOTONE: risk is non-decreasing in each component (100 random vectors) (0.894167ms)
✔ --changed restricts ranked output to changed files (51.809666ms)
✔ RK-PAGING: --offset pages with nextOffset; text mode honors --limit (139.741625ms)
✔ RK-DETERMINISTIC: identical inputs -> identical stdout (98.156ms)
✔ R1: override maps docs/** to generated; heuristics keep the rest (95.031666ms)
✔ R2: first matching glob wins, in config order (95.114042ms)
✔ R3: an unknown role value fails loudly, naming the entry (46.008333ms)
✔ R5: a rules-file role flip with a warm cache re-derives edges (the #10 gate sees fresh roles) (150.272458ms)
✔ R4: absent roles section == absent rules file (byte-identical fragments) (189.145042ms)
✔ T-13.1: a Ruby heredoc body fabricates no symbol and no edge; real code stays live (71.810334ms)
✔ T-13.2: a PHP `#` comment fabricates no edge; the real call edges (65.720375ms)
✔ SE-IMPORT-CLEAN: import(extract-symbols) is side-effect-free (50.791792ms)
✔ IE-TWO-RUNS: two sequential runExtract calls each byte-equal a fresh CLI run (216.541416ms)
✔ IE-TWO-RUNS-CONCURRENT: Promise.all of two runExtract calls each byte-equal a fresh CLI run (190.252417ms)
✔ RE-ERRORS: guard paths throw ExtractError, never exit the host process (0.542541ms)
✔ K1: per-stage timing on stderr, artifacts byte-identical across cold runs (711.660708ms)
✔ K2: scale.mjs emits the full schema and restores the edited source byte-identically (1410.722042ms)
✔ K3: stagesReused honesty is pinned at the parser level (1.065541ms)
✔ PROPERTY: every product-role ref edge lands on a product-role target (2.276542ms)
✔ no lib/import-resolve or lib/cli edge into extract-symbols rel/textOf/maskedOnce (0.698875ms)
✔ F6: robots.txt + sitemap.xml exist, and internal markdown is excluded from crawl (0.680334ms)
✔ F12: every same-site fragment link in the built site resolves to an element with that id (8.672ms)
✔ F6b: the IndexNow key deploys with the site and matches the committed key (0.224375ms)
✔ F6c: search engines get pinged on every site deploy, no account needed (0.097ms)
✔ F5: the demo — the most-shared URL — finally unfurls (0.244417ms)
✔ F7/F9: built pages carry search vocabulary and every page has an h1 (0.501125ms)
✔ F10/F11: JSON-LD structured data + OG image dimensions (0.122167ms)
✔ F2: server.json exists for the MCP registry and tracks the package version (0.189083ms)
✔ F4: npm metadata carries the category keywords for the next publish (0.093333ms)
✔ F8: the case study is a real built page, not stranded markdown (0.158125ms)
✔ F6d: the Search Console ownership proof rides the shared head — dropping it would silently unverify the property (0.128ms)
✔ F1b: repo About settings are code — the workflow applies what the JSON declares (0.163375ms)
✔ F1: the zero-code operator actions are written down where the operator will find them (0.4115ms)
✔ unterminated quotes tokenize in linear time, not exponential (2.9125ms)
✔ string collapsing semantics are unchanged (0.456959ms)
✔ fresh stamp + matching version -> the parsed doc (2.091166ms)
✔ version mismatch -> null (stale schema never served) (0.643084ms)
✔ stale mtime -> null (0.782917ms)
✔ stale size -> null (0.92675ms)
✔ graph rewritten after the sidecar stamped it -> null (0.997875ms)
✔ missing stamp, missing sidecar, malformed JSON, missing graph -> null, never throws (1.442125ms)
✔ writeSidecars is byte-identical to the individual builders the old build-report block ran (346.761ms)
✔ the trio shares ONE stamp === statSync(graph.json), and all three loaders return non-null (4.051917ms)
✔ similar-index is REBUILT when meta.root is readable (2.07275ms)
✔ similar-index is REMOVED when meta.root is absent (brief + index-lite still written) (2.070958ms)
✔ similar-index is REMOVED when meta.root is set but gone from disk (2.889541ms)
✔ crash-window: a graph rewritten after the sidecars leaves only stamp-MISMATCHED sidecars (all loaders null) (3.251625ms)
✔ after a refresh, session-brief preview() is byte-identical from the sidecar path and the graph path (474.026167ms)
/Library/Developer/CommandLineTools/usr/bin/ctags: illegal option -- -
usage: ctags [-BFTaduwvx] [-f tagsfile] file ...
/Library/Developer/CommandLineTools/usr/bin/ctags: illegal option -- -
usage: ctags [-BFTaduwvx] [-f tagsfile] file ...
/Library/Developer/CommandLineTools/usr/bin/ctags: illegal option -- -
usage: ctags [-BFTaduwvx] [-f tagsfile] file ...
/Library/Developer/CommandLineTools/usr/bin/ctags: illegal option -- -
usage: ctags [-BFTaduwvx] [-f tagsfile] file ...
/Library/Developer/CommandLineTools/usr/bin/ctags: illegal option -- -
usage: ctags [-BFTaduwvx] [-f tagsfile] file ...
/Library/Developer/CommandLineTools/usr/bin/ctags: illegal option -- -
usage: ctags [-BFTaduwvx] [-f tagsfile] file ...
/Library/Developer/CommandLineTools/usr/bin/ctags: illegal option -- -
usage: ctags [-BFTaduwvx] [-f tagsfile] file ...
/Library/Developer/CommandLineTools/usr/bin/ctags: illegal option -- -
usage: ctags [-BFTaduwvx] [-f tagsfile] file ...
/Library/Developer/CommandLineTools/usr/bin/ctags: illegal option -- -
usage: ctags [-BFTaduwvx] [-f tagsfile] file ...
/Library/Developer/CommandLineTools/usr/bin/ctags: illegal option -- -
usage: ctags [-BFTaduwvx] [-f tagsfile] file ...
/Library/Developer/CommandLineTools/usr/bin/ctags: illegal option -- -
usage: ctags [-BFTaduwvx] [-f tagsfile] file ...
/Library/Developer/CommandLineTools/usr/bin/ctags: illegal option -- -
usage: ctags [-BFTaduwvx] [-f tagsfile] file ...
/Library/Developer/CommandLineTools/usr/bin/ctags: illegal option -- -
usage: ctags [-BFTaduwvx] [-f tagsfile] file ...
/Library/Developer/CommandLineTools/usr/bin/ctags: illegal option -- -
usage: ctags [-BFTaduwvx] [-f tagsfile] file ...
/Library/Developer/CommandLineTools/usr/bin/ctags: illegal option -- -
usage: ctags [-BFTaduwvx] [-f tagsfile] file ...
/Library/Developer/CommandLineTools/usr/bin/ctags: illegal option -- -
usage: ctags [-BFTaduwvx] [-f tagsfile] file ...
/Library/Developer/CommandLineTools/usr/bin/ctags: illegal option -- -
usage: ctags [-BFTaduwvx] [-f tagsfile] file ...
/Library/Developer/CommandLineTools/usr/bin/ctags: illegal option -- -
usage: ctags [-BFTaduwvx] [-f tagsfile] file ...
/Library/Developer/CommandLineTools/usr/bin/ctags: illegal option -- -
usage: ctags [-BFTaduwvx] [-f tagsfile] file ...
/Library/Developer/CommandLineTools/usr/bin/ctags: illegal option -- -
usage: ctags [-BFTaduwvx] [-f tagsfile] file ...
/Library/Developer/CommandLineTools/usr/bin/ctags: illegal option -- -
usage: ctags [-BFTaduwvx] [-f tagsfile] file ...
/Library/Developer/CommandLineTools/usr/bin/ctags: illegal option -- -
usage: ctags [-BFTaduwvx] [-f tagsfile] file ...
/Library/Developer/CommandLineTools/usr/bin/ctags: illegal option -- -
usage: ctags [-BFTaduwvx] [-f tagsfile] file ...
/Library/Developer/CommandLineTools/usr/bin/ctags: illegal option -- -
usage: ctags [-BFTaduwvx] [-f tagsfile] file ...
/Library/Developer/CommandLineTools/usr/bin/ctags: illegal option -- -
usage: ctags [-BFTaduwvx] [-f tagsfile] file ...
/Library/Developer/CommandLineTools/usr/bin/ctags: illegal option -- -
usage: ctags [-BFTaduwvx] [-f tagsfile] file ...
/Library/Developer/CommandLineTools/usr/bin/ctags: illegal option -- -
usage: ctags [-BFTaduwvx] [-f tagsfile] file ...
✔ SIG-FIDELITY: extracted params match an independent inline parser over random decls (1017.775083ms)
✔ SIG-NULL-SAFE: multi-line + paren-less + no-paren decls yield signature null (51.757625ms)
✔ SC2: return annotation captured for TS and Python (47.971958ms)
✔ SIG-CONTEXT-PACK: context-pack callees include the node signature (no drift) (45.678375ms)
✔ SC2: projected has gate shape and ok === (no new cycles && no lost callers) (39.126084ms)
✔ SE-FAITHFUL: tool matches the oracle + ok invariant holds — delete (30 cases) (1302.99ms)
✔ SE-FAITHFUL: tool matches the oracle + ok invariant holds — merge (30 cases) (1327.860666ms)
✔ SE-FAITHFUL: tool matches the oracle + ok invariant holds — move (30 cases) (1260.72425ms)
✔ SE-FAITHFUL: tool matches the oracle across mixed random ops (60 cases) (2205.788041ms)
✔ SE-PURE: the input graph file is byte-identical after a run (43.213541ms)
✔ H4: --into defaults to the smallest resolved id when omitted (38.066667ms)
✔ SE-DETERMINISTIC: same input -> identical stdout (76.969292ms)
✔ SE-OPTIMIZE-AGREE: simulate-edit --merge and optimize.mjs project the SAME newCycles for a finding (75.688292ms)
✔ SC4: unknown symbol -> exit 1; missing op -> exit 2 (73.782417ms)
✔ --out redirects the whole build (126.277625ms)
✔ builder runs and reports the expected page count (114.11675ms)
✔ emits every page in the information architecture (112.39825ms)
✔ output is deterministic — byte-stable across consecutive builds (237.829792ms)
✔ no unfilled template placeholders remain (119.906875ms)
✔ no "undefined" ever renders into a page, and every tool card has a description (122.117542ms)
✔ every page links the shared stylesheet and sets a canonical URL (118.25825ms)
✔ footer version is in lock-step with package.json (120.584542ms)
✔ pages are self-contained — no third-party network origins (115.51525ms)
✔ downloads dashboard uses the full package history and excludes incomplete recent days (117.662125ms)
✔ SKL-RENAME-INVARIANT: a consistent identifier rename yields an identical skeleton (sim 1) (15.570708ms)
✔ SKL-LITERAL-NORMALIZED: changing only literal values leaves the skeleton equal (0.105ms)
✔ SKL-STRUCTURE-SENSITIVE: changing control flow changes the skeleton (does not saturate to 1) (0.120125ms)
✔ SKL-STRUCTURE-SENSITIVE (prop): inserting one extra if-block changes the skeleton (sim < 1) (5.864416ms)
✔ SKL-OPERATOR-SENSITIVE: operator identity survives normalization (+ vs *, && vs ||) (0.106334ms)
✔ SKL-KEYWORDS-PRESERVED: keywords survive normalization (control flow is visible) (0.153375ms)
✔ SKL-DETERMINISTIC: same source -> same skeleton + shingles (3.938916ms)
✔ SKL-DISTINGUISHES-UNRELATED: structurally different bodies are not near-1 (0.103958ms)
✔ SP-1: a spread call `...metrics(ws)` edges to the same-file callee (74.190708ms)
✔ SP-2: IIFE initializers are not function nodes; real arrows still are (1.530416ms)
✔ SP-3: self-map dogfood — trend.mjs:metrics has a caller; PERM_SEEDS is no node (99.084084ms)
✔ S1: identical fragment -> all four stages reused, outputs equal a --full rerun (mod generatedAt) (809.344958ms)
✔ S2: a source edit invalidates the memo (699.934458ms)
✔ S3: a missing output invalidates the memo and is restored (688.009042ms)
✔ S4: a CODEWEB_* lever change invalidates the memo (576.190625ms)
✔ S5: byte-tampered-but-parseable graph.json forces recompute (content hash, not a parse) (528.28875ms)
✔ S6: a tampered report.md forces recompute (the four non-graph outputs are guarded too) (536.806292ms)
✔ S7: --stages through-overlap computes through overlap, skips report + memo, never poisons a full run (604.043208ms)
✔ S8: --stages with an unknown phase exits 2 (no silent typo path) (38.644667ms)
✔ stats lib: bump accumulates monthly, opt-out is a true no-op, receipt line renders (88.359541ms)
✔ writers: the pre-edit hook and the MCP server put real events on the ledger (255.5125ms)
✔ empty ledger: the receipt says how counters accrue instead of showing nothing (118.905416ms)
✔ receipt survives the month boundary (lifetime) and the brief nudges on a stale map (118.919333ms)
✔ #10: CLI queries count toward the receipt (queriesServed bumps beside the graph) (115.570333ms)
✔ query --orphans --json: >64KB piped output arrives complete and parses (73.301916ms)
✔ deadcode --json: >64KB piped output arrives complete and parses (63.137334ms)
✔ deadcode text mode: >64KB piped output arrives complete (65.033458ms)
✔ F6-STRUCTURAL-FIND: --structural ranks a renamed clone higher than lexical does (89.994708ms)
✔ F7-SUPPRESS: annotate a deadcode finding -> deadcode hides + counts it; --show-suppressed reveals (186.331333ms)
✔ F7-DEST: annotate in an unmapped cwd exits 2 with the no-map message and creates nothing (147.060667ms)
✔ F7-RESURFACE: changing the orphan id changes its fingerprint -> not silently suppressed (132.842042ms)
✔ S1 query miss exits 1 and suggests the near-match + concept search (47.475708ms)
✔ S2 query miss --json carries hint + ranked suggestions with full ids (47.528125ms)
✔ S3 suggestions are bounded (max 3) and deterministic (104.787625ms)
✔ S4 a hopeless miss still gets the hint, without fabricated suggestions (50.00175ms)
✔ S5 explain miss carries the same hint + suggestions (49.497125ms)
✔ S6 context-pack miss names the near-match in its error (43.923166ms)
/Library/Developer/CommandLineTools/usr/bin/ctags: illegal option -- -
usage: ctags [-BFTaduwvx] [-f tagsfile] file ...
/Library/Developer/CommandLineTools/usr/bin/ctags: illegal option -- -
usage: ctags [-BFTaduwvx] [-f tagsfile] file ...
/Library/Developer/CommandLineTools/usr/bin/ctags: illegal option -- -
usage: ctags [-BFTaduwvx] [-f tagsfile] file ...
/Library/Developer/CommandLineTools/usr/bin/ctags: illegal option -- -
usage: ctags [-BFTaduwvx] [-f tagsfile] file ...
/Library/Developer/CommandLineTools/usr/bin/ctags: illegal option -- -
usage: ctags [-BFTaduwvx] [-f tagsfile] file ...
/Library/Developer/CommandLineTools/usr/bin/ctags: illegal option -- -
usage: ctags [-BFTaduwvx] [-f tagsfile] file ...
/Library/Developer/CommandLineTools/usr/bin/ctags: illegal option -- -
usage: ctags [-BFTaduwvx] [-f tagsfile] file ...
/Library/Developer/CommandLineTools/usr/bin/ctags: illegal option -- -
usage: ctags [-BFTaduwvx] [-f tagsfile] file ...
/Library/Developer/CommandLineTools/usr/bin/ctags: illegal option -- -
usage: ctags [-BFTaduwvx] [-f tagsfile] file ...
/Library/Developer/CommandLineTools/usr/bin/ctags: illegal option -- -
usage: ctags [-BFTaduwvx] [-f tagsfile] file ...
/Library/Developer/CommandLineTools/usr/bin/ctags: illegal option -- -
usage: ctags [-BFTaduwvx] [-f tagsfile] file ...
/Library/Developer/CommandLineTools/usr/bin/ctags: illegal option -- -
usage: ctags [-BFTaduwvx] [-f tagsfile] file ...
/Library/Developer/CommandLineTools/usr/bin/ctags: illegal option -- -
usage: ctags [-BFTaduwvx] [-f tagsfile] file ...
/Library/Developer/CommandLineTools/usr/bin/ctags: illegal option -- -
usage: ctags [-BFTaduwvx] [-f tagsfile] file ...
/Library/Developer/CommandLineTools/usr/bin/ctags: illegal option -- -
usage: ctags [-BFTaduwvx] [-f tagsfile] file ...
/Library/Developer/CommandLineTools/usr/bin/ctags: illegal option -- -
usage: ctags [-BFTaduwvx] [-f tagsfile] file ...
/Library/Developer/CommandLineTools/usr/bin/ctags: illegal option -- -
usage: ctags [-BFTaduwvx] [-f tagsfile] file ...
/Library/Developer/CommandLineTools/usr/bin/ctags: illegal option -- -
usage: ctags [-BFTaduwvx] [-f tagsfile] file ...
/Library/Developer/CommandLineTools/usr/bin/ctags: illegal option -- -
usage: ctags [-BFTaduwvx] [-f tagsfile] file ...
/Library/Developer/CommandLineTools/usr/bin/ctags: illegal option -- -
usage: ctags [-BFTaduwvx] [-f tagsfile] file ...
/Library/Developer/CommandLineTools/usr/bin/ctags: illegal option -- -
usage: ctags [-BFTaduwvx] [-f tagsfile] file ...
/Library/Developer/CommandLineTools/usr/bin/ctags: illegal option -- -
usage: ctags [-BFTaduwvx] [-f tagsfile] file ...
/Library/Developer/CommandLineTools/usr/bin/ctags: illegal option -- -
usage: ctags [-BFTaduwvx] [-f tagsfile] file ...
/Library/Developer/CommandLineTools/usr/bin/ctags: illegal option -- -
usage: ctags [-BFTaduwvx] [-f tagsfile] file ...
✔ TE-PRECISION: test-edge targets == independent scan of test-file references (15 cases) (660.874417ms)
✔ TE-PRESERVE: no call/import edge from a test-file node to a prod symbol (46.190209ms)
✔ TE-QUERY-COMPLETE: --tests X == raw test-edge in-neighbors (97.034333ms)
✔ SC3: test edges do not count as callers/imports (orphan + callers contract) (102.30075ms)
✔ TE-ANON: anonymous test callback edges <module> -> prod:foo as a test edge (47.643333ms)
✔ TE-DESTRUCTURE: destructuring-param fn owns its body call and stays in impactOf (87.556417ms)
✔ JM-COMMENT: calls inside // and /* */ comments produce no call edge (42.1285ms)
✔ JM-STRING: // inside a string does not blank the rest of the line (42.34625ms)
✔ JM-TEMPLATE: call inside ${} interpolation still edges (42.228666ms)
✔ RX-RENAME: call via `export {x as y} from` barrel edges to impl:x (79.361083ms)
✔ RX-CHAIN: re-export through two barrels resolves transitively (50.980458ms)
✔ the no-progress guard is present in the shipped template (cannot silently regress out) (0.733208ms)
✔ a dominant final item terminates instead of overflowing the stack (0.217375ms)
✔ all-zero values terminate and still fully tile (no NaN from /0) (0.083584ms)
✔ large uniform input (the .live-scale case) terminates (1.45175ms)
✔ areas are proportional to value and tile the box exactly (0.13625ms)
✔ degenerate single and empty inputs are handled (0.414959ms)
✔ trend renders body-confirmed duplication across snapshots (oldest -> newest) (48.513125ms)
✔ trend --json emits structured per-snapshot metrics (48.668458ms)
✔ trend with no input exits 2 (usage) (50.638375ms)
✔ trend --git charts duplication rising across real commits (1021.417292ms)
✔ trend --git reused-ws belt: a failed middle commit is zeroed; neighbors stay correctly attributed (908.921334ms)
✔ loadTsEngine returns null OR a {cyclomaticExact, version} engine — never throws (0.451583ms)
﹣ cyclomaticExact: no decisions → 1 (0.422459ms) # tree-sitter engine unavailable
﹣ cyclomaticExact: if + && → 3 (0.0425ms) # tree-sitter engine unavailable
﹣ cyclomaticExact: switch cases + catch → 4 (0.031917ms) # tree-sitter engine unavailable
﹣ cyclomaticExact: loops + nullish → 4 (0.032959ms) # tree-sitter engine unavailable
﹣ precision: optional param `?:` is not a ternary (0.031375ms) # tree-sitter engine unavailable
﹣ precision: `.catch(` is a Promise method, not try/catch (0.030417ms) # tree-sitter engine unavailable
﹣ precision: logic inside a template interpolation is real branching (0.048083ms) # tree-sitter engine unavailable
﹣ determinism: identical input → identical value (0.051ms) # tree-sitter engine unavailable
﹣ always >= 1, and empty/garbage input does not throw (0.067666ms) # tree-sitter engine unavailable
﹣ extractJsTs: method ids are class-qualified (file:Class.method), labels stay bare (0.037708ms) # tree-sitter engine unavailable
﹣ extractJsTs: this.m() + typed-receiver dispatch resolve to qualified method ids (0.027209ms) # tree-sitter engine unavailable
﹣ extractJsTs: deterministic across runs (0.028958ms) # tree-sitter engine unavailable
﹣ extractJsTs: garbage input never throws (graceful per-file fallback signal) (0.022916ms) # tree-sitter engine unavailable
✔ L-MEM: every parser.parse site in ts-engine.mjs frees its tree (0.306291ms)
﹣ T1+T2: reordered statements pair as a near-miss clone, REVIEW-only (0.376292ms) # tree-sitter unavailable
﹣ T3: structurally different bodies of similar length do not pair (0.04975ms) # tree-sitter unavailable
﹣ T4: small bodies never fingerprint (exact-clone territory stays Signal A) (0.037791ms) # tree-sitter unavailable
✔ T5: regex engine -> no fingerprints, no near-miss findings (318.752125ms)
﹣ T6: determinism — same source, two workspaces, byte-identical graphs (mod generatedAt) (0.064583ms) # tree-sitter unavailable
✔ the gate comment carries the org-dashboard line in its footer, beside the attribution (1.115834ms)
✔ the gate comment keeps its attribution footer when the upgrade line is suppressed (0.139958ms)
✔ a caller rendering its own dashboard link can turn the upgrade line off (0.058625ms)
✔ the trend nudge fires at 5 snapshots and stays silent at 4 (149.962375ms)
✔ the trend nudge is exactly one line, printed once, after the table (88.628125ms)
✔ trend --json stays pure JSON at any snapshot count (135.26725ms)
✔ both documented levers suppress the trend nudge at 5 snapshots (92.900334ms)
✔ placementsSuppressed reads the environment at call time, and only on "1" (0.451708ms)
✔ the shared report artifact keeps its attribution footer (1.128417ms)
✔ no placement string reaches any unsanctioned script, hook, or bin entry (8.479417ms)
✔ the sweep actually covers the three anti-placement surfaces (0.371625ms)
✔ behavioral: an MCP tool response carries no placement (61.931833ms)
✔ behavioral: error paths carry no placement (249.650125ms)
✔ the charter records which surfaces may carry an upgrade line, and which may never (0.914375ms)
✔ the suppression lever is documented where every other environment knob is (0.320375ms)
✔ lens-core: callers count reverse call edges only; blast is the impact closure (0.850166ms)
✔ lens-core: inherit edges make subclasses part of the blast (0.074583ms)
✔ lens-core: minCallers hides sub-threshold symbols; unknown file yields no lenses (0.083916ms)
✔ lens-core: blastOf uses the pointer-index walk, not shift()/spread-merge (#38 shape) (0.240958ms)
✔ lens-core: full-file pass scales ~linearly (2N pass ≈ 2× the N pass) (#38) (372.524208ms)
✔ lens-core: the linear-scaling estimator still fails a quadratic pass (#38 able-to-fail) (152.2545ms)
✔ lens-core: memo carry === cold rebuild for every id across randomized edge+node mutations (#38) (60.401917ms)
✔ lens-core: memo carry reuses untouched ids and drops affected ones (#38 counting) (0.166583ms)
✔ extension: selector covers all 13 native languages and wires the watcher + refresh (0.496625ms)
✔ extension: activation is graph-gated (workspaceContains) with onCommand fallbacks, no onStartupFinished (#38) (0.27175ms)
✔ release.yml: publish needs the test job — no publish path skips the suite (0.57575ms)
✔ release.yml: dispatched refs must be ancestors of origin/main, checked before tag creation (0.289958ms)
✔ release.yml: vsce is exact-pinned, never @latest, and no Marketplace publish exists (0.223083ms)
✔ ci.yml: the test job runs an os x node matrix (0.061209ms)
✔ every actions/setup-node block across all three workflows enables the npm cache (0.205958ms)
✔ ci.yml: post-install AST probe + skip ceiling — an install hiccup cannot green-skip the AST tier (0.054875ms)
✔ ci.yml: a no-optional-deps job exercises the regex fallback for real (0.058667ms)
✔ codeweb-gate.yml: the structural self-gate installs deps (AST-aware, not regex-blind) (0.039834ms)
✔ ci.yml: committed docs/ is gated fresh after the site build (0.067625ms)
ℹ tests 1278
ℹ suites 0
ℹ pass 1218
ℹ fail 0
ℹ cancelled 0
ℹ skipped 60
ℹ todo 0
ℹ duration_ms 23565.447584
== 4/5 consistency ==
check-consistency: OK — v0.15.0, 28 tools, all surfaces aligned.
== 5/5 evals ==
ok    cli-help
ok    example-upper
ok    mcp-initialize
ok    mcp-tools-list
ok    query-help
evals: all 5 case(s) passed
ALL CHECKS PASSED
