== 1/5 spec lint ==
OK  SPEC.md: 18 live AC(s), 18 built and test-pinned
== 2/5 harness tests ==
----------------------------------------------------------------------
Ran 30 tests in 4.159s

OK
== 3/5 product tests ==

> @ghostlygawd/codeweb@0.14.0 test
> node --test "tests/**/*.test.mjs"

✔ cleanup marker (0.41425ms)
✔ accessors (regex tier): getter keeps the bare id, setter gets @5 (85.652333ms)
✔ decl lines (regex tier): no class -> own-member phantom callers; setter call attributes to @5 (0.105458ms)
✔ module-level overload stubs (regex tier): stubs get @line ids; no <module> or self fabrication (0.0905ms)
✔ accessors (ast tier): getter keeps the bare id, setter gets @5 (110.051833ms)
✔ decl lines (ast tier): no class -> own-member phantom callers; setter call attributes to @5 (1.324958ms)
✔ module-level overload stubs (ast tier): stubs get @line ids; no <module> or self fabrication (0.082417ms)
✔ A/B: both tiers emit the identical id set for the accessor fixture (0.38875ms)
✔ regex method matcher probes: describe() never matches; it(...) noise is pre-existing; if dies in KEYWORDS (1.24675ms)
✔ teardown (0.568958ms)
✔ acquisition ledger parser keeps valid npm snapshots, de-duplicates dates, and skips torn rows (6.54475ms)
✔ npm range parser keeps valid daily values, de-duplicates dates, and skips invalid rows (0.149667ms)
✔ acquisition SVG is a mobile-readable line chart with honest source and cutoff metadata (4.026042ms)
✔ README puts the generated npm trend in the opening proof section (0.264541ms)
✔ proof-strip claims carry existing evidence paths and obey the brand shape rule (0.195875ms)
✔ every value-setting codeweb-ref: example pins the shipped release tag (14.225625ms)
✔ the codeweb-ref input declaration lives only in action.yml, and still defaults to main (5.50275ms)
✔ every codeweb-gate@ usage example pins a release tag, never @main (8.298333ms)
✔ the pinned tag is a released version, not an unreleased bump (0.177958ms)
✔ the doc pins are version-synced, so a release cannot leave them behind (0.110208ms)
✔ the ledger records gateReposExternal and surfaces WHY when it cannot (0.226125ms)
✔ the ledger accepts an operator-supplied search credential, gated like every other secret (0.071125ms)
✔ the newest ledger row carries the gateReposExternal field (0.331583ms)
✔ ac_12: every agent-path engine value (hybrid|tools|read) labels the brief payload (1.33ms)
✔ ac_12: deterministic-pipeline engines (ctags|regex) carry no agent label (0.1385ms)
✔ ac_12: the rendered brief (session-start injection) says the provenance out loud (0.158834ms)
✔ ac_12: the fallback schema documents meta.engine as the provenance label (0.12775ms)
✔ FPR-STABLE: fingerprint ignores order / title / severity / evidence — only kind + symbol set (0.625042ms)
✔ FPR-STABLE (prop): fingerprint is deterministic and order-independent over random findings (5.148333ms)
✔ FPR-DISTINGUISHES: different kind or different node-set -> different fingerprint (0.115875ms)
✔ ANN-SUPPRESS-EXACT: applySuppressions removes exactly the matching findings; counts partition (0.179083ms)
✔ ANN-IDENTITY-CHANGE-RESURFACES: changing an implicated symbol id un-suppresses the finding (0.07725ms)
✔ ANN-KIND-JOINT: suppression keys on kind AND nodes — a different-kind finding over the same nodes stays visible (0.378167ms)
✔ ANN-EMPTY/ABSENT: no annotations file -> everything visible, none suppressed (0.352042ms)
✔ ANN-PERSIST-IDEMPOTENT: addSuppression writes .codeweb/annotations.json; twice -> one entry (1.429291ms)
✔ ANN-E2E-ROUNDTRIP: annotate writes where deadcode reads by default (564.272125ms)
✔ AE-IMMUTABLE: applyEdit never mutates its argument (7.711042ms)
✔ AE-DELETE: removes exactly the named nodes and every edge touching them (0.397ms)
✔ AE-MERGE: drops non-canonical copies, redirects in AND out edges, drops self-loops, de-dups (0.088667ms)
✔ AE-MERGE: a pre-existing self-call on a copy stays a self-loop and is dropped (0.058708ms)
✔ AE-MOVE: changes only the target node file; nothing else (0.072ms)
✔ SE-FAITHFUL (core): applyEdit agrees with independent naiveApply under structuralRegressions (19.534875ms)
✔ SE-DELETE-NO-NEW-COUPLING: every after-cycle is contained in some before-cycle (8.7135ms)
✔ atomicWrite: target parses, no temp sibling remains (1.564417ms)
✔ finding #42: stats + annotations writers are crash-safe (parse, no temp sibling, formatting kept) (3.525667ms)
✔ a corrupt graph.json is recomputed on re-map, not "stages reused"; intact workspaces still reuse (950.850417ms)
✔ staleness: an edited source file annotates query results until refresh (202.383ms)
✔ pre-edit hook: one-line advisory for a mapped, depended-on file; silent otherwise (111.182917ms)
✔ ambient loop: the pre-edit hook injects the explain card, not just a pointer (107.946667ms)
✔ ambient loop: MCP auto-refresh heals a stale graph in the BACKGROUND (finding 19) (441.678041ms)
✔ pre-edit hook envelope: additionalContext only — never a permissionDecision (148.6035ms)
✔ B1+B4: sections present, session valid, corpus skip explicit (3698.884708ms)
✔ B2: a lowered budget fails the gate by name; real budgets pass (7717.056708ms)
✔ B2b: a toy fixture is unmeasurable however slow the machine is (the stage budgets stay off) (3751.861917ms)
✔ B5: --check enforces the budgets without rewriting the receipt (9334.112042ms)
✔ B3: claims audit fails on a missing source and passes on the real tree (1.500209ms)
✔ bench: cost-only mode without a compiler oracle (graceful degradation) (273.044166ms)
﹣ bench: compiler-graded mode on a TS fixture (0.107ms) # typescript not resolvable (set TS_MODULE to enable)
✔ bench: text summary is the default surface (259.322667ms)
✔ the boundary page ships as a source page AND as committed built output (0.573917ms)
✔ the boundary page states the free half in the ratified words (0.283458ms)
✔ the boundary page states the paid half — what money buys, and what it never breaks (0.3175ms)
✔ the pricing page ships as a source page AND as committed built output (0.091792ms)
✔ the pricing page carries the price, the seat definition, and the flat-unlimited framing (0.204166ms)
✔ the price is published as ratified INTENT, not as a live offer (0.126166ms)
✔ the pricing page carries a Teams sign-up rail pointing at the real App install flow (0.253583ms)
✔ the pricing page still separates the live install from the not-yet-live price (0.206875ms)
✔ the rival contrast names no competitor — category framing only (0.517125ms)
✔ the category price anchor cites the in-repo scan that recorded it (0.747709ms)
✔ no unreceipted number appears in the authored boundary/pricing copy (0.270417ms)
✔ both pages are registered in the PAGES table as listed pages (0.254583ms)
✔ both pages are in the committed sitemap (0.078209ms)
✔ the homepage nav reaches both pages, and the links resolve in docs/ (0.112042ms)
✔ the consistency sweeps cover both new pages (0.080417ms)
✔ C8: SPEC.md no longer gates the Teams tier behind the distribution trigger (0.13525ms)
✔ C8: docs/ROADMAP.md no longer parks the Teams build or the boundary statement (0.144375ms)
✔ C8: the charter records the contradiction as resolved, not still-open drift (0.327083ms)
✔ B1: report template and site tokens carry the same core palette values (0.641459ms)
✔ B2: report template stays square, mono, and dark-by-default (0.209542ms)
✔ B3: docs/demo/index.html embeds the current report template (style + script parity) (0.528959ms)
✔ B4: no retired palette hex or rgba survives on an authored brand surface (5.576459ms)
✔ B5: brand SVGs are square-language (no circles, ellipses, or rounded rects); injected nav has no pills (0.4215ms)
✔ B6: assets/screens were re-verified after the last report-template change (stamp matches) (0.513208ms)
✔ B7: every "N symbols … M domains" and "N callers" caption matches docs/demo/axios.graph.json (1.218125ms)
✔ B8: no dead image references in README or site content (0.674583ms)
✔ B9: terminal replay is evidence-backed, sanitized, and placed in the quickstart (0.768459ms)
✔ CB-CHEAP/NO-FABRICATE/VERIFIED over random 2-cycles (40 cases) (2036.69225ms)
✔ CB-ADVERSARIAL: the cheaper of two working cuts is chosen (64.617042ms)
✔ CB-3RING: cheapest verified cut on random 3-file rings (20 cases) (1022.023833ms)
✔ CB-COVERS: an acyclic graph yields zero cycle proposals (51.434084ms)
✔ CB-DETERMINISTIC: identical input -> identical stdout (100.876208ms)
✔ CB-PSEUDO-EQ: cheapestCuts ≡ whole-graph oracle over 150 seeded all-kind cyclic graphs (incl. ref-closed + duplicates) (11.81225ms)
✔ CB-REF-ALIVE: given a call+ref pair, when its structural cut is tried, then the cycle survives and the next candidate is chosen (0.160042ms)
✔ brief: one page with counts, load-bearing symbols, tests, and findings (218.960916ms)
✔ session-brief hook: injects the briefing in a mapped repo, silent otherwise (118.667166ms)
✔ brief over MCP: 24th tool, served in-process, staleness-annotated shape (221.739458ms)
✔ BR-SIDECAR: hook output identical with, without, and with a stale brief.json (400.018041ms)
✔ unmapped repo with source gets ONE nudge; stamped and source-less dirs stay silent (167.9045ms)
✔ build-report does not embed the absolute local path (meta.root) in report.html (51.994625ms)
✔ two identical runs produce byte-identical report.html and (with SOURCE_DATE_EPOCH) graph.json (184.22325ms)
✔ report.html embed strips unread node/edge fields; graph.json keeps them (#36) (53.449917ms)
✔ report carries og metadata, the pipeline-findings renderer, and the shareable-hash machinery (62.805542ms)
✔ report ships light+print themes, focus-visible parity, ARIA tab wiring, and no blocking prompt (0.271417ms)
✔ CF-SHAPE: v16 entries hold interned edges and NO syms; warm no-change replays byte-identically (204.662ms)
✔ CF-HASH-HIT: touched-but-unchanged file replays the full product set without a re-scan (376.891458ms)
✔ CF-MIGRATE: a stale-version cache (planted poison) is discarded — cold rebuild, byte-equal to no-cache, cache rewritten at the live version (296.0165ms)
✔ CF-NEST-FLIP: nesting a fallback target invalidates its consumers, warm stays byte-equal to cold (320.77425ms)
✔ CF-SKIP-WRITE: an unchanged fragment is not rewritten (mtime stable), a changed one is (288.787ms)
/Library/Developer/CommandLineTools/usr/bin/ctags: illegal option -- -
usage: ctags [-BFTaduwvx] [-f tagsfile] file ...
✔ map + post-edit hook + refresh share ONE cache file, and warm runs ride it (663.509583ms)
✔ X.member.call(...) resolves to the underlying function (48.159833ms)
✔ X.member.apply(...) resolves to the underlying function (30.4185ms)
✔ PRECISION: a param obj.member.call() fabricates no edge (14.320209ms)
✔ CMP-GREEN-CHAIN: applying the plan in order introduces no file cycle absent at the start (23.937542ms)
✔ CMP-INCLUDES-MERGES: emitted merges are real opportunities; not all merges are dropped (13.39425ms)
✔ CMP-ORDER: cuts precede deletes precede merges; within a phase ROI is non-increasing (4.493ms)
✔ CMP-MONOTONE-DELTAS: cumulative locReclaimed AND cyclesBroken non-decreasing; totals == sum (3.656ms)
✔ CMP-BUDGET: --budget N yields the first-N prefix of the full ordered plan, at several lengths (13.284666ms)
✔ CMP-EMPTY + CMP-DETERMINISTIC: clean graph -> empty plan; deterministic incl. shuffled input (0.434125ms)
✔ CMP-CLI: campaign.mjs --json composes all three advisors — a delete AND a merge appear (105.208792ms)
✔ CMP-CONCURRENT-STABLE: campaign --json is byte-stable + banner-clean on a cycles+dups+orphans fixture (232.394958ms)
✔ CMP-DELETE-ROI: delete steps rank and project by the deadcode `loc` field (0.218209ms)
✔ CMP-DELTA-EQUIV: simulator-chained plan == historical clone-chain plan (120 cases) (11.55675ms)
✔ B1: edits touching card-named caller files count once each; the card set is consumed (557.759333ms)
✔ B2: the card's own subject file never counts as following the advice (342.829958ms)
✔ B3: a new card replaces the pending set; B4: opt-out records nothing (359.341708ms)
✔ A1: non-goal 5 is struck — the distribution trigger no longer gates the Teams build (0.65325ms)
✔ A1 does not loosen non-goal 4 — the local product still takes no accounts or telemetry (0.09875ms)
✔ A2: non-goal 8 is amended, not struck, and names the second trusted source (0.126958ms)
✔ A3: the boundary section states the rule, where billing lives, and the price intent (0.171083ms)
✔ A4: non-goal 6 stands live and its reaffirmation is on the record (0.09975ms)
✔ every 2026-08-17/18 amendment is indexed, dated, and attributed (0.234625ms)
✔ the open-questions discipline survives the amendment (0.106625ms)
✔ the ratified job line is untouched by the amendment (0.069584ms)
✔ CH1: counts commits per file, window-bounded, cached by HEAD (523.494042ms)
✔ CH2: not a git repo -> {} (advisors degrade to churn-less ranking) (52.066625ms)
✔ ci-gate fails (exit 1) when the working tree introduces a new duplication (1427.958042ms)
✔ ci-gate passes (exit 0) when the working tree matches base (1437.185625ms)
✔ ac_13: ci-gate --md carries real duplication evidence and commit-pinned subdirectory links without changing the verdict (1654.3485ms)
✔ ac_13: dirty source locations stay plain text for untracked, modified and staged files (5009.137291ms)
✔ ci-gate without --base exits 2 (usage) (50.538583ms)
✔ ci-gate exits 2 (not a crash) when the base ref cannot be resolved (872.018833ms)
✔ the composite action ships the sticky-comment reviewer, opt-in and fork-safe (0.452834ms)
✔ a static-method call on an imported class refs the CLASS (and still calls the method) (41.5575ms)
✔ instanceof on an imported class refs the CLASS (20.897125ms)
✔ construction still produces a call edge to the class (27.668458ms)
✔ PRECISION: an object-default member access creates NO class ref (18.705958ms)
✔ DEPENDENTS: --dependents of the class unions the ref users, with a ref byKind breakdown (74.759166ms)
✔ F1 run.mjs --help prints usage and exits 0 (it used to error "target not found: --help") (52.076917ms)
✔ F2 run.mjs rejects an unknown flag with usage, exit 2 (56.538041ms)
✔ F3 run.mjs with no target maps the cwd — a sourceless cwd is refused by the guard, not usage (146.407166ms)
✔ F4 every USAGE-bearing CLI answers --help with exit 0 (1270.981625ms)
✔ F5 graph auto-discovery: bare query works from inside a mapped repo, and says which graph it used (53.564959ms)
✔ F6 bare stats works from a mapped repo (the README-advertised invocation) (49.2765ms)
✔ F7 outside any mapped repo, bare query still dies with usage (exit 2) (42.442333ms)
✔ F8 build-report IO failures use exit 2 per the convention (52.0135ms)
✔ F9 run.mjs success points the user at the report (379.76125ms)
✔ F10 context-pack works with a bare symbol from a mapped repo (50.577708ms)
✔ API F7: refresh, fitness, placement, codemod discover the graph via the walk-up (358.17325ms)
✔ API F7: unmapped, the four die with the shared usage naming CODEWEB_WS (exit 2) (216.378917ms)
✔ explain.mjs rejects an unknown flag with usage, exit 2 (was: --jsno silently ignored -> exit 0) (55.405416ms)
✔ diff.mjs rejects an unknown flag with usage, exit 2 (was: bogus flag silently ignored -> exit 0) (51.864917ms)
✔ brief/stats/coverage reject an unknown flag with usage, exit 2 (one policy) (143.709333ms)
✔ bench-ts-engine.mjs rejects an unknown flag with usage, exit 2 (was: swallowed into the target positional -> exit 1 "target not found") (54.085334ms)
✔ explain.mjs: --json still parses, positionals resolve (graph + symbol -> found) (51.499667ms)
✔ diff.mjs: --json still parses, positionals resolve (before + after -> no regressions) (49.016875ms)
✔ --help still prints usage and exits 0 on every converted front door (286.228209ms)
✔ coach: did-you-mean on a near-miss flag, silence on a far one (115.251833ms)
✔ coach: --flag=value parses for value flags and bool switches take =false (103.076333ms)
✔ coach: unmapped directory gets cause + remedy, usage appended (ERRORS R1) (52.553167ms)
✔ default de-hub (indeg>=12) keeps hooks callers in their home directory (62.496333ms)
✔ disabling de-hub lets the hub bridge hooks callers into lib (the bug de-hub prevents) (44.030208ms)
✔ domains are named after directories, not utility symbols (58.274958ms)
✔ meta is carried forward from fragment into graph (52.320292ms)
✔ CM-GATE-AGREE: plan.projectedGate == structuralRegressions(applyEdit(merge)); deletions/rewrites exact (30 cases) (1628.435084ms)
✔ CM-PLAN-PURE: a plan-only run leaves graph.json byte-identical (51.815ms)
✔ CM-WRITE-REVERSIBLE: a predicted-regression --write leaves source byte-identical and exits 1 (46.039209ms)
✔ CM-INTO-RESOLVES: unresolvable/ambiguous --into exits 2 and touches nothing, even with --write (54.321916ms)
✔ CM-WRITE-STRING-GUARD: a loser label inside a string refuses --write and reverts byte-identically (49.389958ms)
✔ CM-WRITE-COMMENT-OK: a comment mention is skipped (and counted), live code is rewritten (193.6905ms)
✔ CM-IMPORT-REPOINT: a consumer importing the loser ends up importing the canonical from its real file (203.881292ms)
✔ CM-IMPORT-REPOINT-MTS: an .mts consumer importing the loser is repointed too (261.794167ms)
✔ CM-WRITE-SUCCESS: a safe same-file merge applies and the loser definition is gone (217.703583ms)
✔ CM-COPY: plan text owns its check, hedges the rewires, and is honest about undo (53.477291ms)
✔ CX-MIN-ONE: a straight-line body has cyclomatic 1; an empty body has 1 (0.696625ms)
✔ CX-COUNT-JS: cyclomatic === 1 + (if|for|while + && + || + ternary) decision tokens (0.072625ms)
✔ CX-COUNT-PY: python elif / except / and / or count as decisions (lang=py) (0.152458ms)
✔ CX-COUNT: monotone — appending a snippet with d decisions raises cyclomatic by exactly d (4.371ms)
✔ CX-RENAME-INVARIANT: renaming identifiers (not keywords) never changes cyclomatic (4.452333ms)
✔ CX-IGNORES-STRINGS-COMMENTS: decision keywords inside strings/comments are not counted (0.08475ms)
✔ CX-DETERMINISTIC: same source -> same cyclomatic (0.480417ms)
✔ CXD-FLAT: nestingDepth — flat body <= 1, one block = 1, nested blocks count (0.096208ms)
✔ CXD-NONNEG + brace/string safety: never negative; braces in strings/comments ignored (3.001625ms)
✔ CXD-PY: python nesting depth follows indentation (0.465208ms)
✔ extractor stamps pub through named and star re-export chains, and meta.dynamic (113.81425ms)
✔ explain: public API and dynamic-dispatch caveats calibrate the card (210.385666ms)
✔ callers/dependents: a zero answer carries its asterisk instead of false confidence (273.006042ms)
✔ ac_14: context reports capped, unmatched, and unavailable source evidence independently of neighbor lists (4.429166ms)
✔ ac_14: list budgets report blast omissions; complete lists never promise complete analysis (0.280292ms)
✔ ac_14: freshness distinguishes unchanged stamps, stale data, and missing stamps (0.887375ms)
✔ ac_14: CLI and MCP emit identical context analysis and evidence (108.315125ms)
✔ CP-COMPLETE & CP-SOUND: callers/callees equal the independent raw-edge neighbor sets (753.421875ms)
✔ CP-BLAST-SUPERSET: blastRadius ⊇ callers and excludes the target (779.532959ms)
✔ CP-BOUNDED: callees and blastRadius carry NO body text (only target+callers do) (58.09625ms)
✔ CP-M3: a label resolving to multiple nodes returns the UNION across all matched ids (58.880041ms)
✔ CP-DETERMINISTIC: same graph+symbol -> identical stdout (109.68975ms)
✔ SC1: unknown symbol -> exit 1 (50.040584ms)
✔ SC1: resolves a bare label to its node (73.791333ms)
✔ CP-BODY-FIDELITY: target & caller bodies are byte-for-byte the real source lines (124.116709ms)
✔ CP-SC4: source absent -> bodies null and sourceAvailable false (never a guess) (63.938791ms)
✔ current Markdown prose stays under 55 words per paragraph (4.526542ms)
✔ current authored HTML prose stays under 55 words per paragraph (1.831083ms)
✔ listing descriptions (package/plugin/marketplace) stay under 55 words (1.200958ms)
✔ C1 lcov parses and annotates: executed -> covered+hits, instrumented-but-idle -> covered:false, unseen file untouched (0.972ms)
✔ C2 istanbul/c8 JSON parses to the same shape (0.165792ms)
✔ C3 the CLI annotates a graph on disk and explain/tests/context surface the facts (219.132291ms)
✔ C4 refresh drops stale coverage annotations and says how to restore them (282.597084ms)
✔ C5 dogfood: Node's own lcov reporter output annotates a real codeweb graph (270.808875ms)
✔ C1: the trust/offer line answers cost + safety at every ask (3.569375ms)
✔ C3: peak conviction has an ask — demo CTA and report footer (0.316625ms)
✔ C4: the install chooser is labeled by situation, and the npx form is the cheap one (0.153ms)
✔ C5: the one hard requirement (Node >= 22) is stated at the README install decision (0.152334ms)
✔ C7: MCP is expanded at first use (0.14375ms)
✔ C8: start.html shows the payoff — the map, the ~3 s, and what success looks like (1.145292ms)
✔ C9: the closing sells the human, in plain words, without a 0-star star-beg (0.15075ms)
✔ C6: the tool wall opens with a job-framed index (0.151333ms)
✔ cold run: ONE batched ctags process (-L -) serves every file (402.654875ms)
✔ untouched warm run: zero ctags processes (stamp tier) (116.164458ms)
✔ warm run with one changed file: one PER-FILE spawn, not a whole-repo batch (201.334041ms)
✔ DC-MEMBERSHIP: safe == inline-recomputed (orphans − test-targeted − entrypoints) over random graphs (2068.079667ms)
✔ DC-FIXTURE: test-targeted/entrypoint/test-file-defined -> review, plain orphan -> safe (51.738084ms)
✔ DC-COPY: text heading hedges up front and shows the suppress door (53.256667ms)
✔ DC-DETERMINISTIC: identical input -> identical stdout (111.662167ms)
✔ DC-SCOPE: non-product orphans are excluded by default with counts; --all restores them (103.247375ms)
✔ DC-MANIFEST: a file named by package.json main/bin is review-tier, never safe (60.210292ms)
✔ DC-CLOSURE: a function inside a reachable parent span is review-tier (closure-reachable) (79.681584ms)
✔ D1: fewer than two graph args prints usage to stderr and exits 2 (52.475667ms)
✔ D1b: a missing graph file exits 2 with a clear message (no raw stack) (55.987834ms)
✔ D5: identical snapshots -> empty deltas, ok:true, exit 0 (49.658625ms)
✔ D3: adds a cycle + duplicate + a brand-new orphan node -> cycle & dup are regressions; new node is NOT (67.725334ms)
✔ D3b: an EXISTING node that loses its only caller is a regression (ok:false, exit 1) (49.624208ms)
✔ D4: the reverse diff (pure removals) is NOT a regression -> ok:true, exit 0 (47.858542ms)
✔ D-overlap-identity: the same finding with a different id/title is NOT added or removed (48.586834ms)
✔ D-sparse: graphs missing top-level arrays normalize instead of crashing (50.506167ms)
✔ D6: --json output is byte-stable and the CLI actually ran (not a vacuous pass) (113.0595ms)
✔ D-RENAME-PIN-inplace: same file, new name, same body -> renamed (not delete+add) (52.352083ms)
✔ D-RENAME-PIN-move: same label, moved file, same body -> renamed via the sameLabel path (60.187083ms)
✔ D-RENAME-PIN-submatch: a genuinely different body (sim < 0.85) is NOT a rename (48.66225ms)
✔ D-RENAME-PIN-spanshape: unreadable bodies fall back to same-file span-shape (sim null) (56.441ms)
✔ D-RENAME-LONGBODY: an obvious >400-line rename still detects under the body cap (69.012333ms)
✔ D-RENAME-CAP: >200 on a side skips detection with an additive renameCheck marker (empty side gets none) (109.601ms)
✔ D-RENAME-CAP-text: the cap-trip prints one text-mode line naming the skip (53.734833ms)
✔ ac_16: diagnostics from the installed front door are read-only and name exact missing-map repair arguments (84.97325ms)
✔ ac_16: diagnostics distinguish stale, unstamped, invalid, and unavailable-source graphs without changing them (148.868292ms)
✔ ac_16: directory discovery and explicit workspace override are visible (178.419041ms)
✔ IOV-DETECTS: a changed symbol that copies an existing body is reported (sim >= high) (0.972583ms)
✔ IOV-BOUNDARY: detection happens iff body-Jaccard >= high, across the whole 0..1 range (21.97625ms)
✔ IOV-REFLEXIVE-EXCLUDED: over random multi-symbol graphs, a symbol never dups itself (2.692209ms)
✔ IOV-THRESHOLD: a distinct body (sum) is not flagged as a duplicate of anything (0.425833ms)
✔ IOV-DETERMINISTIC: same input -> same output (sorted) (1.438791ms)
✔ IOV-MATCHES-FINDSIMILAR: top dupOf equals find-similar.mjs top match (one truth, {root} mode) (67.721916ms)
✔ DUP-GATE-DETECTS: review --before --gate on the file that added a clone -> newDuplications + exit 1 (62.058292ms)
✔ DUP-GATE-CLEAN: changing a non-duplicating file reports no newDuplications and passes the gate (54.198875ms)
✔ DUP-GATE-THRESHOLD: a ~50%-similar edit is below the high bar -> not flagged, gate stays green (51.980541ms)
✔ IOV-PIN-26: >400-line pool body (capped), unreadable body, and no-match are pinned (4.871959ms)
✔ DC-SIDECAR-EQ: sidecar-fresh ≡ live byte-identical (CRLF + >400-line pool bodies); stale/v1 rejected; missing id still found; changed ids shingle live (15.4255ms)
✔ DC-PREFILTER-EXACT: prefiltered results == filterless oracle on random pools (40 cases) (10.502792ms)
✔ ED-IDFILE: idFile splits a node id on its last colon (paths use / , label after last :) (1.09125ms)
✔ ED-PRECEDENCE: alias > same-file > unique-in-package (3.673916ms)
✔ ED-AMBIGUOUS: two in-package defs of the same name drop (ambiguous counted) (0.12825ms)
✔ ED-KEYWORDS: a language keyword call-shape produces no edge (0.099083ms)
✔ ED-TESTKIND: a test-file caller of a prod symbol reclassifies to a test edge (0.288125ms)
✔ ED-RBPHP-FILTER: a Ruby/PHP bare name never reaches another file owner-qualified method (1.381167ms)
✔ ED-LEGACY-FALLBACK: both states — off drops ambiguous, on wires defs[0] (0.154542ms)
✔ ED-NSALIAS: ns-alias member + .call/.apply chain resolves via resolveFileMember (0.242125ms)
✔ ED-SELF-SUPPRESS: self-call and same-decl-line call produce no edge (0.28275ms)
✔ ED-CLOSURE-LOCAL: a bare name never resolves to a closure-local target in another file (0.123458ms)
✔ ED-RETURN-SHAPE: return carries edges/hasModule/ambiguous/short/cand (1.116541ms)
✔ PUB-WALK: entry-reachable exports (direct + through a re-export chain) are stamped (0.306583ms)
✔ PUB-WALK: no manifest / no entry -> empty stamp set (no fs in the lib) (0.048708ms)
✔ TYPED-INTENTS: a receiver class resolving to exactly one file wires; ambiguous/absent drop (0.167583ms)
✔ TYPED-INTENTS: ambiguous class (two defining files) drops (0.065833ms)
✔ TYPED-INTENTS: a test-file caller reclassifies to a test edge (0.050917ms)
✔ ac_15: baseline captures refreshed source and survives refresh/snapshot; verification sees later edits (629.423ms)
✔ ac_15: invalid baselines fail before mutation; failed extraction preserves a previous baseline (305.673833ms)
✔ ac_15: queued MCP begin/verify is ordered; background refresh preserves baseline and verification finds a regression (1193.991667ms)
✔ ac_15: a dropped overlap set is not a clean duplication check or a claimed fix (0.690583ms)
✔ ac_15: review identifies unevaluated structure and unavailable duplication evidence (50.449ms)
✔ frozen truth (args.truth) SKIPS the oracle and runs reps with a paired-delta mean +/- SD headline (3.979583ms)
✔ args delivered as a JSON STRING is parsed (regression: must not silently fall back to the oracle) (0.516458ms)
✔ M1: args.root repoints every prompt path — the harness is portable (Spec M) (0.715292ms)
✔ M1b: defaults unchanged without args.root (backward compatible) (0.37725ms)
✔ M2: args.budgeted flips the treatment arm to MCP-parity budgeted consumption (Spec M) (1.054833ms)
✔ M3: the graph pre-flight proves truth ids resolve — exit 2 when one does not (Spec M) (603.8075ms)
✔ without args.truth the per-run oracle IS spawned (backward compatible) (0.558125ms)
✔ parseLabel maps control/treat labels to arm + task + rep (and rejects others) (1.526833ms)
✔ stat returns mean / sample-SD (n-1) / n, matching the harness aggregation (0.132375ms)
✔ aggregateUsage computes the paired-delta headline (mean +/- SD over reps) per metric (0.432333ms)
✔ CLI joins a Workflow journal to transcripts and writes a paired-delta usage.json (55.726542ms)
✔ E1 given an empty directory, extract exits 1 and says no supported source was found (92.573375ms)
✔ E2 given only unsupported files, extract exits 1 with the same guidance (126.206333ms)
✔ E3 given --allow-empty, an empty target extracts an empty fragment and exits 0 (106.221584ms)
✔ E4 given supported files that define no symbols, extract exits 1 and says so (114.939417ms)
✔ E5 given an empty target, run.mjs aborts at extract with the message visible (138.657417ms)
✔ E6 given --allow-empty, run.mjs completes the pipeline on an empty target (395.044833ms)
✔ E7 given a nonexistent target, run.mjs exits 2 and leaves NO .codeweb behind (47.39625ms)
✔ ENC-PROP: innermost index equals the linear enclosing() scan on every line (5.623ms)
✔ ENC-PROP: owner stack equals the :422 class-owner scan over a line-sorted build loop (3.665208ms)
✔ ENC-GOLD: regex-tier owner-qualified ids unchanged on nested/adjacent/same-line class shapes (82.34075ms)
✔ ENC-GOLD-AST: default-engine ids add the tree-sitter method nodes (single-line bodies) (118.309417ms)
✔ ENC-BIG: single big-file extract is deterministic byte-for-byte (739.696541ms)
✔ CA1 (c): a bound function-pointer table wires the call to its implementation (208.3855ms)
✔ CA2 (c): an UNBOUND receiver wires nothing — a pointer parameter is not evidence (111.941167ms)
✔ CA3 (c): a field bound TWO ways in one file is ambiguous — neither wires (122.323583ms)
✔ CA4 (c): the tier adds EDGES only — node sets are identical across engines (197.81375ms)
✔ CA5 (c): the C fixture holds under CODEWEB_ENGINE=tree-sitter (118.089958ms)
✔ CA6 (c++): the C++ fixture holds under CODEWEB_ENGINE=tree-sitter (155.14475ms)
✔ CA5 (c): the C fixture holds under CODEWEB_ENGINE=regex (73.585917ms)
✔ CA6 (c++): the C++ fixture holds under CODEWEB_ENGINE=regex (100.111834ms)
✔ CA7: the tree-sitter run never claims a tier it did not use (102.842167ms)
✔ X1 (c++): unique typed-receiver dispatch resolves cross-file with the AST tier only (265.753208ms)
✔ X1b (c++): a NAMESPACE-QUALIFIED parameter type dispatches on its tail (156.005584ms)
✔ X1c (c++): a class SPLIT across header and .cpp is one class, not an ambiguity (146.90575ms)
✔ X2 (c++): an ambiguous receiver class wires NOTHING (150.233625ms)
✔ X3 (c++): this-calls resolve in-file; the node set is identical across engines (257.245875ms)
✔ T1 (java): unique typed-receiver dispatch resolves cross-file with the AST tier only (207.523334ms)
✔ T2 (java): an ambiguous receiver class wires NOTHING (104.318416ms)
✔ T3 (java): this-calls resolve in-file; the node set is identical across engines (173.415958ms)
✔ T1-cs (c#): typed-receiver dispatch, Allman style (221.164042ms)
✔ C1: functions are extracted from .c and .h with C linkage as the export rule (46.8625ms)
✔ C2: a cross-file call through a header resolves to the definition (18.91775ms)
✔ C3: #include "…" becomes an import edge to the header module (19.156292ms)
✔ C3b: system includes and unresolvable headers are dropped, never guessed (18.078333ms)
✔ C4: a struct of function POINTERS mints no symbols and guesses no call (19.286667ms)
✔ C5: control flow, macros and casts never become phantom symbols (19.618667ms)
✔ C6: a .h holding a real definition is scanned like any other translation unit (22.444416ms)
✔ C7: SRC_RE and langOf agree on the C extension family (and C++ is untouched) (0.147ms)
✔ C8: a mixed C and C++ tree reports both languages, each with its own rules (24.387542ms)
✔ EX-CX-PRESENT: every function/method node carries integer complexity (>=1) and maxDepth (>=0) (129.625125ms)
✔ EX-CX-VALUES: a straight-line fn is complexity 1; a branchy fn is clearly higher (141.040333ms)
✔ EX-CX-MATCHES-LIB: graph complexity == lib/complexity.cyclomatic of the real body lines (136.407583ms)
✔ EX-CX-ONLY-CALLABLE: class and module nodes carry no complexity field (145.076125ms)
✔ CPP1: classes, in-class methods, out-of-line methods, and namespace-scope functions (50.870041ms)
✔ CPP2: prototypes are not symbols — a declaration and its definition never collide (26.803959ms)
✔ CPP3: cross-file call edges resolve to the definition (18.449209ms)
✔ CPP4: #include "…" becomes an import edge to the header module (14.810167ms)
✔ CPP4b: the include/ + src/ split resolves — the dominant real-world C++ layout (18.491083ms)
✔ CPP4c: an AMBIGUOUS basename is dropped — a guess is worse than an absent edge (23.170541ms)
✔ CPP5: angle-bracket and unresolvable includes are dropped, never guessed (21.501875ms)
✔ CPP6: control flow, lambdas and statements never become phantom symbols (21.018708ms)
✔ CPP7: meta.languages reports cpp for every C++ extension (18.847291ms)
✔ CPP8: SRC_RE and langOf agree on the C++ extension family (0.123375ms)
✔ forced --engine regex: no complexityEngine field (output shape unchanged) (0.417959ms)
✔ default (no flag) = tree-sitter when installed, regex fallback otherwise (0.133334ms)
✔ tree-sitter run: exact complexity + meta records the pinned engine (0.063542ms)
✔ the opt-in demonstrably changes behavior: regex diverges from exact on the marked symbols (0.063083ms)
﹣ graceful fallback: with the engine unavailable, --engine tree-sitter == regex output (0.0465ms) # engine available — fallback path not exercised here
✔ unknown --engine exits 2 with the valid set; --engine regex still works (135.175ms)
✔ tree-sitter: method node ids are class-qualified; class/function ids stay bare (0.234666ms)
✔ tree-sitter: dynamic-dispatch call edges (this.* + typed receiver) are wired (0.482666ms)
✔ default (regex) run: method ids match the tree-sitter qualification scheme; still NO dispatch edges (0.082458ms)
✔ Go: func/method/struct/interface become nodes with the right kind and Go visibility (42.764875ms)
✔ Go: in-body calls wire by name (with ambiguity drop) (17.813208ms)
✔ Go: meta.languages reports go (28.595416ms)
✔ Java: types/methods/constructors with visibility, owner-qualified ids, no control-flow phantoms (103.576792ms)
✔ Java: FooTest.java and src/test/ classify as test role (100.755ms)
✔ C#: Allman-brace + expression-bodied members, owner-qualified, base-list inherit, no phantoms (117.783834ms)
✔ C#: .csproj marks a package boundary (no cross-project bare-name edges) (131.183291ms)
✔ (a) decl-line magnet: `function metrics(g) {` fabricates no ref to a test-file g (114.12925ms)
✔ (a-inv) test -> product survives, relabeled kind `test` (the gate is one-directional) (100.566375ms)
✔ (b) body param shadow: `walk(rel)` using `rel` never falls back to a global rel() (97.450584ms)
✔ (c) short-name guard: a free-floating 1-char bare ref is dropped and counted (110.553584ms)
✔ (e) python: __init__ param shadows a module symbol inside __init__ only (99.534542ms)
✔ (f) closure-local magnet: loop-var `dep` never ref-resolves into another file's closure (127.626334ms)
✔ (d) suppression is per-binding: f(map) loses the edge, sibling h() keeps it (109.967375ms)
✔ Rust: fn/struct/impl-method become nodes with the right kind and exports (54.563292ms)
✔ Rust: in-body calls wire by name (with ambiguity drop) (16.641416ms)
✔ Rust: meta.languages reports rust (16.942792ms)
✔ discovers every symbol (9 across 8 files) (59.692042ms)
✔ FIX: ambiguous multi-def bare call is dropped, not wired to a global def (20.051833ms)
✔ LEGACY toggle restores the pre-fix byName[0] wiring (fix is load-bearing) (20.9255ms)
✔ same-file definition resolves authoritatively (27.915417ms)
✔ single-def bare name still falls back to the one global def (19.622333ms)
✔ imported symbol resolves to the imported target, beating both drop and byName[0] (22.690292ms)
✔ meta block is the single source of truth for the target (23.994917ms)
✔ extract-symbols writes output when invoked through a symlinked script path (128.823209ms)
✔ symlinked and real invocation paths produce the same fragment (202.192125ms)
✔ body spans survive multi-line template literals with braces (no more swallowed neighbors) (51.141959ms)
✔ nodes carry a role derived from their path (23.950834ms)
✔ bare-name resolution stays inside a package boundary (no cross-package collision edges) (40.825542ms)
✔ class-field arrow methods: discovered inside a class (qualified), NOT outside one (25.479084ms)
✔ v9: `export * from` barrel chains resolve to the real symbol (no swallowed edges) (26.697708ms)
✔ FS-ORACLE: reported sims + ranking match the independent shingler over random bodies (40 cases) (2111.506458ms)
✔ FS-DOGFOOD: the shared shingler is byte-stable (keywords + strings/comments handled) (0.271084ms)
✔ FS-SELF: an exact-body candidate self-matches at sim 1.0, ranked first (52.864791ms)
✔ FS-NEGATIVE: no reported match has sim < 0.15 (1143.551625ms)
✔ FS-BOUNDED-K: --k truncates to the top-K (49.203208ms)
✔ FS-TRUE-TOTAL: count is the pre-cap match total; more.remaining marks the k-cap (128.243709ms)
✔ FS-DETERMINISTIC: identical inputs → identical stdout (98.568375ms)
✔ SC3: missing meta.root → exit 2 with an explicit reason (48.043292ms)
✔ usage: no --body/--stdin/--signature → exit 2 (51.145625ms)
✔ FS-SIDECAR: sidecar path == live path byte-for-byte; stale sidecar falls back (290.030291ms)
✔ find: ranks the product symbol first and says why (165.328667ms)
✔ find: multi-term coverage beats single-token hits; stemming bridges morphology (286.944542ms)
✔ find: budgeted output with true totals; usage errors are actionable (199.672917ms)
✔ find over MCP: 23rd+ tool, served in-process from the cached graph, budgeted (153.073042ms)
✔ FR1: marketplace.json exists and satisfies the marketplace-add contract (0.82625ms)
✔ FR2: bare run maps the current directory into ./.codeweb; usage states both defaults (492.110709ms)
✔ ac_17 FR3: the first-run banner leads with the result and a next: block — no fossil strings (400.209833ms)
✔ FR4: overlap, optimize, and build-report print one findings vocabulary (415.164208ms)
✔ FR5: an empty map is announced as EMPTY; the empty-target error routes to the agent fallback (605.221416ms)
✔ FR6: bin wrappers guard the Node version and forward faithfully (102.709083ms)
✔ FR7: the result block rides stdout (2>/dev/null-surviving); stage progress stays off it (501.243708ms)
✔ FR8: --json emits exactly one parseable line on stdout with the five keys — no text block (461.618167ms)
✔ FR9: a memo-reuse run still prints the done line on stdout, and --json says reused:true (798.838291ms)
✔ ac_17: README and agent rules preserve the baseline through repair (1.66175ms)
✔ ac_17: the published cycle commands find the caller, go red, then repair to green (1092.676125ms)
✔ FR-FORBIDDEN-SOUND: forbidden-dependency violations == inline edge filter (40 cases) (2045.224875ms)
✔ FR-LAYER: layer violations == inline upward-edge filter (1132.822959ms)
✔ FR-FANIN: max-fan-in violations == inline callIn count over the limit (66.641042ms)
✔ FR-CYCLE-AGREE: no-cycles flags a real cycle (with files) and passes a clean graph (113.27275ms)
✔ FR-EXIT: error->exit 1, warning->exit 0; unknown rule type -> exit 2 (136.2865ms)
✔ F1: MCP simulate on an unknown symbol never returns an empty success (127.646667ms)
✔ F1: simulate-edit --json emits found:false JSON on stdout for an unknown symbol (63.542292ms)
✔ F2: required-arg errors distinguish missing / wrong type / empty (51.744458ms)
✔ F3: garbage/negative limit, offset, window are errors — never a silently-disabled budget (65.13025ms)
✔ F4: a misconfigured fitness rule dies at load — the gate never passes while checking nothing (217.545875ms)
✔ F5: a roles-only codeweb.rules.json is "0 rules configured", not a rejection (42.825458ms)
✔ F6: a malformed target rules file names itself; an unknown top-level key warns (161.901584ms)
✔ F7: release.mjs — --help works, unknown flags die, --version is semver-validated (132.499584ms)
✔ F8: reading-order rejects an invalid --scope kind with the valid set (40.961875ms)
✔ F9: run.mjs --coverage validates the path before any stage runs (53.515458ms)
✔ F10: --help documents every real flag on the advisors that hid theirs (175.538666ms)
✔ F11: codeweb_review stops advertising params that do nothing (56.110583ms)
✔ F12: codemod infers the survivor when into is omitted; fitness discovers its rules file (122.282458ms)
✔ F13: near-miss suggestions catch a 1-2 edit typo (0.973125ms)
✔ F14a: codemod usage brackets --into as optional (49.831875ms)
✔ F14c: CLI negative --limit dies at parse, matching the MCP clamp (53.899416ms)
✔ API F4: an unknown argument key is rejected naming the near-miss, never silently ignored (54.3835ms)
✔ API F4: boolean params validate like numerics — full:"false" means FALSE, garbage errors (56.839708ms)
✔ API F4: reading_order scope without value is a correction, not a silent whole-repo answer (111.0855ms)
✔ API F5: context `bodies` owns caller rendering; `full` stays the unabridged-list switch (63.560791ms)
✔ F0-EQUIV: cache-extract ≡ full-extract after edits; F0-ONLY-CHANGED: scans == changed files (413.35325ms)
✔ F0-CACHE-NEUTRAL: --cache vs no-cache → identical fragment on the same tree (248.644917ms)
✔ SC3: refresh updates nodes+edges, re-attaches domain by id, drops overlaps (433.867666ms)
✔ F10-STAMP: no-change warm scans zero files; CODEWEB_VERIFY_FRESHNESS=1 restores the hash path (459.431666ms)
✔ F4-VERIFY: mtime-preserving content change is invisible to stat-only, caught by verify tier (137.332708ms)
✔ SC3: refresh with missing meta.root → exit 2 (55.768416ms)
✔ README puts the gate lead between the identity line and any map-led narrative (0.646542ms)
✔ the README gate lead states the verdict, its three blockers, and its token cost (0.34225ms)
✔ README gates every pull request before it explains the graph internals (0.211084ms)
✔ README carries a free-forever boundary section linking the published boundary page (0.28425ms)
✔ the identity line stays verbatim on all four enforced surfaces (0.722833ms)
✔ the built homepage hero renders the identity line verbatim (0.154792ms)
✔ the homepage leads with the gate and demotes the live map below it (0.133333ms)
✔ the homepage gate story states its blockers, its cost, and where it runs (0.117458ms)
✔ the homepage hero still carries its conversion rails after the reorder (0.10425ms)
✔ gate-md: clean diff renders the one-glance summary, no blocking section (0.581125ms)
✔ gate-md: caps every list and says what was dropped (0.605791ms)
✔ gate-md: lost-callers excludes brand-new and renamed-to symbols; renames show similarity (0.122084ms)
✔ ac_13: evidence links use graph lines, analyzed commit and target; guidance distinguishes unknown callers (0.219833ms)
✔ ac_13: evidence is bounded and escaped; unsafe paths and link contexts stay plain text (0.163291ms)
✔ ac_13: local comments use file:line and missing evidence never invents a confidence (0.086042ms)
✔ GV-PREFLIGHT: exemptExported:false is structuralRegressions, id-for-id, over random pairs (6.072791ms)
✔ GV-GATE: exemptExported:true agrees with the shipped diff verdict over random pairs (4.335959ms)
✔ GV-DIVERGENCE: an exported symbol losing its last caller — preflight blocks, gate exempts but LISTS it (0.600875ms)
✔ GV-SIMULATE-TEXT: simulate speaks for its own check, not the gate (COPY.md #2) (158.457417ms)
[golden] SKIP — golden target not on disk: D:/GitHub Projects/ecc-test/plugins/marketplaces/ecc/scripts (set CODEWEB_GOLDEN_TARGET)
﹣ the extractor parses the full target into a substantial graph (0.26125ms) # golden target not on disk: D:/GitHub Projects/ecc-test/plugins/marketplaces/ecc/scripts (set CODEWEB_GOLDEN_TARGET)
﹣ FIXED: no `log` super-hub — max log in-degree genuine (<60), discord:log single-digit (0.050125ms) # golden target not on disk: D:/GitHub Projects/ecc-test/plugins/marketplaces/ecc/scripts (set CODEWEB_GOLDEN_TARGET)
﹣ LEGACY toggle is load-bearing — fabricates the dropped edges back (0.046291ms) # golden target not on disk: D:/GitHub Projects/ecc-test/plugins/marketplaces/ecc/scripts (set CODEWEB_GOLDEN_TARGET)
✔ every vendored grammar matches its recorded sha256 (15.176083ms)
✔ every recorded digest has its wasm on disk (no phantom rows) (0.206042ms)
✔ the runtime version the table pins is the one package.json declares (0.199917ms)
✔ normalizeGraph fills sane defaults (mirrors build-report) (1.095416ms)
✔ buildIndex separates call adjacency from any-incoming (call|import) (0.624292ms)
✔ resolveSymbol: exact id wins; else all label matches (sorted); else [] (0.095375ms)
✔ callersOf / calleesOf use only call edges, sorted + unioned (0.094ms)
✔ impactOf is transitive, excludes seeds, and terminates on self-loops (0.221833ms)
✔ fileCycles: file-level SCCs (>=2), sorted + deterministic; same-file self-call ignored (0.221583ms)
✔ orphans: zero incoming (call|import) AND not exported (0.108125ms)
✔ structuralRegressions: a surviving node that loses its only caller is a lostCaller; a deleted one is not (0.16925ms)
✔ structuralRegressions: a file cycle present only in after is a newCycle (0.117542ms)
✔ structuralRegressions (property): lostCallers ⊆ surviving before-nodes, newCycles ∉ before-cycles (14.009125ms)
✔ finding 9: allBlastCounts / impactCountOf agree with per-node impactOf on random graphs (9.601292ms)
✔ runNodeAsync: runNode contract parity — exit status + captured stderr, no rejection (46.142084ms)
✔ runNodeAsync: two awaited-in-parallel 400 ms children overlap (wall < 750 ms) (444.443666ms)
✔ SRC_RE matches every C/C++ extension the extractor claims (0.747667ms)
✔ pre-edit hook: a .c edit produces the same class of card as a .js edit (792.932292ms)
✔ pre-edit hook: the .c card ships on the same structured channel, still advisory (469.95525ms)
✔ post-edit hook: a cycle introduced by a .c edit is flagged, as it is for .js (1164.970333ms)
✔ P1: map writes index-lite.json; hook output byte-identical from sidecar vs graph (395.372958ms)
✔ P2: stale or corrupt sidecar falls back to the graph path silently (437.010208ms)
✔ P3: the sidecar is slim relative to the graph (428.091959ms)
✔ ac_18: shipped hooks use the documented configuration shape and retain all handlers (0.8725ms)
✔ HOT-WEIGHTS: weights are non-negative and sum to 1 (so score in [0,1]) (0.402375ms)
✔ HOT-WEIGHTED-BLEND: score is the graph-max-normalized weighted sum of the components (0.106333ms)
✔ HOT-ZERO: zero maxes never produce NaN (empty/degenerate graphs) (0.055791ms)
✔ HOT-DOMINANCE: dominating a symbol on every component never ranks below it (1.197541ms)
✔ HOT-RANK: rankHotspots sorts by score desc, ties by id; deterministic; no NaN (1.138375ms)
✔ HOT-CLI: hotspots.mjs --json ranks symbols with components (63.713125ms)
✔ HOT-SCOPE: non-product symbols are excluded by default, counted, and restored by allRoles (0.484125ms)
✔ HL-CX: cyclomatic on a 9,000,000-char string literal returns 1 (no RangeError) (30.736916ms)
✔ HL-RB: maskRuby on a 9,000,000-char double-quoted string returns (no RangeError) (9.632416ms)
✔ HL-RB-ESC: maskRuby survives the escape-heavy adversarial shape (2M escaped quotes) (13.71225ms)
✔ HL-EQ: old and unrolled regexes replace identically over 5,000 seeded strings, per site (32.334333ms)
✔ HL-SHIPPED: the shipped sources contain exactly the unrolled regexes the property tested (0.495375ms)
✔ HL-BELT: an internal throw degrades cyclomatic to 1 and nestingDepth to 0 (0.091833ms)
✔ HL-E2E (default engine): 9MB single-line string no longer kills the extract (717.164583ms)
✔ HL-E2E (regex engine): 9MB single-line string no longer kills the extract (324.425209ms)
✔ python: same-named methods across two classes get class-qualified, distinct ids (42.497583ms)
✔ go: same-named methods across two receivers get receiver-qualified, distinct ids (24.366209ms)
✔ rust: same-named fns across two impl blocks get impl-type-qualified, distinct ids (19.630708ms)
✔ js (regex tier): same-named methods across two classes get class-qualified, distinct ids (32.333167ms)
✔ a call from inside a method is attributed FROM the qualified method id (31.288875ms)
✔ PRECISION: an importer that never touches the anchor is NOT a dependent of it (50.042209ms)
✔ the coarse module-import edge is redirected to the target <module> node (21.677916ms)
✔ RECALL: real member-access dependencies are still precise (17.012875ms)
✔ DEPENDENTS: --dependents of the anchor excludes the non-user, includes the real user (77.250791ms)
✔ a default import of a single-symbol class lands the coarse edge on the CLASS (42.441125ms)
✔ the default-export import edge is NOT routed to <module> when a single symbol exists (14.512084ms)
✔ DEPENDENTS: the importer is a dependent of the class even without a detected call (75.557708ms)
✔ RECALL: a namespace/default-import member call resolves to the imported symbol (44.02925ms)
✔ RECALL: default-import construction (new Widget()) resolves to the class (36.751375ms)
✔ RECALL: a static member call on a default-import alias resolves (Widget.from()) (24.904ms)
✔ PRECISION: a param obj.merge() does NOT fabricate an edge to the imported merge (22.050208ms)
✔ DEPENDENTS: --dependents is a superset of --callers and includes the member-access caller (116.23125ms)
✔ i1: `.js` specifier disambiguates between two same-named `.ts` exports (ext remap) (122.572375ms)
✔ i2: `import * as u from "./util.js"` binds the namespace to util.ts (member call edges) (115.066417ms)
✔ i3: re-export chain through a `.js`-specified barrel resolves + barrel dependent edge (113.254875ms)
✔ i4: `.mjs`->`.mts` remap and `/index.tsx` index candidates resolve (120.37025ms)
✔ i5: pub-entrypoint walk follows main "./src/index.js" to src/index.ts (mirrored list) (108.753583ms)
✔ i6: when BOTH dual.js and dual.ts exist, the literal on-disk .js wins (Node semantics) (103.906375ms)
✔ PRECISION: a bare object-default alias reference does NOT resolve to the anchor (63.202083ms)
✔ RECALL: member access on the object alias still resolves (23.74225ms)
✔ IE-INPROC-PARITY: in-process runExtract fragment byte-equals the spawned CLI stdout (149.5945ms)
✔ IE-COLD-PARITY: cold cache == no-cache == --full (caching changes nothing cold) (74.38975ms)
✔ IE-INCREMENTALITY: a pure body edit re-edges only the changed file AND still equals cold full (129.490583ms)
✔ IE-INCREMENTALITY (kill-switch leg): CODEWEB_NAME_DELTA=0 restores the wholesale mechanism verbatim (55.207959ms)
✔ IE-BIND-COUPLING: rensym of an IMPORTED name re-edges the importer (the aliased-import trap) (50.704084ms)
✔ IE-REX-FLIP: retargeting a re-export barrel re-aims the consumer edge (warm == cold) (63.489917ms)
✔ IE-DANGLING: deleting a file that another file imports leaves no dangling edge (warm == cold) (53.42825ms)
▶ IE-EQUIVALENCE: warm incremental == cold full, for random mutation sequences
  ✔ trial 0 (693.029209ms)
  ✔ trial 1 (710.791333ms)
  ✔ trial 2 (883.88125ms)
  ✔ trial 3 (435.72925ms)
  ✔ trial 4 (820.126ms)
  ✔ trial 5 (1013.341791ms)
  ✔ trial 6 (351.7125ms)
  ✔ trial 7 (507.172625ms)
  ✔ trial 8 (687.487ms)
  ✔ trial 9 (452.993458ms)
✔ IE-EQUIVALENCE: warm incremental == cold full, for random mutation sequences (1763.633458ms)
✔ JS: `class X extends Y` emits an inherit edge X -> Y (alias-resolved across files) (58.003041ms)
✔ JS: a same-file `extends` resolves (22.381334ms)
✔ Python: `class X(Y)` emits an inherit edge (19.587792ms)
✔ an extended base class is NOT a dead-code orphan (17.916542ms)
✔ --impact of a base class includes its subclass (inherit reverse-reachability) (21.325916ms)
✔ imported json files become <module> nodes; orphans never do (46.802333ms)
✔ every import form wires the file-level edge with the right kind (29.42525ms)
✔ mapped json files are stamped into meta.sources; languages gains json (19.931208ms)
✔ a json edit after mapping is flagged stale (the map admits it is behind) (19.411917ms)
✔ json is never parsed: a syntactically broken json file still maps identically (20.660125ms)
✔ fragment is deterministic run-over-run (44.726375ms)
✔ a json-only tree still refuses to masquerade as a map (json is a tier, not a language) (73.721875ms)
✔ pre-edit hook speaks for an imported json file, byte-identical sidecar vs graph (578.050709ms)
✔ python: dispatch wires self+typed calls, drops ambiguity, keeps engines node-identical (315.830166ms)
✔ python: two same-named owners -> the typed call is dropped and counted, never guessed (108.633333ms)
✔ go: dispatch wires self+typed calls, drops ambiguity, keeps engines node-identical (283.341959ms)
✔ go: two same-named owners -> the typed call is dropped and counted, never guessed (95.008458ms)
✔ rust: dispatch wires self+typed calls, drops ambiguity, keeps engines node-identical (331.740625ms)
✔ rust: two same-named owners -> the typed call is dropped and counted, never guessed (95.596209ms)
✔ ruby: dispatch wires self/implicit/typed calls; engines stay node-identical; deterministic (314.215334ms)
✔ php: dispatch wires self/implicit/typed calls; engines stay node-identical; deterministic (333.372583ms)
✔ php: two same-named owners -> the typed call is dropped, never guessed (112.568125ms)
✔ ruby: a bare identifier (not a call node) never wires; cross-class names never wire implicitly (115.185792ms)
✔ ruby: classes, owner-qualified methods, self methods, top-level defs, calls, spec role (89.922209ms)
✔ php: classes + visibility-as-export methods, functions, calls, test role (85.448834ms)
✔ kotlin: classes/objects, methods, expression-bodied funs, internal/private visibility (89.774ms)
✔ swift: structs/classes/extensions, methods, public/open visibility, Tests role (88.446416ms)
✔ determinism: all four languages, two runs, byte-identical fragments (179.311375ms)
✔ LR1: scanSymbols — JS functions/classes/methods/field-arrows, in-process (1.496375ms)
✔ LR2: scanSymbols — Python defs inside docstrings are masked away (0.585375ms)
✔ LR3: scanSymbols — Rust impl owners and Go receivers qualify methods (0.497375ms)
✔ LR4: bodyEnd — brace matching survives destructured params; Python dedents (0.219875ms)
✔ LR5: parseSignature — declaration and arrow forms, NBSP whitespace preserved (0.280167ms)
✔ LR6: shared tables — KEYWORDS filters control flow; langOf keys the meta vocabulary (0.160833ms)
✔ IR1: re-export chain — renamed barrel export resolves to the real symbol, in-process (1.041834ms)
✔ IR2: bindFileImports — a named import through the barrel binds the alias and the edge (0.6105ms)
✔ IR3: Python re-export table — pkg/__init__ from-import chains to the defining module (0.36275ms)
✔ IR4: defaultExportOf — single-symbol defaults resolve, object defaults do not (0.319167ms)
✔ product.json is the canonical language list — thirteen, C and C++ included (0.71825ms)
✔ commands/codeweb.md names every one of the thirteen native languages (0.592417ms)
✔ skills/codebase-anatomy/SKILL.md names every one of the thirteen native languages (0.120125ms)
✔ skills/codebase-anatomy/references/engine-detection.md names every one of the thirteen native languages (0.09875ms)
✔ README names every native language in its fast-path and roadmap lists (0.180209ms)
✔ the extension README covers C and C++ at the canonical count (0.1675ms)
✔ no live surface still claims eleven languages (historical records exempt, and proven so) (18.731417ms)
✔ the sweep actually reads the surfaces it claims to (non-vacuity) (3.080208ms)
✔ the walk emits separator-independent keys, so the exemptions apply on every platform (3.777417ms)
✔ the built site renders all thirteen languages, not a stale snapshot (0.563625ms)
✔ the launch drafts are committed, with an index and a receipts table (0.859833ms)
✔ every draft in the directory is registered in the index with a channel and a status (0.482083ms)
✔ every artifact the drafts draw numbers from was regenerated inside the mission window (1.338208ms)
✔ the unstamped correctness receipt belongs to the same fresh run as the stamped ones (0.440208ms)
✔ the freshness gate does not depend on a gitignored file (30.659833ms)
✔ the receipts table names only artifacts that exist in the tree (0.571292ms)
✔ no unreceipted number appears in the launch drafts (1.264375ms)
✔ each receipted number still equals the value its artifact records (1.063875ms)
✔ every receipted number is actually used by a draft (the table cannot rot into fiction) (1.227667ms)
✔ the check count is derived from the receipts, not asserted against a remembered total (0.772708ms)
✔ all 32 pre-registered checks are recorded as passing (1.157083ms)
✔ no draft states a charter-barred claim (0.642ms)
✔ no draft names a rival product beside a number (0.488ms)
✔ the superseded pilot figures are not quoted as live results (0.214958ms)
✔ the Show HN title fits the channel limit (0.120666ms)
✔ each draft publishes the null alongside the passes (0.142625ms)
✔ each draft states the local-product invariants it is trading on (0.151666ms)
✔ the free-forever boundary is stated wherever the drafts mention the paid tier (0.176375ms)
✔ both launch pages ship as source pages AND as committed built output (0.813125ms)
✔ the LSP FAQ names the objection and answers it with the four things a one-hop lookup cannot do (0.463917ms)
✔ the gating answer cites a receipt that actually records the gate verdicts (1.510209ms)
✔ the LSP FAQ says the two compose rather than claiming a replacement (1.428041ms)
✔ the comparison page leads with the replicated recall result, at equal cost (0.404583ms)
✔ the comparison page publishes the token null instead of the superseded saving (0.344542ms)
✔ the comparison page renders the honesty ledger from product.json, not by hand (0.328958ms)
✔ neither page names a rival product — the contrast is against approaches and measured baselines (0.524459ms)
✔ every artifact path cited on the launch pages exists in the tree (0.365625ms)
✔ no unreceipted number appears in the authored launch-page copy (1.428042ms)
✔ each receipted number equals the value the committed artifact records (1.510292ms)
✔ the receipted numbers are actually on the pages (the map cannot rot into a fiction) (1.161458ms)
✔ both pages are registered in the PAGES table as listed pages (0.257375ms)
✔ both pages are in the committed sitemap (0.084666ms)
✔ the consistency sweeps cover both new pages (0.094333ms)
✔ both pages are one click from the live homepage, and the links resolve in docs/ (0.14975ms)
✔ the widened nav can shrink instead of pushing the CTAs off-screen (0.141083ms)
✔ the product page routes its LSP objection card to the full FAQ (0.072708ms)
✔ the charter records the divergence from COMPETITIVE.md Bet 1 rather than leaving it silent (0.142541ms)
✔ L1: warm cached run never initializes the AST engine and is byte-identical to cold (288.856083ms)
✔ L2: a warm cached run of a dispatch-tier language never re-initializes the engine (230.918333ms)
✔ L3: --engine regex reports ast: off and the regex cache namespace (112.298917ms)
✔ L4: probe version string equals the loaded engine version (12.910834ms)
✔ corpus sanity: fixtures + every scripts/lib module present (0.461875ms)
✔ P1 maskJs: per-line length preservation over the corpus, both modes (33.809083ms)
✔ P2 maskJs: default-mode idempotence over the corpus (55.955708ms)
✔ P1 maskPy: per-line length preservation over the corpus, both modes (86.827541ms)
✔ P2 maskPy: default-mode idempotence over the corpus (57.085916ms)
✔ P3 maskRuby: idempotence + line-count preservation over the corpus (7.675959ms)
✔ P4 maskAligned: every JS-family extension the extractor enumerates gets the aligned mask (0.280417ms)
✔ MASK-ID repo: maskJs is byte-identical to the frozen reference over every mask-eligible repo file (19515.485084ms)
✔ MASK-ID corpus: maskJs is byte-identical to the frozen reference over a loaded bench-corpus tree (77.440917ms)
✔ MASK-ID fixtures: adversarial shapes (regex, templates, expr nesting, escapes, PHP #) (0.264375ms)
✔ n1 (default/ast tier): nested-template text is prose — no docs -> fabricateMe; real caller survives (125.040083ms)
✔ n2 (default/ast tier): a `}` in nested template text does not invert state (0.729083ms)
✔ n3 (default/ast tier): escaped \` in template text stays text (0.1015ms)
✔ n4 (default/ast tier): string content inside ${} fabricates nothing (0.068417ms)
✔ n5 (default/ast tier): two-deep nesting keeps the middle expr live; regex beats backtick-push (0.06725ms)
✔ n1 (regex tier): nested-template text is prose — no docs -> fabricateMe; real caller survives (83.596666ms)
✔ n2 (regex tier): a `}` in nested template text does not invert state (0.313459ms)
✔ n3 (regex tier): escaped \` in template text stays text (0.252084ms)
✔ n4 (regex tier): string content inside ${} fabricates nothing (0.188167ms)
✔ n5 (regex tier): two-deep nesting keeps the middle expr live; regex beats backtick-push (0.931875ms)
✔ a quote inside a regex literal does not desync the mask: extent stays tight, no fabricated edge (46.644208ms)
✔ a backtick inside a regex literal does not flip template state: prose stays prose (0.429334ms)
✔ division is not lexed as a regex opener; regex after `return` is (0.167083ms)
✔ a {n} quantifier in a regex inside ${} does not corrupt interpolation brace matching (0.14325ms)
✔ self-map: complexity.mjs yields its known same-file edges (26.755625ms)
✔ budget injection: callers defaults to top-20 + more; full:true unabridged; explicit limit wins (251.713666ms)
✔ graph auto-discovery: nearest .codeweb/graph.json above cwd; none -> actionable error naming codeweb_map (107.196791ms)
✔ codeweb_map: builds a real graph over MCP and reports the path + stats (609.644458ms)
✔ API F6: codeweb_map failure never suggests --allow-empty (a flag the tool cannot pass) (273.328125ms)
✔ API F3: risk honors offset (offset:50 is not page 0) and more carries nextOffset (360.214791ms)
✔ API F3: break_cycles pages by offset; deadcode/context tiers and reading_order mark truncation (538.0775ms)
✔ find_similar accepts an inline body over MCP (stdin plumbing) + structural flag (586.528208ms)
✔ ac_10: codeweb_dependents returns the full union (call+import+inherit+test+ref) with byKind (76.636792ms)
✔ ac_10: dependents answers are budgeted with true totals (limit -> more.remaining) (70.90175ms)
✔ ac_10: the CLI serves the same mode from the same manifest entry (--dependents) (61.790541ms)
✔ MP-STATS-PARITY: codeweb_stats (in-process) === stats.mjs --json — empty AND non-empty ledgers (251.086ms)
✔ MP-STATS-MISSING: codeweb_stats on a missing graph falls through to the spawned CLI (identical errResult text) (168.698166ms)
✔ MP-DIFF-PARITY: codeweb_diff (in-process from cachedGraph) === diff.mjs --json, byte-for-byte (MD1/MD2/MD2b) (368.698292ms)
✔ MP-DIFF-FALLBACK: codeweb_diff on a nonexistent after graph → isError (spawn fallback), stdout stays pure (132.525125ms)
✔ queueKeyFor: graph tools key to the DIR of graph.json (annotate too — dirFromGraph, not graphless) (0.916666ms)
✔ queueKeyFor: diff keys to the dir of args.after — COLLIDES with refresh on one workspace (#30) (0.095375ms)
✔ queueKeyFor: a relative after resolves against cwd (0.05975ms)
✔ queueKeyFor: map keys to resolve(out) (default out = <target>/.codeweb) (0.060709ms)
✔ queueKeyFor: the "(graphless)" slot is UNREACHABLE for shipped tools (only diff+map are graphless) (0.096166ms)
✔ I5: a failing codeweb_map settles ONCE (exactly one reply for its id) and the server drains + exits 0 (232.411375ms)
✔ I5b: unsupported-repo map failure names the escapes, never the --allow-empty leak (215.855417ms)
✔ S1a epipe-survival: find_similar 1MB body + bad graph → isError result, and the server still answers a later ping (alive, exit 0) (120.197417ms)
✔ S1b epipe-survival: client closes its stdout read end mid-burst → server exits 0 (inherited cli.mjs guard) (79.712667ms)
✔ S2 refresh→diff in one burst: the diff reads POST-refresh bytes (waited, I6) and is served in-process (no child) (783.914458ms)
✔ S3 two codeweb_map on one out dir in a burst: end(map#1) < start(map#2), surviving graph parses (699.820375ms)
✔ I7 autoRefresh-skip: explicit refresh + a stale-triggering query in one burst → skip-autorefresh, ONE refresh child (662.607458ms)
✔ S4 cancellation-kills-child: notifications/cancelled on a running map → trace kill, NO reply for its id, ping answers, exit 0 (66.700416ms)
✔ S7 malformed-and-batch-frames: 42, "x", null, [] each answer ONE -32600 (id:null); a following ping answers (57.739208ms)
✔ T-34.3 batch fan-out: [{ping id:9},{unknown-tool id:10}] → normal reply for 9 AND -32602 for 10 as individual lines; notifications stay silent (52.701834ms)
✔ S5 refresh-preserves-sidecars: after codeweb_refresh all three sidecars are FRESH (stamps === statSync(graph.json)) (692.93925ms)
✔ S6 reader-overlap: two readers released together by a writer barrier → both start before either ends (I4) (731.391709ms)
✔ I4 cap: 4 readers released by a writer barrier peak at exactly READER_CAP=3 concurrent (never 4) (763.091708ms)
✔ I2/I3 writer-barrier: [reader, writer, reader] one burst → end(reader1) ≤ start(writer) < start(reader2) (704.24325ms)
✔ cancel-during-diff-fast-path: cancel while the diff awaits the writer tail → NO reply, ping answers (664.73575ms)
✔ ac_9: diff {} before any snapshot fails with the refresh {snapshot:true} remedy (53.4945ms)
✔ ac_9: refresh {snapshot:true} then diff {} completes the loop in one MCP session (256.473333ms)
✔ ac_9: the refresh CLI serves the same flag (--snapshot) (171.279292ms)
✔ ac_11: a spawned advisor (codeweb_risk) on a stale graph carries the staleness verdict (115.672917ms)
✔ ac_11: codeweb_simulate (the refactor pre-flight) is staleness-annotated too (148.2025ms)
✔ ac_11: codeweb_stats stays unannotated (an activity receipt, not a structural answer) (58.375541ms)
✔ M1: initialize returns protocolVersion, an object tools capability, and serverInfo (60.999208ms)
✔ M2: tools/list exposes the full tool set with object schemas + correct required args (60.437583ms)
✔ M2b: initialize carries workflow instructions; unknown client protocol falls back to ours (120.488875ms)
✔ M3: tools/call codeweb_impact returns the query JSON as text content (63.037125ms)
✔ M3b: tools/call codeweb_review (a new agent tool) returns its JSON through the server (123.118375ms)
✔ M4: tools/call resolves a bare label (codeweb_callers helper) (66.737167ms)
✔ M5: unknown tool name -> JSON-RPC error -32602 (invalid params), not a crash (63.842042ms)
✔ M6: a not-found symbol is a valid tool result (found:false), not a protocol error (63.931292ms)
✔ M6b: a missing required argument -> tool result with isError:true (not a JSON-RPC error) (69.209125ms)
✔ M7: notifications (no id) get no response; later requests are still answered (73.67125ms)
✔ M8: unknown method -> method-not-found error (-32601) (72.347417ms)
✔ M9: the server exits cleanly (status 0) when stdin closes (53.206583ms)
✔ M10: malformed JSON on stdin -> parse error -32700, no crash, recovers (60.346125ms)
✔ MD1: codeweb_diff on two clean snapshots returns the delta JSON as content, ok:true, not isError (62.804875ms)
✔ MD2: a regression (new cycle + new duplication) is a VALID result with ok:false, NOT isError (55.287208ms)
✔ MD2b: adding a brand-new uncalled node is reported but NOT a regression (ok:true) (62.648833ms)
✔ MD3: codeweb_diff args are optional (AC-9) — no discoverable graph for the default `after` fails actionably (55.60525ms)
✔ MD4: codeweb_diff on a nonexistent graph file -> isError:true (IO), stdout stays pure JSON-RPC (126.73775ms)
✔ MD5 / API F6: diff remedies never say "pass `graph`" — codeweb_diff has no such param (61.315833ms)
✔ M11 / CTX-MCP-PARITY: codeweb_context output == context-pack.mjs --json, verbatim (F1) (407.006792ms)
✔ M12 / RFS-MCP-PARITY + IDEMPOTENT: codeweb_refresh matches the CLI and is idempotent (F2) (651.170625ms)
✔ M13: codeweb_hotspots ranks symbols (F4) (105.57925ms)
✔ M14: codeweb_campaign returns an ordered worklist (F5) (218.492625ms)
✔ M15: codeweb_reading_order returns a bounded foundations-first path (F8) (117.564417ms)
✔ codeweb_simulate pre-flights a delete and returns the gate verdict (118.276792ms)
✔ codeweb_simulate validates its mode arguments (61.370417ms)
✔ codeweb_annotate records a suppression beside the graph and lists it back (168.2425ms)
✔ codeweb_stats serves the value receipt over MCP (57.509125ms)
✔ codeweb_map emits notifications/progress when the client sends a progressToken (537.260584ms)
✔ LSH-PAIRS-EQ: lshCandidatePairs ≡ verbatim string-key reference — pairs ORDER, buckets, skippedBuckets (220 seeded cases, both signal configs) (187.545ms)
✔ LSH-TIER2-COLLISION-SPILL: a true band-fold collision spills by exact tuple, never merges differing tuples (0.503167ms)
✔ LSH-PAIRS-DETERMINISTIC: identical entries in identical order -> identical result object (0.982458ms)
✔ N1: minhash estimate tracks true Jaccard within 0.15 at K=128 (>=95% of pairs) (28.956208ms)
✔ N2: banding proposes >=99% of pairs at the overlap confirm thresholds (41.986583ms)
✔ N3: signatures and band keys are deterministic and iteration-order independent (1.497875ms)
✔ emits a per-file `module` node for files with top-level calls (54.743708ms)
✔ top-level calls attribute to the module node, not the trailing function (23.797916ms)
✔ PRECISION: the trailing function does NOT absorb top-level calls (the EOF-range bug) (20.090625ms)
✔ RECALL: a non-exported helper called only from module scope is not a false orphan (17.733333ms)
✔ Python: dedent body extent + module attribution (24.675667ms)
✔ regex literals with braces do not corrupt body-end (scanSymbols repro) (18.865208ms)
✔ LINT-NUL: no tracked .mjs file contains a raw byte < 0x09 (61.586917ms)
✔ OD0: the simulation path is declared — delta by default, clone under CODEWEB_OPT_SIM=clone (155.434666ms)
✔ OD1: property — delta and clone simulations emit byte-identical results on random graphs (1401.58425ms)
✔ OD2: a cycle-creating merge is blocked with identical projectedNewCycles either path (99.430291ms)
✔ a body-confirmed high duplicate whose merge stays acyclic is READY (gate would pass) (63.652375ms)
✔ a duplicate whose naive merge would create a new file cycle is BLOCKED (gate would reject) (73.44875ms)
✔ a drifted duplicate is REVIEW, never auto-ready (no blind-merging diverged copies) (62.64925ms)
✔ a structural-high duplicate (bodySim null) is REVIEW — only body-confirmed merges are ready (51.79975ms)
✔ low and refuted findings are excluded entirely (precision over recall) (77.303875ms)
✔ a parallel-impl finding is surfaced as REVIEW, not a delete-the-copies merge (70.115583ms)
✔ an empty overlap set yields a clean zero report and exit 0 (57.263542ms)
✔ opportunities are ordered ready -> blocked -> review (actionable first) (49.065417ms)
✔ --out writes an optimize.md artifact with the tiered sections (56.0805ms)
✔ missing graph path exits 2 (usage) (52.057375ms)
✔ OCC1: a planted C duplicate across two .c files is reported (0.631208ms)
✔ OCC2: a planted C++ duplicate across two .cpp files is reported (0.090708ms)
✔ OCC3: body confirmation read REAL bodies — the extents the extractor measured are right (0.076917ms)
✔ OCC4: the report the gate consumes names both languages (0.058083ms)
✔ OC1+OC2: big-group sampling and hub-label twin cap, both reported (153.691625ms)
✔ N4: LSH finds the planted twin pair the capped path provably never examines (1159.780583ms)
✔ N4b: the LSH path is byte-deterministic across runs (1336.13825ms)
✔ N5: small inputs keep the exact path by default — bytes equal a forced-exact run (901.161416ms)
✔ N6: Signal C near-miss clones — LSH and exact paths confirm the same finding (874.865ms)
✔ >=4 same-named uncalled implementations demote to interface-pattern (never "merge these") (63.138042ms)
✔ duplicated FIXTURE helpers are excluded from findings by default; CODEWEB_ALL_ROLES=1 restores them (117.211125ms)
✔ Signal B: twin candidates scope to product roles; CODEWEB_ALL_ROLES=1 restores (109.824292ms)
✔ identical bodies -> high confidence duplicate-logic (0.319166ms)
✔ same name, disjoint bodies -> refuted (dismissed as coincidental) (0.07775ms)
✔ partially diverged bodies -> medium/drifted (0.054542ms)
✔ CLI-scaffold names fold into one shared-responsibility finding (0.068959ms)
✔ overlaps are ranked, id-stamped, and written back into the graph (0.125917ms)
✔ structural fallback when source is absent (52.72175ms)
✔ P1: manifest is publishable — bins, files, no runtime deps, not private (3.259333ms)
✔ P2: npm pack ships engine + plugin surfaces, excludes repo-only trees (2926.381541ms)
✔ P3: packed release installs offline and each installed bin answers --help (3675.250083ms)
✔ run.mjs completes and emits all five artifacts (0.378042ms)
✔ graph carries the target through every stage (0.165583ms)
✔ the cross-domain duplicate is surfaced and body-confirmed high (0.104167ms)
✔ report.html is a self-contained, non-trivial document (0.265ms)
✔ overlap.md lists the finding for human review (0.105791ms)
✔ PL-GRAVITY: suggested domain == inline-recomputed plurality of resolved callees (40 cases) (2216.576041ms)
✔ PL-TIE: a tie resolves to the lexicographically smallest domain (54.211208ms)
✔ SC1: suggested file is the highest-callIn file in the chosen domain (50.124958ms)
✔ PL-REUSE-SOUND: name warnings are real nodes with the exact --name label (56.293791ms)
✔ PL-REUSE-SOUND: body warnings clear the medium (0.35) floor (115.353666ms)
✔ SC3/SC4: unresolved callees reported; empty -> unassigned/null (106.102625ms)
✔ PL-DETERMINISTIC: identical inputs -> identical stdout (119.90425ms)
/Library/Developer/CommandLineTools/usr/bin/ctags: illegal option -- -
usage: ctags [-BFTaduwvx] [-f tagsfile] file ...
✔ structuralRegressions: a NEW file-level cycle is flagged (1.713041ms)
✔ structuralRegressions: a pre-existing cycle is NOT re-flagged (0.287042ms)
✔ structuralRegressions: a SURVIVING symbol that lost all callers is flagged (1.696833ms)
✔ structuralRegressions: a DELETED symbol is not a lost-caller regression (0.118291ms)
✔ structuralRegressions: a clean additive edit yields nothing (0.123083ms)
✔ hook is INERT for a non-source file (no .codeweb work) (48.610625ms)
✔ hook is INERT when the file is not under a mapped target (48.342791ms)
✔ hook flags a NEW cycle introduced by an edit (vs the baseline) (138.472416ms)
✔ S18-1: given a map, the sidecar exists beside graph.json and stamp-matches it (429.711041ms)
/Library/Developer/CommandLineTools/usr/bin/ctags: illegal option -- -
usage: ctags [-BFTaduwvx] [-f tagsfile] file ...
/Library/Developer/CommandLineTools/usr/bin/ctags: illegal option -- -
usage: ctags [-BFTaduwvx] [-f tagsfile] file ...
/Library/Developer/CommandLineTools/usr/bin/ctags: illegal option -- -
usage: ctags [-BFTaduwvx] [-f tagsfile] file ...
/Library/Developer/CommandLineTools/usr/bin/ctags: illegal option -- -
usage: ctags [-BFTaduwvx] [-f tagsfile] file ...
/Library/Developer/CommandLineTools/usr/bin/ctags: illegal option -- -
usage: ctags [-BFTaduwvx] [-f tagsfile] file ...
/Library/Developer/CommandLineTools/usr/bin/ctags: illegal option -- -
usage: ctags [-BFTaduwvx] [-f tagsfile] file ...
✔ S18-2: a valid sidecar yields the same verdict as the legacy parse path on the same payload (617.118334ms)
✔ S18-3: removing a baseline cycle key from the sidecar makes the hook report that cycle as NEW — the sidecar, not the graph, was consumed (468.300375ms)
✔ S18-4: a stale or corrupt sidecar falls back to the legacy path with the correct verdict (734.20275ms)
✔ S18-5: both sidecar AND graph corrupt -> the hook binary exits 0 silently (the contract is fail-open) (499.540292ms)
✔ S18b-NOCHANGE: a no-change in-process fire returns null and leaves the warm cache bytes untouched (407.414416ms)
✔ S18b-PARITY: additionalContext byte-identical via the in-process path and CODEWEB_HOOK_INPROC=0 (spawn) (432.676375ms)
✔ the hook leaves no codeweb-hook-*.json temp files behind (111.596ms)
✔ the pre-registered check count on every published surface equals what the receipts enumerate (2.910292ms)
✔ no published surface still frames the study as "32 / 33" (0.873458ms)
✔ the retired check is recorded with its reason, not silently dropped (0.25525ms)
✔ every check the receipts enumerate is recorded as passing (0.377625ms)
✔ H15 is claimed as passing only while its receipt says so (0.1105ms)
✔ no phantom symbol is extracted from inside a docstring (47.872042ms)
✔ no call edge is fabricated from inside a docstring (19.352458ms)
✔ no call edge is fabricated from inside a # comment (16.396458ms)
✔ a REAL call after the docstring is still extracted (27.200208ms)
✔ real symbols around the docstring are intact (25.079916ms)
✔ DEPENDENTS: render_template no longer lists the docstring/comment false callers (80.547791ms)
✔ single-line f-string: report -> compute edges (0.314083ms)
✔ triple-quoted f-string: multi -> compute edges; {{code}} stays text (0.061792ms)
✔ rf prefix: prefixed -> compute edges (0.049125ms)
✔ plain strings stay blanked: no decoy -> compute edge (0.049917ms)
✔ expr-interior string content stays blanked: no decoy2 -> compute edge (0.048ms)
✔ RECALL+PRECISION: a relative named import pins the bare call to the exact symbol (41.985792ms)
✔ RECALL: a relative submodule member call resolves (from . import models; models.build()) (23.391416ms)
✔ RECALL: an absolute aliased module member call resolves (import pkg.models as m; m.build()) (29.6295ms)
✔ the submodule import emits a coarse <module> edge (not a symbol edge) (39.794834ms)
✔ PRECISION: a param obj.helper() fabricates no edge (18.581917ms)
✔ DEPENDENTS: --dependents build includes both the submodule and absolute-alias callers (80.587667ms)
/Library/Developer/CommandLineTools/usr/bin/ctags: illegal option -- -
usage: ctags [-BFTaduwvx] [-f tagsfile] file ...
/Library/Developer/CommandLineTools/usr/bin/ctags: illegal option -- -
usage: ctags [-BFTaduwvx] [-f tagsfile] file ...
/Library/Developer/CommandLineTools/usr/bin/ctags: illegal option -- -
usage: ctags [-BFTaduwvx] [-f tagsfile] file ...
/Library/Developer/CommandLineTools/usr/bin/ctags: illegal option -- -
usage: ctags [-BFTaduwvx] [-f tagsfile] file ...
✔ Q1+Q2: from <own-pkg> import name resolves through the src-layout __init__ re-export (124.825ms)
✔ Q3: an explicit import binds calls across a package boundary (56.424417ms)
✔ Q4: the module-level import site attributes to <module>, matching site granularity (48.458791ms)
✔ Q-guard: `import json` never grabs an in-repo NESTED json package (46.985417ms)
✔ SC1: no query prints usage to stderr (not stdout) and exits 2 (49.557417ms)
✔ SC2: missing graph file exits 2 with a clear message (no raw stack) (57.359792ms)
✔ SC3: --callers returns direct call in-neighbors, sorted (60.470208ms)
✔ SC4: --callees returns direct call out-neighbors, sorted (55.213292ms)
✔ SC5: --impact returns the transitive reverse-call closure + distinct domains (58.794583ms)
✔ SC5b: --impact on an ambiguous label seeds from ALL matches, excluding every seed (66.030125ms)
✔ SC5c: --impact terminates on recursion (self-loop) and excludes the seed (63.623792ms)
✔ SC6: --cycles finds a file-level dependency cycle (SCC size >= 2) (57.048375ms)
✔ SC6b: multiple cycles are emitted in a deterministic order (sorted) (55.167333ms)
✔ SC7: --orphans = no incoming edges AND not exported (exported-unused excluded) (48.265709ms)
✔ SC7b: --orphans returns [] at exit 0 (not 1) when every node has an in-edge (55.424208ms)
✔ SC8a: a bare ambiguous label resolves to ALL matching nodes (union of results) (69.710709ms)
✔ SC8b: unknown symbol exits 1 with found:false (72.373292ms)
✔ SC8c: a found symbol with zero results returns exit 0 + [] (not not-found) (58.641375ms)
✔ SC8d: import edges never leak into call adjacency (callers/callees) (113.845291ms)
✔ SC9: --json output is byte-stable across runs (deterministic for agents) (120.604042ms)
✔ SC-robust: missing node fields (exports/domain/file) default sanely, no crash (71.134875ms)
✔ SC-edgeless: a graph with no edges yields empty cycles/callers and all unexported orphans (186.572083ms)
✔ RE1: /codeweb-apply exists — ready tier only, deterministic gate owns every verdict (0.682584ms)
✔ RE2: /codeweb-pitch exists — every number pinned to an artifact, review before sharing (0.161458ms)
✔ RE3: narration is a provenance-labeled sidecar — brief renders it, absence changes nothing (8.831084ms)
✔ RE4: --serve serves the workspace on localhost only (139.153084ms)
✔ RE5: quickstart bins exist with the Node guard and forward faithfully (104.562583ms)
✔ RE6: the acquisition ledger runs on a schedule and appends where the docs say (0.505166ms)
✔ RE7: the spend-gated AI work is documented as funded proposals, not silently run (0.265125ms)
✔ RO-EQUIV-ORACLE + RO-EARLY-EXIT: rewrite ≡ frozen O(n²) oracle; budget b ≡ full-order prefix (200+ seeded cases, all scopes) (11.582666ms)
✔ RO-BUDGET-NORMALIZE: -1 / 0 / 2.5 / NaN / Infinity keep the pre-#22 slice semantics (2.887208ms)
✔ RO-FOUNDATIONS-FIRST: for an acyclic call graph, every callee precedes its caller in the order (6.337709ms)
✔ RO-BUDGET: output length <= budget; budget >= scope size -> every in-scope symbol once (2.877833ms)
✔ RO-SCOPE-CLOSED: domain/file scope only emits in-scope ids; symbol scope stays in its closure (0.1785ms)
✔ RO-CYCLE-SAFE + RO-DETERMINISTIC: a cyclic call graph yields a stable total order, no crash (0.155875ms)
✔ RO-CLI: reading-order.mjs --json emits an ordered, budgeted path (56.137042ms)
✔ RECALL: a function passed to .map(fn) is captured as a reference edge (35.1475ms)
✔ RECALL: a function passed as a callback argument is captured (17.834167ms)
✔ PRECISION: a method call obj.fn() does NOT resolve to a top-level fn() (29.343ms)
✔ version-sync.mjs runs clean on the aligned repo (idempotent no-op) (121.609625ms)
✔ screenshot.mjs front door: no args dies with usage (exit 2), never a stack trace (51.728333ms)
✔ auditClaimValues: a stated stat that disagrees with its receipt fails; the real repo is clean (12.599416ms)
✔ bumpVersion follows SemVer (0.167042ms)
✔ the real repo derives 28 MCP tools from the source (0.393208ms)
✔ engines.node claims exactly the tested floor (>=22) (0.107125ms)
✔ the real repo is consistent (versions + tool count aligned) (27.260333ms)
✔ check-consistency CLI exits 0 on the aligned repo (82.658292ms)
✔ rollChangelog moves Unreleased into a dated version section (0.664625ms)
✔ rollChangelog refuses an empty Unreleased (0.291041ms)
✔ syncTargets rewrites version + tool count via backref-preserving subs (0.533625ms)
✔ checkConsistency catches drift, applySync repairs it (round-trip) (5.573833ms)
✔ checkConsistency fails a sponsorship cost premise in the stdout copy module (6.548ms)
✔ checkConsistency fails a sponsorship cost premise on any prose surface, not just product-copy (5.410125ms)
✔ checkConsistency fails a numeric claim literal in a script outside product-copy.mjs (5.6725ms)
✔ checkConsistency enforces the D1 manifest discipline (restatement + phantom docs) (6.768083ms)
✔ scanProseCounts flags the live package.json description string against 27 tools (0.101167ms)
✔ checkConsistency scans site/data/product.json prose — the stale-elevator class (0.059042ms)
✔ scanProseCounts flags a stale tool count, in digits and words (0.125458ms)
✔ documentation counts survive formatting and Codeweb possessive phrasing (0.066334ms)
✔ current SPEC and reference counts are checked while dated audit counts stay historical (4.924125ms)
✔ scanProseCounts flags a stale native-language count (0.18575ms)
✔ scanProseCounts catches the "(N total)" and bare "N languages" phrasings that slipped v0.9.0 (0.169042ms)
✔ product.json languages match the extractor: one file per extension, counted (297.136292ms)
✔ CHANGELOG never @-mentions a number — bare @digit is banned outside code spans (3.495833ms)
✔ the release workflow re-syncs notes for an existing release instead of skipping (0.416208ms)
✔ G1: callers that try/catch or .catch() the call surface as exception reliance (175.704041ms)
✔ G2: a callee that mutates its parameter is flagged — callers share that object (189.641417ms)
✔ G3: null-checked results surface as nullability reliance (182.731083ms)
✔ G4 (control): none of the evidence -> none of the claims (183.02925ms)
✔ explain card reports fields, awaited fraction, and arg range from real call sites (274.305458ms)
✔ the pre-edit hook delivers the reliance line without being asked (129.112334ms)
✔ no callers or unreadable source -> no reliance claim (absence is honest) (334.4015ms)
✔ diff: a rename (same body, new name) reports as renamed, not delete+add churn (57.233333ms)
✔ explain: one bounded card with identity, dependents, tops, and findings membership (114.477708ms)
✔ C1+C4: cost-to-coverage per condition — means over reported cells only, missing counted (47.272375ms)
✔ C2: analyzer output byte-identical across runs (84.083ms)
✔ P1: missed-then-fixed signature change mines as exactly one task with the history as answer key (1464.006833ms)
✔ P2: a well-executed change (all callers updated) mines nothing — and the funnel says why (895.867042ms)
✔ P3: a fix outside --followup-window mines nothing — and the funnel says why (1209.123917ms)
✔ P4: a formatting-only reformat is NOT a signature change — the prettier trap mines nothing (1084.613666ms)
✔ P5: a change too large to embed verbatim is rejected, never truncated into the instruction (1398.081125ms)
✔ P6: a keyword-labeled symbol is rejected — its "mention" evidence would match syntax (933.5175ms)
✔ T-37.1: gDraw reads cvColors() exactly once, before the edge/node passes (not per label) (0.432334ms)
✔ T-37.3: every edge of a 50k set has per-edge style === its bucket style (byte-exact) (38.187334ms)
✔ T-37.3: theme ink overrides swap the triplet, never the alpha/width/dash math (0.647042ms)
✔ T-37.3: weight ≥ 72 collapses to one width bucket, weight ≥ 29 to one alpha, no over-merge across states (0.1635ms)
✔ T-37.2: labelPick caps at the given count (2.514167ms)
✔ T-37.2: priority order is bubbles > hl members > screen radius desc, tie-break by id (0.922208ms)
✔ T-37.2: labelPick is position-independent and deterministic (flicker-free across anneal) (1.9465ms)
✔ T-37.4: hitScan matches the old per-frame AN scan; gDraw no longer rescans AN (0.146333ms)
✔ E1+E2: editor links ship without leaking the source root (60.352958ms)
﹣ L1: harness emits the full measurement schema on a fixture report (0.317625ms) # playwright not resolvable
﹣ L2: a non-report input fails loudly, never emitting bogus timings (0.049042ms) # playwright not resolvable
✔ report-sim: gStepChunk extracts from the template and a small sim settles + terminates (85.8185ms)
✔ report-sim: the layout is deterministic — identical seeds give bitwise-equal positions ×2 runs (351.011125ms)
✔ report-sim: the spiral seeding is also deterministic and stays finite (254.951041ms)
✔ report-sim: sliced (budget=2ms) settle is bitwise-equal to a budget=∞ settle (T-35.4) (533.5935ms)
✔ R2: refresh stamps overlapsDroppedAt, and the brief says "not recounted" instead of 0 (587.976875ms)
✔ R2: a fresh full map clears the stamp and recounts (984.005166ms)
✔ R3: the session brief nudges when the tree has changed since the map (413.776625ms)
✔ R1/R8: a re-map prints the since-last-map delta and appends history.jsonl (832.122959ms)
✔ R8: trend reads history.jsonl instantly (no pipeline runs) (810.918709ms)
✔ R8: a reused (memo-hit) run does not double-append history (582.188292ms)
✔ R6: the workspace writes its own .gitignore whitelisting the non-regenerable memory (437.298833ms)
✔ R9/R10: the report renders its own age (view-time, byte-clean) and the building version (451.368791ms)
✔ R10: the run banner names the version (467.678542ms)
✔ R10: README and the site ask for a release-watch, not just a star (0.3785ms)
✔ R4: the same regression is flagged once, not on every subsequent edit (641.274083ms)
✔ R5: a suppressed finding disappears from graph.overlaps and reports a suppressedCount (685.828917ms)
✔ R7: the gate comment links home and can render a cross-PR trend line (0.664042ms)
✔ R7: ci-gate documents the --history flag (43.049625ms)
✔ R11a: a failed unsupported-language map leaves a marker that routes to the agent fallback (212.619833ms)
✔ R3: the pre-edit card marks a file whose stamps no longer match the map (319.903167ms)
✔ stats: full maps stamp firstMapAt/lastMapAt/mapCount (and only fresh computes count) (757.223667ms)
✔ RV1: FUNDING.yml exists — payment friction drops from infinite to zero (0.549959ms)
✔ RV2: README states the free-forever contract and the ratified sponsor story (0.284584ms)
✔ RV3: the support page tells the ratified story — placement for sponsors, no cost claims (0.479542ms)
✔ RV4: the receipt-high-point ask fires on real value, once a month, local-only (1106.60975ms)
✔ RV5: trend (the team-lead surface) carries the ask only with a real series (105.229333ms)
✔ RV6: the two shared artifacts carry the sponsor rail (attribution, not solicitation) (3.969042ms)
✔ RV7: anti-placements hold — no ask on agent-facing or trust surfaces (1.494083ms)
✔ RV-HUNK-MAP: changedSymbols == inline interval-overlap oracle; RV-BLAST-EXACT: blast == impactOf (40 cases) (2103.819833ms)
✔ RV-WHOLE-FILE: whole-file change selects exactly that file's nodes (51.620167ms)
✔ SC3/--gate: a new file cycle vs --before is reported and gates (167.138833ms)
✔ RV-DETERMINISTIC: identical inputs -> identical stdout (94.510208ms)
✔ RK-COMPONENTS: components + risk + ranking match the independent recompute (30 cases) (1563.875375ms)
✔ RK-MONOTONE: risk is non-decreasing in each component (100 random vectors) (0.963166ms)
✔ --changed restricts ranked output to changed files (48.133083ms)
✔ RK-PAGING: --offset pages with nextOffset; text mode honors --limit (146.869667ms)
✔ RK-DETERMINISTIC: identical inputs -> identical stdout (94.302ms)
✔ R1: override maps docs/** to generated; heuristics keep the rest (142.616916ms)
✔ R2: first matching glob wins, in config order (130.893ms)
✔ R3: an unknown role value fails loudly, naming the entry (50.977833ms)
✔ R5: a rules-file role flip with a warm cache re-derives edges (the #10 gate sees fresh roles) (168.390792ms)
✔ R4: absent roles section == absent rules file (byte-identical fragments) (237.206416ms)
✔ T-13.1: a Ruby heredoc body fabricates no symbol and no edge; real code stays live (109.504459ms)
✔ T-13.2: a PHP `#` comment fabricates no edge; the real call edges (96.379584ms)
✔ SE-IMPORT-CLEAN: import(extract-symbols) is side-effect-free (53.902709ms)
✔ IE-TWO-RUNS: two sequential runExtract calls each byte-equal a fresh CLI run (229.409083ms)
✔ IE-TWO-RUNS-CONCURRENT: Promise.all of two runExtract calls each byte-equal a fresh CLI run (214.490916ms)
✔ RE-ERRORS: guard paths throw ExtractError, never exit the host process (1.141208ms)
✔ K1: per-stage timing on stderr, artifacts byte-identical across cold runs (782.340208ms)
✔ K2: scale.mjs emits the full schema and restores the edited source byte-identically (1590.547333ms)
✔ K3: stagesReused honesty is pinned at the parser level (0.676ms)
✔ PROPERTY: every product-role ref edge lands on a product-role target (2.171833ms)
✔ no lib/import-resolve or lib/cli edge into extract-symbols rel/textOf/maskedOnce (0.347584ms)
✔ F6: robots.txt + sitemap.xml exist, and internal markdown is excluded from crawl (0.736333ms)
✔ F12: every same-site fragment link in the built site resolves to an element with that id (10.584583ms)
✔ F6b: the IndexNow key deploys with the site and matches the committed key (0.207375ms)
✔ F6c: search engines get pinged on every site deploy, no account needed (0.789084ms)
✔ F5: the demo — the most-shared URL — finally unfurls (0.275042ms)
✔ F7/F9: built pages carry search vocabulary and every page has an h1 (0.46875ms)
✔ F10/F11: JSON-LD structured data + OG image dimensions (0.121292ms)
✔ F2: server.json exists for the MCP registry and tracks the package version (0.187458ms)
✔ F4: npm metadata carries the category keywords for the next publish (0.100583ms)
✔ F8: the case study is a real built page, not stranded markdown (0.154417ms)
✔ F6d: the Search Console ownership proof rides the shared head — dropping it would silently unverify the property (1.205ms)
✔ F1b: repo About settings are code — the workflow applies what the JSON declares (0.861083ms)
✔ F1: the zero-code operator actions are written down where the operator will find them (0.774667ms)
✔ unterminated quotes tokenize in linear time, not exponential (3.839666ms)
✔ string collapsing semantics are unchanged (0.447541ms)
✔ fresh stamp + matching version -> the parsed doc (2.052958ms)
✔ version mismatch -> null (stale schema never served) (0.902333ms)
✔ stale mtime -> null (0.996709ms)
✔ stale size -> null (1.222542ms)
✔ graph rewritten after the sidecar stamped it -> null (1.952042ms)
✔ missing stamp, missing sidecar, malformed JSON, missing graph -> null, never throws (2.022791ms)
✔ writeSidecars is byte-identical to the individual builders the old build-report block ran (355.21975ms)
✔ the trio shares ONE stamp === statSync(graph.json), and all three loaders return non-null (6.097583ms)
✔ similar-index is REBUILT when meta.root is readable (2.49775ms)
✔ similar-index is REMOVED when meta.root is absent (brief + index-lite still written) (1.460125ms)
✔ similar-index is REMOVED when meta.root is set but gone from disk (1.231ms)
✔ crash-window: a graph rewritten after the sidecars leaves only stamp-MISMATCHED sidecars (all loaders null) (2.80875ms)
✔ after a refresh, session-brief preview() is byte-identical from the sidecar path and the graph path (553.703042ms)
/Library/Developer/CommandLineTools/usr/bin/ctags: illegal option -- -
usage: ctags [-BFTaduwvx] [-f tagsfile] file ...
/Library/Developer/CommandLineTools/usr/bin/ctags: illegal option -- -
usage: ctags [-BFTaduwvx] [-f tagsfile] file ...
/Library/Developer/CommandLineTools/usr/bin/ctags: illegal option -- -
usage: ctags [-BFTaduwvx] [-f tagsfile] file ...
/Library/Developer/CommandLineTools/usr/bin/ctags: illegal option -- -
usage: ctags [-BFTaduwvx] [-f tagsfile] file ...
/Library/Developer/CommandLineTools/usr/bin/ctags: illegal option -- -
usage: ctags [-BFTaduwvx] [-f tagsfile] file ...
/Library/Developer/CommandLineTools/usr/bin/ctags: illegal option -- -
usage: ctags [-BFTaduwvx] [-f tagsfile] file ...
/Library/Developer/CommandLineTools/usr/bin/ctags: illegal option -- -
usage: ctags [-BFTaduwvx] [-f tagsfile] file ...
/Library/Developer/CommandLineTools/usr/bin/ctags: illegal option -- -
usage: ctags [-BFTaduwvx] [-f tagsfile] file ...
/Library/Developer/CommandLineTools/usr/bin/ctags: illegal option -- -
usage: ctags [-BFTaduwvx] [-f tagsfile] file ...
/Library/Developer/CommandLineTools/usr/bin/ctags: illegal option -- -
usage: ctags [-BFTaduwvx] [-f tagsfile] file ...
/Library/Developer/CommandLineTools/usr/bin/ctags: illegal option -- -
usage: ctags [-BFTaduwvx] [-f tagsfile] file ...
/Library/Developer/CommandLineTools/usr/bin/ctags: illegal option -- -
usage: ctags [-BFTaduwvx] [-f tagsfile] file ...
/Library/Developer/CommandLineTools/usr/bin/ctags: illegal option -- -
usage: ctags [-BFTaduwvx] [-f tagsfile] file ...
/Library/Developer/CommandLineTools/usr/bin/ctags: illegal option -- -
usage: ctags [-BFTaduwvx] [-f tagsfile] file ...
/Library/Developer/CommandLineTools/usr/bin/ctags: illegal option -- -
usage: ctags [-BFTaduwvx] [-f tagsfile] file ...
/Library/Developer/CommandLineTools/usr/bin/ctags: illegal option -- -
usage: ctags [-BFTaduwvx] [-f tagsfile] file ...
/Library/Developer/CommandLineTools/usr/bin/ctags: illegal option -- -
usage: ctags [-BFTaduwvx] [-f tagsfile] file ...
/Library/Developer/CommandLineTools/usr/bin/ctags: illegal option -- -
usage: ctags [-BFTaduwvx] [-f tagsfile] file ...
/Library/Developer/CommandLineTools/usr/bin/ctags: illegal option -- -
usage: ctags [-BFTaduwvx] [-f tagsfile] file ...
/Library/Developer/CommandLineTools/usr/bin/ctags: illegal option -- -
usage: ctags [-BFTaduwvx] [-f tagsfile] file ...
/Library/Developer/CommandLineTools/usr/bin/ctags: illegal option -- -
usage: ctags [-BFTaduwvx] [-f tagsfile] file ...
/Library/Developer/CommandLineTools/usr/bin/ctags: illegal option -- -
usage: ctags [-BFTaduwvx] [-f tagsfile] file ...
/Library/Developer/CommandLineTools/usr/bin/ctags: illegal option -- -
usage: ctags [-BFTaduwvx] [-f tagsfile] file ...
/Library/Developer/CommandLineTools/usr/bin/ctags: illegal option -- -
usage: ctags [-BFTaduwvx] [-f tagsfile] file ...
/Library/Developer/CommandLineTools/usr/bin/ctags: illegal option -- -
usage: ctags [-BFTaduwvx] [-f tagsfile] file ...
/Library/Developer/CommandLineTools/usr/bin/ctags: illegal option -- -
usage: ctags [-BFTaduwvx] [-f tagsfile] file ...
/Library/Developer/CommandLineTools/usr/bin/ctags: illegal option -- -
usage: ctags [-BFTaduwvx] [-f tagsfile] file ...
✔ SIG-FIDELITY: extracted params match an independent inline parser over random decls (1072.309166ms)
✔ SIG-NULL-SAFE: multi-line + paren-less + no-paren decls yield signature null (49.744917ms)
✔ SC2: return annotation captured for TS and Python (51.086167ms)
✔ SIG-CONTEXT-PACK: context-pack callees include the node signature (no drift) (50.673958ms)
✔ SC2: projected has gate shape and ok === (no new cycles && no lost callers) (72.531167ms)
✔ SE-FAITHFUL: tool matches the oracle + ok invariant holds — delete (30 cases) (1448.860917ms)
✔ SE-FAITHFUL: tool matches the oracle + ok invariant holds — merge (30 cases) (1621.118ms)
✔ SE-FAITHFUL: tool matches the oracle + ok invariant holds — move (30 cases) (1299.246625ms)
✔ SE-FAITHFUL: tool matches the oracle across mixed random ops (60 cases) (2406.141167ms)
✔ SE-PURE: the input graph file is byte-identical after a run (40.6885ms)
✔ H4: --into defaults to the smallest resolved id when omitted (41.187209ms)
✔ SE-DETERMINISTIC: same input -> identical stdout (82.27175ms)
✔ SE-OPTIMIZE-AGREE: simulate-edit --merge and optimize.mjs project the SAME newCycles for a finding (80.159125ms)
✔ SC4: unknown symbol -> exit 1; missing op -> exit 2 (80.616416ms)
✔ --out redirects the whole build (141.864834ms)
✔ builder runs and reports the expected page count (125.061333ms)
✔ emits every page in the information architecture (110.910458ms)
✔ output is deterministic — byte-stable across consecutive builds (258.81625ms)
✔ no unfilled template placeholders remain (152.193292ms)
✔ no "undefined" ever renders into a page, and every tool card has a description (136.50975ms)
✔ every page links the shared stylesheet and sets a canonical URL (128.276542ms)
✔ footer version is in lock-step with package.json (136.481916ms)
✔ pages are self-contained — no third-party network origins (130.001792ms)
✔ downloads dashboard uses the full package history and excludes incomplete recent days (133.905459ms)
✔ SKL-RENAME-INVARIANT: a consistent identifier rename yields an identical skeleton (sim 1) (21.576875ms)
✔ SKL-LITERAL-NORMALIZED: changing only literal values leaves the skeleton equal (0.137041ms)
✔ SKL-STRUCTURE-SENSITIVE: changing control flow changes the skeleton (does not saturate to 1) (0.163875ms)
✔ SKL-STRUCTURE-SENSITIVE (prop): inserting one extra if-block changes the skeleton (sim < 1) (6.254333ms)
✔ SKL-OPERATOR-SENSITIVE: operator identity survives normalization (+ vs *, && vs ||) (0.087584ms)
✔ SKL-KEYWORDS-PRESERVED: keywords survive normalization (control flow is visible) (0.138417ms)
✔ SKL-DETERMINISTIC: same source -> same skeleton + shingles (3.85525ms)
✔ SKL-DISTINGUISHES-UNRELATED: structurally different bodies are not near-1 (0.100042ms)
✔ SP-1: a spread call `...metrics(ws)` edges to the same-file callee (90.583875ms)
✔ SP-2: IIFE initializers are not function nodes; real arrows still are (1.424334ms)
✔ SP-3: self-map dogfood — trend.mjs:metrics has a caller; PERM_SEEDS is no node (117.381042ms)
✔ S1: identical fragment -> all four stages reused, outputs equal a --full rerun (mod generatedAt) (920.295292ms)
✔ S2: a source edit invalidates the memo (850.199292ms)
✔ S3: a missing output invalidates the memo and is restored (800.238458ms)
✔ S4: a CODEWEB_* lever change invalidates the memo (664.490208ms)
✔ S5: byte-tampered-but-parseable graph.json forces recompute (content hash, not a parse) (602.3765ms)
✔ S6: a tampered report.md forces recompute (the four non-graph outputs are guarded too) (618.41175ms)
✔ S7: --stages through-overlap computes through overlap, skips report + memo, never poisons a full run (656.683334ms)
✔ S8: --stages with an unknown phase exits 2 (no silent typo path) (41.527583ms)
✔ stats lib: bump accumulates monthly, opt-out is a true no-op, receipt line renders (88.353083ms)
✔ writers: the pre-edit hook and the MCP server put real events on the ledger (336.752291ms)
✔ empty ledger: the receipt says how counters accrue instead of showing nothing (156.139833ms)
✔ receipt survives the month boundary (lifetime) and the brief nudges on a stale map (162.701209ms)
✔ #10: CLI queries count toward the receipt (queriesServed bumps beside the graph) (170.338042ms)
✔ query --orphans --json: >64KB piped output arrives complete and parses (71.630208ms)
✔ deadcode --json: >64KB piped output arrives complete and parses (77.282666ms)
✔ deadcode text mode: >64KB piped output arrives complete (79.045334ms)
✔ F6-STRUCTURAL-FIND: --structural ranks a renamed clone higher than lexical does (104.483875ms)
✔ F7-SUPPRESS: annotate a deadcode finding -> deadcode hides + counts it; --show-suppressed reveals (212.054541ms)
✔ F7-DEST: annotate in an unmapped cwd exits 2 with the no-map message and creates nothing (142.158208ms)
✔ F7-RESURFACE: changing the orphan id changes its fingerprint -> not silently suppressed (158.880542ms)
✔ S1 query miss exits 1 and suggests the near-match + concept search (50.748584ms)
✔ S2 query miss --json carries hint + ranked suggestions with full ids (50.560041ms)
✔ S3 suggestions are bounded (max 3) and deterministic (104.272583ms)
✔ S4 a hopeless miss still gets the hint, without fabricated suggestions (57.333791ms)
✔ S5 explain miss carries the same hint + suggestions (59.021542ms)
✔ S6 context-pack miss names the near-match in its error (50.143667ms)
/Library/Developer/CommandLineTools/usr/bin/ctags: illegal option -- -
usage: ctags [-BFTaduwvx] [-f tagsfile] file ...
/Library/Developer/CommandLineTools/usr/bin/ctags: illegal option -- -
usage: ctags [-BFTaduwvx] [-f tagsfile] file ...
/Library/Developer/CommandLineTools/usr/bin/ctags: illegal option -- -
usage: ctags [-BFTaduwvx] [-f tagsfile] file ...
/Library/Developer/CommandLineTools/usr/bin/ctags: illegal option -- -
usage: ctags [-BFTaduwvx] [-f tagsfile] file ...
/Library/Developer/CommandLineTools/usr/bin/ctags: illegal option -- -
usage: ctags [-BFTaduwvx] [-f tagsfile] file ...
/Library/Developer/CommandLineTools/usr/bin/ctags: illegal option -- -
usage: ctags [-BFTaduwvx] [-f tagsfile] file ...
/Library/Developer/CommandLineTools/usr/bin/ctags: illegal option -- -
usage: ctags [-BFTaduwvx] [-f tagsfile] file ...
/Library/Developer/CommandLineTools/usr/bin/ctags: illegal option -- -
usage: ctags [-BFTaduwvx] [-f tagsfile] file ...
/Library/Developer/CommandLineTools/usr/bin/ctags: illegal option -- -
usage: ctags [-BFTaduwvx] [-f tagsfile] file ...
/Library/Developer/CommandLineTools/usr/bin/ctags: illegal option -- -
usage: ctags [-BFTaduwvx] [-f tagsfile] file ...
/Library/Developer/CommandLineTools/usr/bin/ctags: illegal option -- -
usage: ctags [-BFTaduwvx] [-f tagsfile] file ...
/Library/Developer/CommandLineTools/usr/bin/ctags: illegal option -- -
usage: ctags [-BFTaduwvx] [-f tagsfile] file ...
/Library/Developer/CommandLineTools/usr/bin/ctags: illegal option -- -
usage: ctags [-BFTaduwvx] [-f tagsfile] file ...
/Library/Developer/CommandLineTools/usr/bin/ctags: illegal option -- -
usage: ctags [-BFTaduwvx] [-f tagsfile] file ...
/Library/Developer/CommandLineTools/usr/bin/ctags: illegal option -- -
usage: ctags [-BFTaduwvx] [-f tagsfile] file ...
/Library/Developer/CommandLineTools/usr/bin/ctags: illegal option -- -
usage: ctags [-BFTaduwvx] [-f tagsfile] file ...
/Library/Developer/CommandLineTools/usr/bin/ctags: illegal option -- -
usage: ctags [-BFTaduwvx] [-f tagsfile] file ...
/Library/Developer/CommandLineTools/usr/bin/ctags: illegal option -- -
usage: ctags [-BFTaduwvx] [-f tagsfile] file ...
/Library/Developer/CommandLineTools/usr/bin/ctags: illegal option -- -
usage: ctags [-BFTaduwvx] [-f tagsfile] file ...
/Library/Developer/CommandLineTools/usr/bin/ctags: illegal option -- -
usage: ctags [-BFTaduwvx] [-f tagsfile] file ...
/Library/Developer/CommandLineTools/usr/bin/ctags: illegal option -- -
usage: ctags [-BFTaduwvx] [-f tagsfile] file ...
/Library/Developer/CommandLineTools/usr/bin/ctags: illegal option -- -
usage: ctags [-BFTaduwvx] [-f tagsfile] file ...
/Library/Developer/CommandLineTools/usr/bin/ctags: illegal option -- -
usage: ctags [-BFTaduwvx] [-f tagsfile] file ...
/Library/Developer/CommandLineTools/usr/bin/ctags: illegal option -- -
usage: ctags [-BFTaduwvx] [-f tagsfile] file ...
✔ TE-PRECISION: test-edge targets == independent scan of test-file references (15 cases) (752.43ms)
✔ TE-PRESERVE: no call/import edge from a test-file node to a prod symbol (42.479334ms)
✔ TE-QUERY-COMPLETE: --tests X == raw test-edge in-neighbors (96.690708ms)
✔ SC3: test edges do not count as callers/imports (orphan + callers contract) (110.391375ms)
✔ TE-ANON: anonymous test callback edges <module> -> prod:foo as a test edge (48.33575ms)
✔ TE-DESTRUCTURE: destructuring-param fn owns its body call and stays in impactOf (102.618541ms)
✔ JM-COMMENT: calls inside // and /* */ comments produce no call edge (67.962792ms)
✔ JM-STRING: // inside a string does not blank the rest of the line (48.14025ms)
✔ JM-TEMPLATE: call inside ${} interpolation still edges (58.031625ms)
✔ RX-RENAME: call via `export {x as y} from` barrel edges to impl:x (100.75425ms)
✔ RX-CHAIN: re-export through two barrels resolves transitively (48.63575ms)
✔ the no-progress guard is present in the shipped template (cannot silently regress out) (0.398125ms)
✔ a dominant final item terminates instead of overflowing the stack (0.181333ms)
✔ all-zero values terminate and still fully tile (no NaN from /0) (0.077208ms)
✔ large uniform input (the .live-scale case) terminates (1.743583ms)
✔ areas are proportional to value and tile the box exactly (0.317625ms)
✔ degenerate single and empty inputs are handled (0.908833ms)
✔ trend renders body-confirmed duplication across snapshots (oldest -> newest) (61.98125ms)
✔ trend --json emits structured per-snapshot metrics (55.109875ms)
✔ trend with no input exits 2 (usage) (52.188792ms)
✔ trend --git charts duplication rising across real commits (1270.212625ms)
✔ trend --git reused-ws belt: a failed middle commit is zeroed; neighbors stay correctly attributed (1090.997833ms)
✔ loadTsEngine returns null OR a {cyclomaticExact, version} engine — never throws (0.540625ms)
✔ cyclomaticExact: no decisions → 1 (6.572166ms)
✔ cyclomaticExact: if + && → 3 (0.563375ms)
✔ cyclomaticExact: switch cases + catch → 4 (0.385459ms)
✔ cyclomaticExact: loops + nullish → 4 (0.256291ms)
✔ precision: optional param `?:` is not a ternary (0.587042ms)
✔ precision: `.catch(` is a Promise method, not try/catch (0.184083ms)
✔ precision: logic inside a template interpolation is real branching (0.362291ms)
✔ determinism: identical input → identical value (0.333291ms)
✔ always >= 1, and empty/garbage input does not throw (1.736625ms)
✔ extractJsTs: method ids are class-qualified (file:Class.method), labels stay bare (2.045875ms)
✔ extractJsTs: this.m() + typed-receiver dispatch resolve to qualified method ids (0.698125ms)
✔ extractJsTs: deterministic across runs (1.153042ms)
✔ extractJsTs: garbage input never throws (graceful per-file fallback signal) (0.179166ms)
✔ L-MEM: every parser.parse site in ts-engine.mjs frees its tree (0.189ms)
✔ T1+T2: reordered statements pair as a near-miss clone, REVIEW-only (456.647ms)
✔ T3: structurally different bodies of similar length do not pair (486.625ms)
✔ T4: small bodies never fingerprint (exact-clone territory stays Signal A) (416.821291ms)
✔ T5: regex engine -> no fingerprints, no near-miss findings (326.025833ms)
✔ T6: determinism — same source, two workspaces, byte-identical graphs (mod generatedAt) (679.241541ms)
✔ the gate comment carries the org-dashboard line in its footer, beside the attribution (1.091583ms)
✔ the gate comment keeps its attribution footer when the upgrade line is suppressed (0.14875ms)
✔ a caller rendering its own dashboard link can turn the upgrade line off (0.056667ms)
✔ the trend nudge fires at 5 snapshots and stays silent at 4 (154.590792ms)
✔ the trend nudge is exactly one line, printed once, after the table (112.4675ms)
✔ trend --json stays pure JSON at any snapshot count (150.722334ms)
✔ both documented levers suppress the trend nudge at 5 snapshots (115.908791ms)
✔ placementsSuppressed reads the environment at call time, and only on "1" (0.1245ms)
✔ the shared report artifact keeps its attribution footer (0.656333ms)
✔ no placement string reaches any unsanctioned script, hook, or bin entry (7.120417ms)
✔ the sweep actually covers the three anti-placement surfaces (0.283292ms)
✔ behavioral: an MCP tool response carries no placement (59.61225ms)
✔ behavioral: error paths carry no placement (333.346667ms)
✔ the charter records which surfaces may carry an upgrade line, and which may never (0.449625ms)
✔ the suppression lever is documented where every other environment knob is (0.184917ms)
✔ lens-core: callers count reverse call edges only; blast is the impact closure (0.834916ms)
✔ lens-core: inherit edges make subclasses part of the blast (0.080208ms)
✔ lens-core: minCallers hides sub-threshold symbols; unknown file yields no lenses (0.082416ms)
✔ lens-core: blastOf uses the pointer-index walk, not shift()/spread-merge (#38 shape) (0.224917ms)
✔ lens-core: full-file pass scales ~linearly (2N pass ≈ 2× the N pass) (#38) (433.332042ms)
✔ lens-core: the linear-scaling estimator still fails a quadratic pass (#38 able-to-fail) (169.650041ms)
✔ lens-core: memo carry === cold rebuild for every id across randomized edge+node mutations (#38) (63.310958ms)
✔ lens-core: memo carry reuses untouched ids and drops affected ones (#38 counting) (0.187166ms)
✔ extension: selector covers all 13 native languages and wires the watcher + refresh (0.5335ms)
✔ extension: activation is graph-gated (workspaceContains) with onCommand fallbacks, no onStartupFinished (#38) (0.265875ms)
✔ release.yml: publish needs the test job — no publish path skips the suite (0.822375ms)
✔ release.yml: dispatched refs must be ancestors of origin/main, checked before tag creation (0.185291ms)
✔ release.yml: vsce is exact-pinned, never @latest, and no Marketplace publish exists (0.193ms)
✔ ci.yml: the test job runs an os x node matrix (0.059292ms)
✔ every actions/setup-node block across all three workflows enables the npm cache (0.2065ms)
✔ ci.yml: post-install AST probe + skip ceiling — an install hiccup cannot green-skip the AST tier (0.068917ms)
✔ ci.yml: a no-optional-deps job exercises the regex fallback for real (0.056125ms)
✔ codeweb-gate.yml: the structural self-gate installs deps (AST-aware, not regex-blind) (0.037833ms)
✔ ci.yml: committed docs/ is gated fresh after the site build (0.06525ms)
ℹ tests 1142
ℹ suites 0
ℹ pass 1135
ℹ fail 0
ℹ cancelled 0
ℹ skipped 7
ℹ todo 0
ℹ duration_ms 27598.0635
== 4/5 consistency ==
check-consistency: OK — v0.14.0, 28 tools, all surfaces aligned.
== 5/5 evals ==
ok    cli-help
ok    example-upper
ok    mcp-initialize
ok    mcp-tools-list
ok    query-help
evals: all 5 case(s) passed
ALL CHECKS PASSED
