== 1/5 spec lint ==
OK  SPEC.md: 18 live AC(s), 18 built and test-pinned
== 2/5 harness tests ==
----------------------------------------------------------------------
Ran 30 tests in 4.358s

OK
== 3/5 product tests ==

> @ghostlygawd/codeweb@0.14.0 test
> node --test "tests/**/*.test.mjs"

✔ cleanup marker (0.878ms)
✔ accessors (regex tier): getter keeps the bare id, setter gets @5 (88.64075ms)
✔ decl lines (regex tier): no class -> own-member phantom callers; setter call attributes to @5 (0.201959ms)
✔ module-level overload stubs (regex tier): stubs get @line ids; no <module> or self fabrication (0.165541ms)
✔ accessors (ast tier): getter keeps the bare id, setter gets @5 (129.702167ms)
✔ decl lines (ast tier): no class -> own-member phantom callers; setter call attributes to @5 (0.065167ms)
✔ module-level overload stubs (ast tier): stubs get @line ids; no <module> or self fabrication (0.513583ms)
✔ A/B: both tiers emit the identical id set for the accessor fixture (0.425333ms)
✔ regex method matcher probes: describe() never matches; it(...) noise is pre-existing; if dies in KEYWORDS (1.366459ms)
✔ teardown (0.468833ms)
✔ acquisition ledger parser keeps valid npm snapshots, de-duplicates dates, and skips torn rows (7.761667ms)
✔ npm range parser keeps valid daily values, de-duplicates dates, and skips invalid rows (0.362917ms)
✔ acquisition SVG is a mobile-readable line chart with honest source and cutoff metadata (5.014208ms)
✔ README puts the generated npm trend in the opening proof section (0.505042ms)
✔ proof-strip claims carry existing evidence paths and obey the brand shape rule (0.605166ms)
✔ every value-setting codeweb-ref: example pins the shipped release tag (11.816333ms)
✔ the codeweb-ref input declaration lives only in action.yml, and still defaults to main (6.788791ms)
✔ every codeweb-gate@ usage example pins a release tag, never @main (5.543334ms)
✔ the pinned tag is a released version, not an unreleased bump (0.521541ms)
✔ the doc pins are version-synced, so a release cannot leave them behind (0.173417ms)
✔ the ledger records gateReposExternal and surfaces WHY when it cannot (0.225125ms)
✔ the ledger accepts an operator-supplied search credential, gated like every other secret (0.080583ms)
✔ the newest ledger row carries the gateReposExternal field (0.319708ms)
✔ ac_12: every agent-path engine value (hybrid|tools|read) labels the brief payload (1.296958ms)
✔ ac_12: deterministic-pipeline engines (ctags|regex) carry no agent label (0.138208ms)
✔ ac_12: the rendered brief (session-start injection) says the provenance out loud (0.156333ms)
✔ ac_12: the fallback schema documents meta.engine as the provenance label (0.123084ms)
✔ FPR-STABLE: fingerprint ignores order / title / severity / evidence — only kind + symbol set (0.665625ms)
✔ FPR-STABLE (prop): fingerprint is deterministic and order-independent over random findings (3.114917ms)
✔ FPR-DISTINGUISHES: different kind or different node-set -> different fingerprint (0.10875ms)
✔ ANN-SUPPRESS-EXACT: applySuppressions removes exactly the matching findings; counts partition (0.1865ms)
✔ ANN-IDENTITY-CHANGE-RESURFACES: changing an implicated symbol id un-suppresses the finding (0.076042ms)
✔ ANN-KIND-JOINT: suppression keys on kind AND nodes — a different-kind finding over the same nodes stays visible (0.395416ms)
✔ ANN-EMPTY/ABSENT: no annotations file -> everything visible, none suppressed (0.438667ms)
✔ ANN-PERSIST-IDEMPOTENT: addSuppression writes .codeweb/annotations.json; twice -> one entry (0.902542ms)
✔ ANN-E2E-ROUNDTRIP: annotate writes where deadcode reads by default (597.154666ms)
✔ AE-IMMUTABLE: applyEdit never mutates its argument (4.543583ms)
✔ AE-DELETE: removes exactly the named nodes and every edge touching them (0.43675ms)
✔ AE-MERGE: drops non-canonical copies, redirects in AND out edges, drops self-loops, de-dups (0.089583ms)
✔ AE-MERGE: a pre-existing self-call on a copy stays a self-loop and is dropped (0.187875ms)
✔ AE-MOVE: changes only the target node file; nothing else (0.113875ms)
✔ SE-FAITHFUL (core): applyEdit agrees with independent naiveApply under structuralRegressions (17.292417ms)
✔ SE-DELETE-NO-NEW-COUPLING: every after-cycle is contained in some before-cycle (4.260209ms)
✔ atomicWrite: target parses, no temp sibling remains (1.529583ms)
✔ finding #42: stats + annotations writers are crash-safe (parse, no temp sibling, formatting kept) (3.640167ms)
✔ a corrupt graph.json is recomputed on re-map, not "stages reused"; intact workspaces still reuse (1007.027667ms)
✔ staleness: an edited source file annotates query results until refresh (214.069625ms)
✔ pre-edit hook: one-line advisory for a mapped, depended-on file; silent otherwise (114.923667ms)
✔ ambient loop: the pre-edit hook injects the explain card, not just a pointer (114.948875ms)
✔ ambient loop: MCP auto-refresh heals a stale graph in the BACKGROUND (finding 19) (431.711792ms)
✔ pre-edit hook envelope: additionalContext only — never a permissionDecision (155.844708ms)
✔ B1+B4: sections present, session valid, corpus skip explicit (3727.465ms)
✔ B2: a lowered budget fails the gate by name; real budgets pass (8023.032708ms)
✔ B2b: a toy fixture is unmeasurable however slow the machine is (the stage budgets stay off) (3776.613ms)
✔ B5: --check enforces the budgets without rewriting the receipt (9379.789833ms)
✔ B3: claims audit fails on a missing source and passes on the real tree (1.671459ms)
✔ bench: cost-only mode without a compiler oracle (graceful degradation) (249.618208ms)
﹣ bench: compiler-graded mode on a TS fixture (0.128416ms) # typescript not resolvable (set TS_MODULE to enable)
✔ bench: text summary is the default surface (257.067541ms)
✔ the boundary page ships as a source page AND as committed built output (0.511083ms)
✔ the boundary page states the free half in the ratified words (0.282208ms)
✔ the boundary page states the paid half — what money buys, and what it never breaks (0.363917ms)
✔ the pricing page ships as a source page AND as committed built output (0.116083ms)
✔ the pricing page carries the price, the seat definition, and the flat-unlimited framing (0.243208ms)
✔ the price is published as ratified INTENT, not as a live offer (0.13575ms)
✔ the pricing page carries a Teams sign-up rail pointing at the real App install flow (0.258291ms)
✔ the pricing page still separates the live install from the not-yet-live price (1.567084ms)
✔ the rival contrast names no competitor — category framing only (0.626166ms)
✔ the category price anchor cites the in-repo scan that recorded it (0.692458ms)
✔ no unreceipted number appears in the authored boundary/pricing copy (0.2535ms)
✔ both pages are registered in the PAGES table as listed pages (0.245791ms)
✔ both pages are in the committed sitemap (0.094833ms)
✔ the homepage nav reaches both pages, and the links resolve in docs/ (0.107875ms)
✔ the consistency sweeps cover both new pages (0.080542ms)
✔ C8: SPEC.md no longer gates the Teams tier behind the distribution trigger (0.121ms)
✔ C8: docs/ROADMAP.md no longer parks the Teams build or the boundary statement (0.125958ms)
✔ C8: the charter records the contradiction as resolved, not still-open drift (0.217042ms)
✔ B1: report template and site tokens carry the same core palette values (1.162042ms)
✔ B2: report template stays square, mono, and dark-by-default (0.703291ms)
✔ B3: docs/demo/index.html embeds the current report template (style + script parity) (0.1965ms)
✔ B4: no retired palette hex or rgba survives on an authored brand surface (6.139041ms)
✔ B5: brand SVGs are square-language (no circles, ellipses, or rounded rects); injected nav has no pills (0.462542ms)
✔ B6: assets/screens were re-verified after the last report-template change (stamp matches) (0.877792ms)
✔ B7: every "N symbols … M domains" and "N callers" caption matches docs/demo/axios.graph.json (2.019625ms)
✔ B8: no dead image references in README or site content (2.337ms)
✔ B9: terminal replay is evidence-backed, sanitized, and placed in the quickstart (0.557ms)
✔ CB-CHEAP/NO-FABRICATE/VERIFIED over random 2-cycles (40 cases) (2101.526167ms)
✔ CB-ADVERSARIAL: the cheaper of two working cuts is chosen (58.537958ms)
✔ CB-3RING: cheapest verified cut on random 3-file rings (20 cases) (1086.582917ms)
✔ CB-COVERS: an acyclic graph yields zero cycle proposals (49.209958ms)
✔ CB-DETERMINISTIC: identical input -> identical stdout (100.560959ms)
✔ CB-PSEUDO-EQ: cheapestCuts ≡ whole-graph oracle over 150 seeded all-kind cyclic graphs (incl. ref-closed + duplicates) (10.079541ms)
✔ CB-REF-ALIVE: given a call+ref pair, when its structural cut is tried, then the cycle survives and the next candidate is chosen (0.170042ms)
✔ brief: one page with counts, load-bearing symbols, tests, and findings (225.058125ms)
✔ session-brief hook: injects the briefing in a mapped repo, silent otherwise (100.491791ms)
✔ brief over MCP: 24th tool, served in-process, staleness-annotated shape (174.657958ms)
✔ BR-SIDECAR: hook output identical with, without, and with a stale brief.json (411.411916ms)
✔ unmapped repo with source gets ONE nudge; stamped and source-less dirs stay silent (154.136ms)
✔ build-report does not embed the absolute local path (meta.root) in report.html (68.621959ms)
✔ two identical runs produce byte-identical report.html and (with SOURCE_DATE_EPOCH) graph.json (195.610125ms)
✔ report.html embed strips unread node/edge fields; graph.json keeps them (#36) (65.388083ms)
✔ report carries og metadata, the pipeline-findings renderer, and the shareable-hash machinery (71.206125ms)
✔ report ships light+print themes, focus-visible parity, ARIA tab wiring, and no blocking prompt (0.574ms)
✔ CF-SHAPE: v16 entries hold interned edges and NO syms; warm no-change replays byte-identically (183.006042ms)
✔ CF-HASH-HIT: touched-but-unchanged file replays the full product set without a re-scan (360.694667ms)
✔ CF-MIGRATE: a stale-version cache (planted poison) is discarded — cold rebuild, byte-equal to no-cache, cache rewritten at the live version (301.145958ms)
✔ CF-NEST-FLIP: nesting a fallback target invalidates its consumers, warm stays byte-equal to cold (298.513958ms)
✔ CF-SKIP-WRITE: an unchanged fragment is not rewritten (mtime stable), a changed one is (285.355ms)
/Library/Developer/CommandLineTools/usr/bin/ctags: illegal option -- -
usage: ctags [-BFTaduwvx] [-f tagsfile] file ...
✔ map + post-edit hook + refresh share ONE cache file, and warm runs ride it (666.527167ms)
✔ X.member.call(...) resolves to the underlying function (45.268917ms)
✔ X.member.apply(...) resolves to the underlying function (23.492875ms)
✔ PRECISION: a param obj.member.call() fabricates no edge (19.09225ms)
✔ CMP-GREEN-CHAIN: applying the plan in order introduces no file cycle absent at the start (20.809958ms)
✔ CMP-INCLUDES-MERGES: emitted merges are real opportunities; not all merges are dropped (12.794709ms)
✔ CMP-ORDER: cuts precede deletes precede merges; within a phase ROI is non-increasing (5.150291ms)
✔ CMP-MONOTONE-DELTAS: cumulative locReclaimed AND cyclesBroken non-decreasing; totals == sum (4.434167ms)
✔ CMP-BUDGET: --budget N yields the first-N prefix of the full ordered plan, at several lengths (13.973917ms)
✔ CMP-EMPTY + CMP-DETERMINISTIC: clean graph -> empty plan; deterministic incl. shuffled input (0.379416ms)
✔ CMP-CLI: campaign.mjs --json composes all three advisors — a delete AND a merge appear (120.394583ms)
✔ CMP-CONCURRENT-STABLE: campaign --json is byte-stable + banner-clean on a cycles+dups+orphans fixture (222.922458ms)
✔ CMP-DELETE-ROI: delete steps rank and project by the deadcode `loc` field (0.311458ms)
✔ CMP-DELTA-EQUIV: simulator-chained plan == historical clone-chain plan (120 cases) (13.675ms)
✔ B1: edits touching card-named caller files count once each; the card set is consumed (535.649542ms)
✔ B2: the card's own subject file never counts as following the advice (301.669667ms)
✔ B3: a new card replaces the pending set; B4: opt-out records nothing (366.26975ms)
✔ A1: non-goal 5 is struck — the distribution trigger no longer gates the Teams build (0.67825ms)
✔ A1 does not loosen non-goal 4 — the local product still takes no accounts or telemetry (0.10225ms)
✔ A2: non-goal 8 is amended, not struck, and names the second trusted source (0.130625ms)
✔ A3: the boundary section states the rule, where billing lives, and the price intent (0.180708ms)
✔ A4: non-goal 6 stands live and its reaffirmation is on the record (0.099667ms)
✔ every 2026-08-17/18 amendment is indexed, dated, and attributed (0.240417ms)
✔ the open-questions discipline survives the amendment (0.268458ms)
✔ the ratified job line is untouched by the amendment (0.286083ms)
✔ CH1: counts commits per file, window-bounded, cached by HEAD (569.645166ms)
✔ CH2: not a git repo -> {} (advisors degrade to churn-less ranking) (68.803416ms)
✔ ci-gate fails (exit 1) when the working tree introduces a new duplication (1449.885792ms)
✔ ci-gate passes (exit 0) when the working tree matches base (1506.004459ms)
✔ ac_13: ci-gate --md carries real duplication evidence and commit-pinned subdirectory links without changing the verdict (1747.012042ms)
✔ ac_13: dirty source locations stay plain text for untracked, modified and staged files (5094.998292ms)
✔ ci-gate without --base exits 2 (usage) (54.77875ms)
✔ ci-gate exits 2 (not a crash) when the base ref cannot be resolved (933.123583ms)
✔ the composite action ships the sticky-comment reviewer, opt-in and fork-safe (0.472459ms)
✔ a static-method call on an imported class refs the CLASS (and still calls the method) (39.190625ms)
✔ instanceof on an imported class refs the CLASS (23.496833ms)
✔ construction still produces a call edge to the class (18.714083ms)
✔ PRECISION: an object-default member access creates NO class ref (19.835167ms)
✔ DEPENDENTS: --dependents of the class unions the ref users, with a ref byKind breakdown (73.427417ms)
✔ F1 run.mjs --help prints usage and exits 0 (it used to error "target not found: --help") (46.050667ms)
✔ F2 run.mjs rejects an unknown flag with usage, exit 2 (49.92725ms)
✔ F3 run.mjs with no target maps the cwd — a sourceless cwd is refused by the guard, not usage (161.691541ms)
✔ F4 every USAGE-bearing CLI answers --help with exit 0 (1254.627958ms)
✔ F5 graph auto-discovery: bare query works from inside a mapped repo, and says which graph it used (56.39375ms)
✔ F6 bare stats works from a mapped repo (the README-advertised invocation) (56.101166ms)
✔ F7 outside any mapped repo, bare query still dies with usage (exit 2) (69.64325ms)
✔ F8 build-report IO failures use exit 2 per the convention (52.879834ms)
✔ F9 run.mjs success points the user at the report (416.773834ms)
✔ F10 context-pack works with a bare symbol from a mapped repo (53.209ms)
✔ API F7: refresh, fitness, placement, codemod discover the graph via the walk-up (364.229083ms)
✔ API F7: unmapped, the four die with the shared usage naming CODEWEB_WS (exit 2) (231.62625ms)
✔ explain.mjs rejects an unknown flag with usage, exit 2 (was: --jsno silently ignored -> exit 0) (47.461667ms)
✔ diff.mjs rejects an unknown flag with usage, exit 2 (was: bogus flag silently ignored -> exit 0) (58.384959ms)
✔ brief/stats/coverage reject an unknown flag with usage, exit 2 (one policy) (153.656833ms)
✔ bench-ts-engine.mjs rejects an unknown flag with usage, exit 2 (was: swallowed into the target positional -> exit 1 "target not found") (61.833208ms)
✔ explain.mjs: --json still parses, positionals resolve (graph + symbol -> found) (48.154292ms)
✔ diff.mjs: --json still parses, positionals resolve (before + after -> no regressions) (53.932417ms)
✔ --help still prints usage and exits 0 on every converted front door (287.862333ms)
✔ coach: did-you-mean on a near-miss flag, silence on a far one (103.64125ms)
✔ coach: --flag=value parses for value flags and bool switches take =false (122.354959ms)
✔ coach: unmapped directory gets cause + remedy, usage appended (ERRORS R1) (49.929584ms)
✔ default de-hub (indeg>=12) keeps hooks callers in their home directory (46.747ms)
✔ disabling de-hub lets the hub bridge hooks callers into lib (the bug de-hub prevents) (54.693291ms)
✔ domains are named after directories, not utility symbols (54.823625ms)
✔ meta is carried forward from fragment into graph (56.669292ms)
✔ CM-GATE-AGREE: plan.projectedGate == structuralRegressions(applyEdit(merge)); deletions/rewrites exact (30 cases) (1698.633166ms)
✔ CM-PLAN-PURE: a plan-only run leaves graph.json byte-identical (64.219875ms)
✔ CM-WRITE-REVERSIBLE: a predicted-regression --write leaves source byte-identical and exits 1 (58.30525ms)
✔ CM-INTO-RESOLVES: unresolvable/ambiguous --into exits 2 and touches nothing, even with --write (55.879333ms)
✔ CM-WRITE-STRING-GUARD: a loser label inside a string refuses --write and reverts byte-identically (52.124375ms)
✔ CM-WRITE-COMMENT-OK: a comment mention is skipped (and counted), live code is rewritten (179.632959ms)
✔ CM-IMPORT-REPOINT: a consumer importing the loser ends up importing the canonical from its real file (186.7135ms)
✔ CM-IMPORT-REPOINT-MTS: an .mts consumer importing the loser is repointed too (195.107417ms)
✔ CM-WRITE-SUCCESS: a safe same-file merge applies and the loser definition is gone (200.704917ms)
✔ CM-COPY: plan text owns its check, hedges the rewires, and is honest about undo (48.167042ms)
✔ CX-MIN-ONE: a straight-line body has cyclomatic 1; an empty body has 1 (1.669333ms)
✔ CX-COUNT-JS: cyclomatic === 1 + (if|for|while + && + || + ternary) decision tokens (0.104834ms)
✔ CX-COUNT-PY: python elif / except / and / or count as decisions (lang=py) (0.187875ms)
✔ CX-COUNT: monotone — appending a snippet with d decisions raises cyclomatic by exactly d (3.871792ms)
✔ CX-RENAME-INVARIANT: renaming identifiers (not keywords) never changes cyclomatic (3.885875ms)
✔ CX-IGNORES-STRINGS-COMMENTS: decision keywords inside strings/comments are not counted (0.092083ms)
✔ CX-DETERMINISTIC: same source -> same cyclomatic (0.367125ms)
✔ CXD-FLAT: nestingDepth — flat body <= 1, one block = 1, nested blocks count (1.578166ms)
✔ CXD-NONNEG + brace/string safety: never negative; braces in strings/comments ignored (1.631792ms)
✔ CXD-PY: python nesting depth follows indentation (0.233417ms)
✔ extractor stamps pub through named and star re-export chains, and meta.dynamic (109.395333ms)
✔ explain: public API and dynamic-dispatch caveats calibrate the card (215.833292ms)
✔ callers/dependents: a zero answer carries its asterisk instead of false confidence (261.332833ms)
✔ ac_14: context reports capped, unmatched, and unavailable source evidence independently of neighbor lists (4.935708ms)
✔ ac_14: list budgets report blast omissions; complete lists never promise complete analysis (0.32475ms)
✔ ac_14: freshness distinguishes unchanged stamps, stale data, and missing stamps (0.958584ms)
✔ ac_14: CLI and MCP emit identical context analysis and evidence (119.493417ms)
✔ CP-COMPLETE & CP-SOUND: callers/callees equal the independent raw-edge neighbor sets (791.278125ms)
✔ CP-BLAST-SUPERSET: blastRadius ⊇ callers and excludes the target (826.289375ms)
✔ CP-BOUNDED: callees and blastRadius carry NO body text (only target+callers do) (45.788875ms)
✔ CP-M3: a label resolving to multiple nodes returns the UNION across all matched ids (60.42125ms)
✔ CP-DETERMINISTIC: same graph+symbol -> identical stdout (107.188792ms)
✔ SC1: unknown symbol -> exit 1 (52.265209ms)
✔ SC1: resolves a bare label to its node (70.583166ms)
✔ CP-BODY-FIDELITY: target & caller bodies are byte-for-byte the real source lines (107.420583ms)
✔ CP-SC4: source absent -> bodies null and sourceAvailable false (never a guess) (58.912042ms)
✔ current Markdown prose stays under 55 words per paragraph (5.772792ms)
✔ current authored HTML prose stays under 55 words per paragraph (1.906375ms)
✔ listing descriptions (package/plugin/marketplace) stay under 55 words (0.499042ms)
✔ C1 lcov parses and annotates: executed -> covered+hits, instrumented-but-idle -> covered:false, unseen file untouched (0.927666ms)
✔ C2 istanbul/c8 JSON parses to the same shape (0.154083ms)
✔ C3 the CLI annotates a graph on disk and explain/tests/context surface the facts (220.47675ms)
✔ C4 refresh drops stale coverage annotations and says how to restore them (326.444875ms)
✔ C5 dogfood: Node's own lcov reporter output annotates a real codeweb graph (288.132708ms)
✔ C1: the trust/offer line answers cost + safety at every ask (0.695541ms)
✔ C3: peak conviction has an ask — demo CTA and report footer (0.321667ms)
✔ C4: the install chooser is labeled by situation, and the npx form is the cheap one (0.264792ms)
✔ C5: the one hard requirement (Node >= 22) is stated at the README install decision (0.764041ms)
✔ C7: MCP is expanded at first use (0.424542ms)
✔ C8: start.html shows the payoff — the map, the ~3 s, and what success looks like (0.5225ms)
✔ C9: the closing sells the human, in plain words, without a 0-star star-beg (0.126958ms)
✔ C6: the tool wall opens with a job-framed index (0.121459ms)
✔ cold run: ONE batched ctags process (-L -) serves every file (386.375208ms)
✔ untouched warm run: zero ctags processes (stamp tier) (143.894ms)
✔ warm run with one changed file: one PER-FILE spawn, not a whole-repo batch (201.791792ms)
✔ DC-MEMBERSHIP: safe == inline-recomputed (orphans − test-targeted − entrypoints) over random graphs (2210.402916ms)
✔ DC-FIXTURE: test-targeted/entrypoint/test-file-defined -> review, plain orphan -> safe (54.709291ms)
✔ DC-COPY: text heading hedges up front and shows the suppress door (52.037125ms)
✔ DC-DETERMINISTIC: identical input -> identical stdout (93.654417ms)
✔ DC-SCOPE: non-product orphans are excluded by default with counts; --all restores them (113.229458ms)
✔ DC-MANIFEST: a file named by package.json main/bin is review-tier, never safe (48.140459ms)
✔ DC-CLOSURE: a function inside a reachable parent span is review-tier (closure-reachable) (50.499959ms)
✔ D1: fewer than two graph args prints usage to stderr and exits 2 (43.563542ms)
✔ D1b: a missing graph file exits 2 with a clear message (no raw stack) (57.640875ms)
✔ D5: identical snapshots -> empty deltas, ok:true, exit 0 (54.294625ms)
✔ D3: adds a cycle + duplicate + a brand-new orphan node -> cycle & dup are regressions; new node is NOT (56.236875ms)
✔ D3b: an EXISTING node that loses its only caller is a regression (ok:false, exit 1) (51.007125ms)
✔ D4: the reverse diff (pure removals) is NOT a regression -> ok:true, exit 0 (67.578042ms)
✔ D-overlap-identity: the same finding with a different id/title is NOT added or removed (55.787042ms)
✔ D-sparse: graphs missing top-level arrays normalize instead of crashing (50.101041ms)
✔ D6: --json output is byte-stable and the CLI actually ran (not a vacuous pass) (114.514459ms)
✔ D-RENAME-PIN-inplace: same file, new name, same body -> renamed (not delete+add) (57.148625ms)
✔ D-RENAME-PIN-move: same label, moved file, same body -> renamed via the sameLabel path (68.453542ms)
✔ D-RENAME-PIN-submatch: a genuinely different body (sim < 0.85) is NOT a rename (60.624667ms)
✔ D-RENAME-PIN-spanshape: unreadable bodies fall back to same-file span-shape (sim null) (62.143459ms)
✔ D-RENAME-LONGBODY: an obvious >400-line rename still detects under the body cap (68.981584ms)
✔ D-RENAME-CAP: >200 on a side skips detection with an additive renameCheck marker (empty side gets none) (125.544208ms)
✔ D-RENAME-CAP-text: the cap-trip prints one text-mode line naming the skip (52.7745ms)
✔ ac_16: diagnostics from the installed front door are read-only and name exact missing-map repair arguments (84.752125ms)
✔ ac_16: diagnostics distinguish stale, unstamped, invalid, and unavailable-source graphs without changing them (178.303166ms)
✔ ac_16: directory discovery and explicit workspace override are visible (174.887042ms)
✔ IOV-DETECTS: a changed symbol that copies an existing body is reported (sim >= high) (1.474625ms)
✔ IOV-BOUNDARY: detection happens iff body-Jaccard >= high, across the whole 0..1 range (16.803792ms)
✔ IOV-REFLEXIVE-EXCLUDED: over random multi-symbol graphs, a symbol never dups itself (2.21675ms)
✔ IOV-THRESHOLD: a distinct body (sum) is not flagged as a duplicate of anything (0.3785ms)
✔ IOV-DETERMINISTIC: same input -> same output (sorted) (0.154958ms)
✔ IOV-MATCHES-FINDSIMILAR: top dupOf equals find-similar.mjs top match (one truth, {root} mode) (51.827459ms)
✔ DUP-GATE-DETECTS: review --before --gate on the file that added a clone -> newDuplications + exit 1 (66.067ms)
✔ DUP-GATE-CLEAN: changing a non-duplicating file reports no newDuplications and passes the gate (56.057209ms)
✔ DUP-GATE-THRESHOLD: a ~50%-similar edit is below the high bar -> not flagged, gate stays green (56.71875ms)
✔ IOV-PIN-26: >400-line pool body (capped), unreadable body, and no-match are pinned (7.495333ms)
✔ DC-SIDECAR-EQ: sidecar-fresh ≡ live byte-identical (CRLF + >400-line pool bodies); stale/v1 rejected; missing id still found; changed ids shingle live (30.263917ms)
✔ DC-PREFILTER-EXACT: prefiltered results == filterless oracle on random pools (40 cases) (10.8155ms)
✔ ED-IDFILE: idFile splits a node id on its last colon (paths use / , label after last :) (1.215792ms)
✔ ED-PRECEDENCE: alias > same-file > unique-in-package (1.2745ms)
✔ ED-AMBIGUOUS: two in-package defs of the same name drop (ambiguous counted) (0.112875ms)
✔ ED-KEYWORDS: a language keyword call-shape produces no edge (0.091541ms)
✔ ED-TESTKIND: a test-file caller of a prod symbol reclassifies to a test edge (0.079625ms)
✔ ED-RBPHP-FILTER: a Ruby/PHP bare name never reaches another file owner-qualified method (0.080792ms)
✔ ED-LEGACY-FALLBACK: both states — off drops ambiguous, on wires defs[0] (0.107125ms)
✔ ED-NSALIAS: ns-alias member + .call/.apply chain resolves via resolveFileMember (0.204125ms)
✔ ED-SELF-SUPPRESS: self-call and same-decl-line call produce no edge (0.095083ms)
✔ ED-CLOSURE-LOCAL: a bare name never resolves to a closure-local target in another file (0.099542ms)
✔ ED-RETURN-SHAPE: return carries edges/hasModule/ambiguous/short/cand (0.077834ms)
✔ PUB-WALK: entry-reachable exports (direct + through a re-export chain) are stamped (0.243333ms)
✔ PUB-WALK: no manifest / no entry -> empty stamp set (no fs in the lib) (0.047416ms)
✔ TYPED-INTENTS: a receiver class resolving to exactly one file wires; ambiguous/absent drop (0.14475ms)
✔ TYPED-INTENTS: ambiguous class (two defining files) drops (0.072708ms)
✔ TYPED-INTENTS: a test-file caller reclassifies to a test edge (0.056542ms)
✔ ac_15: baseline captures refreshed source and survives refresh/snapshot; verification sees later edits (682.294584ms)
✔ ac_15: invalid baselines fail before mutation; failed extraction preserves a previous baseline (249.597334ms)
✔ ac_15: structurally invalid baseline JSON fails before refreshing the live graph (150.886208ms)
✔ ac_15: queued MCP begin/verify is ordered; background refresh preserves baseline and verification finds a regression (1192.87875ms)
✔ ac_15: a dropped overlap set is not a clean duplication check or a claimed fix (0.698541ms)
✔ ac_15: review identifies unevaluated structure and unavailable duplication evidence (53.270792ms)
✔ frozen truth (args.truth) SKIPS the oracle and runs reps with a paired-delta mean +/- SD headline (3.609ms)
✔ args delivered as a JSON STRING is parsed (regression: must not silently fall back to the oracle) (1.374375ms)
✔ M1: args.root repoints every prompt path — the harness is portable (Spec M) (0.807167ms)
✔ M1b: defaults unchanged without args.root (backward compatible) (0.300584ms)
✔ M2: args.budgeted flips the treatment arm to MCP-parity budgeted consumption (Spec M) (1.08975ms)
✔ M3: the graph pre-flight proves truth ids resolve — exit 2 when one does not (Spec M) (630.4445ms)
✔ without args.truth the per-run oracle IS spawned (backward compatible) (1.090375ms)
✔ parseLabel maps control/treat labels to arm + task + rep (and rejects others) (0.80975ms)
✔ stat returns mean / sample-SD (n-1) / n, matching the harness aggregation (0.12975ms)
✔ aggregateUsage computes the paired-delta headline (mean +/- SD over reps) per metric (0.503792ms)
✔ CLI joins a Workflow journal to transcripts and writes a paired-delta usage.json (67.465375ms)
✔ E1 given an empty directory, extract exits 1 and says no supported source was found (105.727042ms)
✔ E2 given only unsupported files, extract exits 1 with the same guidance (109.295167ms)
✔ E3 given --allow-empty, an empty target extracts an empty fragment and exits 0 (106.103625ms)
✔ E4 given supported files that define no symbols, extract exits 1 and says so (133.376458ms)
✔ E5 given an empty target, run.mjs aborts at extract with the message visible (148.190833ms)
✔ E6 given --allow-empty, run.mjs completes the pipeline on an empty target (422.891167ms)
✔ E7 given a nonexistent target, run.mjs exits 2 and leaves NO .codeweb behind (82.248583ms)
✔ ENC-PROP: innermost index equals the linear enclosing() scan on every line (7.515834ms)
✔ ENC-PROP: owner stack equals the :422 class-owner scan over a line-sorted build loop (4.763959ms)
✔ ENC-GOLD: regex-tier owner-qualified ids unchanged on nested/adjacent/same-line class shapes (95.157958ms)
✔ ENC-GOLD-AST: default-engine ids add the tree-sitter method nodes (single-line bodies) (102.866291ms)
✔ ENC-BIG: single big-file extract is deterministic byte-for-byte (624.748375ms)
✔ CA1 (c): a bound function-pointer table wires the call to its implementation (211.640125ms)
✔ CA2 (c): an UNBOUND receiver wires nothing — a pointer parameter is not evidence (138.874375ms)
✔ CA3 (c): a field bound TWO ways in one file is ambiguous — neither wires (106.5475ms)
✔ CA4 (c): the tier adds EDGES only — node sets are identical across engines (206.159333ms)
✔ CA5 (c): the C fixture holds under CODEWEB_ENGINE=tree-sitter (132.858125ms)
✔ CA6 (c++): the C++ fixture holds under CODEWEB_ENGINE=tree-sitter (141.922584ms)
✔ CA5 (c): the C fixture holds under CODEWEB_ENGINE=regex (76.170041ms)
✔ CA6 (c++): the C++ fixture holds under CODEWEB_ENGINE=regex (91.298458ms)
✔ CA7: the tree-sitter run never claims a tier it did not use (122.489959ms)
✔ X1 (c++): unique typed-receiver dispatch resolves cross-file with the AST tier only (264.505084ms)
✔ X1b (c++): a NAMESPACE-QUALIFIED parameter type dispatches on its tail (139.835959ms)
✔ X1c (c++): a class SPLIT across header and .cpp is one class, not an ambiguity (196.802ms)
✔ X2 (c++): an ambiguous receiver class wires NOTHING (144.710041ms)
✔ X3 (c++): this-calls resolve in-file; the node set is identical across engines (238.2695ms)
✔ T1 (java): unique typed-receiver dispatch resolves cross-file with the AST tier only (193.048833ms)
✔ T2 (java): an ambiguous receiver class wires NOTHING (95.9725ms)
✔ T3 (java): this-calls resolve in-file; the node set is identical across engines (214.299875ms)
✔ T1-cs (c#): typed-receiver dispatch, Allman style (198.46025ms)
✔ C1: functions are extracted from .c and .h with C linkage as the export rule (60.651583ms)
✔ C2: a cross-file call through a header resolves to the definition (20.550459ms)
✔ C3: #include "…" becomes an import edge to the header module (24.035667ms)
✔ C3b: system includes and unresolvable headers are dropped, never guessed (17.664833ms)
✔ C4: a struct of function POINTERS mints no symbols and guesses no call (20.224958ms)
✔ C5: control flow, macros and casts never become phantom symbols (16.657875ms)
✔ C6: a .h holding a real definition is scanned like any other translation unit (15.51225ms)
✔ C7: SRC_RE and langOf agree on the C extension family (and C++ is untouched) (0.115ms)
✔ C8: a mixed C and C++ tree reports both languages, each with its own rules (26.748041ms)
✔ EX-CX-PRESENT: every function/method node carries integer complexity (>=1) and maxDepth (>=0) (140.582875ms)
✔ EX-CX-VALUES: a straight-line fn is complexity 1; a branchy fn is clearly higher (145.47625ms)
✔ EX-CX-MATCHES-LIB: graph complexity == lib/complexity.cyclomatic of the real body lines (131.283167ms)
✔ EX-CX-ONLY-CALLABLE: class and module nodes carry no complexity field (148.735208ms)
✔ CPP1: classes, in-class methods, out-of-line methods, and namespace-scope functions (50.987292ms)
✔ CPP2: prototypes are not symbols — a declaration and its definition never collide (28.874625ms)
✔ CPP3: cross-file call edges resolve to the definition (15.247542ms)
✔ CPP4: #include "…" becomes an import edge to the header module (13.745459ms)
✔ CPP4b: the include/ + src/ split resolves — the dominant real-world C++ layout (24.538791ms)
✔ CPP4c: an AMBIGUOUS basename is dropped — a guess is worse than an absent edge (19.149291ms)
✔ CPP5: angle-bracket and unresolvable includes are dropped, never guessed (27.20525ms)
✔ CPP6: control flow, lambdas and statements never become phantom symbols (19.599875ms)
✔ CPP7: meta.languages reports cpp for every C++ extension (19.957167ms)
✔ CPP8: SRC_RE and langOf agree on the C++ extension family (0.151042ms)
✔ forced --engine regex: no complexityEngine field (output shape unchanged) (1.204417ms)
✔ default (no flag) = tree-sitter when installed, regex fallback otherwise (0.268917ms)
✔ tree-sitter run: exact complexity + meta records the pinned engine (0.123042ms)
✔ the opt-in demonstrably changes behavior: regex diverges from exact on the marked symbols (0.088083ms)
﹣ graceful fallback: with the engine unavailable, --engine tree-sitter == regex output (0.053084ms) # engine available — fallback path not exercised here
✔ unknown --engine exits 2 with the valid set; --engine regex still works (143.079458ms)
✔ tree-sitter: method node ids are class-qualified; class/function ids stay bare (0.165666ms)
✔ tree-sitter: dynamic-dispatch call edges (this.* + typed receiver) are wired (0.106417ms)
✔ default (regex) run: method ids match the tree-sitter qualification scheme; still NO dispatch edges (0.092291ms)
✔ Go: func/method/struct/interface become nodes with the right kind and Go visibility (48.218083ms)
✔ Go: in-body calls wire by name (with ambiguity drop) (20.894834ms)
✔ Go: meta.languages reports go (25.147ms)
✔ Java: types/methods/constructors with visibility, owner-qualified ids, no control-flow phantoms (103.699917ms)
✔ Java: FooTest.java and src/test/ classify as test role (93.567166ms)
✔ C#: Allman-brace + expression-bodied members, owner-qualified, base-list inherit, no phantoms (126.446ms)
✔ C#: .csproj marks a package boundary (no cross-project bare-name edges) (124.64225ms)
✔ (a) decl-line magnet: `function metrics(g) {` fabricates no ref to a test-file g (102.981792ms)
✔ (a-inv) test -> product survives, relabeled kind `test` (the gate is one-directional) (106.455958ms)
✔ (b) body param shadow: `walk(rel)` using `rel` never falls back to a global rel() (108.152167ms)
✔ (c) short-name guard: a free-floating 1-char bare ref is dropped and counted (103.706291ms)
✔ (e) python: __init__ param shadows a module symbol inside __init__ only (90.482125ms)
✔ (f) closure-local magnet: loop-var `dep` never ref-resolves into another file's closure (142.038917ms)
✔ (d) suppression is per-binding: f(map) loses the edge, sibling h() keeps it (88.779792ms)
✔ Rust: fn/struct/impl-method become nodes with the right kind and exports (32.973459ms)
✔ Rust: in-body calls wire by name (with ambiguity drop) (18.746083ms)
✔ Rust: meta.languages reports rust (22.409833ms)
✔ discovers every symbol (9 across 8 files) (50.905959ms)
✔ FIX: ambiguous multi-def bare call is dropped, not wired to a global def (24.373875ms)
✔ LEGACY toggle restores the pre-fix byName[0] wiring (fix is load-bearing) (17.710959ms)
✔ same-file definition resolves authoritatively (15.48275ms)
✔ single-def bare name still falls back to the one global def (22.323083ms)
✔ imported symbol resolves to the imported target, beating both drop and byName[0] (20.510125ms)
✔ meta block is the single source of truth for the target (19.200666ms)
✔ extract-symbols writes output when invoked through a symlinked script path (116.318291ms)
✔ symlinked and real invocation paths produce the same fragment (184.486083ms)
✔ body spans survive multi-line template literals with braces (no more swallowed neighbors) (40.449292ms)
✔ nodes carry a role derived from their path (16.673708ms)
✔ bare-name resolution stays inside a package boundary (no cross-package collision edges) (46.7305ms)
✔ class-field arrow methods: discovered inside a class (qualified), NOT outside one (20.142959ms)
✔ v9: `export * from` barrel chains resolve to the real symbol (no swallowed edges) (16.481917ms)
✔ FS-ORACLE: reported sims + ranking match the independent shingler over random bodies (40 cases) (2222.225458ms)
✔ FS-DOGFOOD: the shared shingler is byte-stable (keywords + strings/comments handled) (0.538209ms)
✔ FS-SELF: an exact-body candidate self-matches at sim 1.0, ranked first (49.041375ms)
✔ FS-NEGATIVE: no reported match has sim < 0.15 (1089.596958ms)
✔ FS-BOUNDED-K: --k truncates to the top-K (51.910042ms)
✔ FS-TRUE-TOTAL: count is the pre-cap match total; more.remaining marks the k-cap (123.740458ms)
✔ FS-DETERMINISTIC: identical inputs → identical stdout (115.854334ms)
✔ SC3: missing meta.root → exit 2 with an explicit reason (51.986625ms)
✔ usage: no --body/--stdin/--signature → exit 2 (53.058541ms)
✔ FS-SIDECAR: sidecar path == live path byte-for-byte; stale sidecar falls back (315.149083ms)
✔ find: ranks the product symbol first and says why (165.302541ms)
✔ find: multi-term coverage beats single-token hits; stemming bridges morphology (259.858709ms)
✔ find: budgeted output with true totals; usage errors are actionable (234.849125ms)
✔ find over MCP: 23rd+ tool, served in-process from the cached graph, budgeted (192.230417ms)
✔ FR1: marketplace.json exists and satisfies the marketplace-add contract (0.834833ms)
✔ FR2: bare run maps the current directory into ./.codeweb; usage states both defaults (459.498125ms)
✔ ac_17 FR3: the first-run banner leads with the result and a next: block — no fossil strings (448.912208ms)
✔ FR4: overlap, optimize, and build-report print one findings vocabulary (429.541667ms)
✔ FR5: an empty map is announced as EMPTY; the empty-target error routes to the agent fallback (621.692375ms)
✔ FR6: bin wrappers guard the Node version and forward faithfully (101.504ms)
✔ FR7: the result block rides stdout (2>/dev/null-surviving); stage progress stays off it (458.608375ms)
✔ FR8: --json emits exactly one parseable line on stdout with the five keys — no text block (472.6065ms)
✔ FR9: a memo-reuse run still prints the done line on stdout, and --json says reused:true (776.381625ms)
✔ ac_17: README and agent rules preserve the baseline through repair (1.256ms)
✔ ac_17: the published cycle commands find the caller, go red, then repair to green (1186.989708ms)
✔ FR-FORBIDDEN-SOUND: forbidden-dependency violations == inline edge filter (40 cases) (2228.291416ms)
✔ FR-LAYER: layer violations == inline upward-edge filter (1089.668291ms)
✔ FR-FANIN: max-fan-in violations == inline callIn count over the limit (50.902625ms)
✔ FR-CYCLE-AGREE: no-cycles flags a real cycle (with files) and passes a clean graph (106.647667ms)
✔ FR-EXIT: error->exit 1, warning->exit 0; unknown rule type -> exit 2 (159.839458ms)
✔ F1: MCP simulate on an unknown symbol never returns an empty success (111.251ms)
✔ F1: simulate-edit --json emits found:false JSON on stdout for an unknown symbol (58.403834ms)
✔ F2: required-arg errors distinguish missing / wrong type / empty (54.709208ms)
✔ F3: garbage/negative limit, offset, window are errors — never a silently-disabled budget (67.350542ms)
✔ F4: a misconfigured fitness rule dies at load — the gate never passes while checking nothing (222.329375ms)
✔ F5: a roles-only codeweb.rules.json is "0 rules configured", not a rejection (55.160542ms)
✔ F6: a malformed target rules file names itself; an unknown top-level key warns (182.603ms)
✔ F7: release.mjs — --help works, unknown flags die, --version is semver-validated (137.880291ms)
✔ F8: reading-order rejects an invalid --scope kind with the valid set (45.196ms)
✔ F9: run.mjs --coverage validates the path before any stage runs (48.461ms)
✔ F10: --help documents every real flag on the advisors that hid theirs (207.229ms)
✔ F11: codeweb_review stops advertising params that do nothing (67.431833ms)
✔ F12: codemod infers the survivor when into is omitted; fitness discovers its rules file (169.2035ms)
✔ F13: near-miss suggestions catch a 1-2 edit typo (1.807166ms)
✔ F14a: codemod usage brackets --into as optional (54.902041ms)
✔ F14c: CLI negative --limit dies at parse, matching the MCP clamp (50.471125ms)
✔ API F4: an unknown argument key is rejected naming the near-miss, never silently ignored (60.444042ms)
✔ API F4: boolean params validate like numerics — full:"false" means FALSE, garbage errors (56.811125ms)
✔ API F4: reading_order scope without value is a correction, not a silent whole-repo answer (138.296208ms)
✔ API F5: context `bodies` owns caller rendering; `full` stays the unabridged-list switch (59.300875ms)
✔ F0-EQUIV: cache-extract ≡ full-extract after edits; F0-ONLY-CHANGED: scans == changed files (398.481875ms)
✔ F0-CACHE-NEUTRAL: --cache vs no-cache → identical fragment on the same tree (266.653167ms)
✔ SC3: refresh updates nodes+edges, re-attaches domain by id, drops overlaps (479.032583ms)
✔ F10-STAMP: no-change warm scans zero files; CODEWEB_VERIFY_FRESHNESS=1 restores the hash path (523.405166ms)
✔ F4-VERIFY: mtime-preserving content change is invisible to stat-only, caught by verify tier (149.632083ms)
✔ SC3: refresh with missing meta.root → exit 2 (48.292625ms)
✔ README puts the gate lead between the identity line and any map-led narrative (0.668542ms)
✔ the README gate lead states the verdict, its three blockers, and its token cost (0.248916ms)
✔ README gates every pull request before it explains the graph internals (0.168542ms)
✔ README carries a free-forever boundary section linking the published boundary page (0.255416ms)
✔ the identity line stays verbatim on all four enforced surfaces (0.70225ms)
✔ the built homepage hero renders the identity line verbatim (0.155417ms)
✔ the homepage leads with the gate and demotes the live map below it (0.139334ms)
✔ the homepage gate story states its blockers, its cost, and where it runs (0.11075ms)
✔ the homepage hero still carries its conversion rails after the reorder (0.108125ms)
✔ gate-md: clean diff renders the one-glance summary, no blocking section (0.597667ms)
✔ gate-md: caps every list and says what was dropped (0.579375ms)
✔ gate-md: lost-callers excludes brand-new and renamed-to symbols; renames show similarity (0.1175ms)
✔ ac_13: evidence links use graph lines, analyzed commit and target; guidance distinguishes unknown callers (0.2265ms)
✔ ac_13: evidence is bounded and escaped; unsafe paths and link contexts stay plain text (0.167709ms)
✔ ac_13: local comments use file:line and missing evidence never invents a confidence (0.079333ms)
✔ GV-PREFLIGHT: exemptExported:false is structuralRegressions, id-for-id, over random pairs (4.372125ms)
✔ GV-GATE: exemptExported:true agrees with the shipped diff verdict over random pairs (4.206ms)
✔ GV-DIVERGENCE: an exported symbol losing its last caller — preflight blocks, gate exempts but LISTS it (0.885333ms)
✔ GV-SIMULATE-TEXT: simulate speaks for its own check, not the gate (COPY.md #2) (188.639667ms)
[golden] SKIP — golden target not on disk: D:/GitHub Projects/ecc-test/plugins/marketplaces/ecc/scripts (set CODEWEB_GOLDEN_TARGET)
﹣ the extractor parses the full target into a substantial graph (1.032459ms) # golden target not on disk: D:/GitHub Projects/ecc-test/plugins/marketplaces/ecc/scripts (set CODEWEB_GOLDEN_TARGET)
﹣ FIXED: no `log` super-hub — max log in-degree genuine (<60), discord:log single-digit (0.17375ms) # golden target not on disk: D:/GitHub Projects/ecc-test/plugins/marketplaces/ecc/scripts (set CODEWEB_GOLDEN_TARGET)
﹣ LEGACY toggle is load-bearing — fabricates the dropped edges back (0.064625ms) # golden target not on disk: D:/GitHub Projects/ecc-test/plugins/marketplaces/ecc/scripts (set CODEWEB_GOLDEN_TARGET)
✔ every vendored grammar matches its recorded sha256 (11.637708ms)
✔ every recorded digest has its wasm on disk (no phantom rows) (0.392958ms)
✔ the runtime version the table pins is the one package.json declares (0.4885ms)
✔ normalizeGraph fills sane defaults (mirrors build-report) (0.811958ms)
✔ buildIndex separates call adjacency from any-incoming (call|import) (0.6325ms)
✔ resolveSymbol: exact id wins; else all label matches (sorted); else [] (0.109708ms)
✔ callersOf / calleesOf use only call edges, sorted + unioned (0.097ms)
✔ impactOf is transitive, excludes seeds, and terminates on self-loops (0.103917ms)
✔ fileCycles: file-level SCCs (>=2), sorted + deterministic; same-file self-call ignored (0.16375ms)
✔ orphans: zero incoming (call|import) AND not exported (0.0915ms)
✔ structuralRegressions: a surviving node that loses its only caller is a lostCaller; a deleted one is not (0.16525ms)
✔ structuralRegressions: a file cycle present only in after is a newCycle (0.115917ms)
✔ structuralRegressions (property): lostCallers ⊆ surviving before-nodes, newCycles ∉ before-cycles (11.231042ms)
✔ finding 9: allBlastCounts / impactCountOf agree with per-node impactOf on random graphs (11.729833ms)
✔ runNodeAsync: runNode contract parity — exit status + captured stderr, no rejection (43.011208ms)
✔ runNodeAsync: two awaited-in-parallel 400 ms children overlap (wall < 750 ms) (458.8445ms)
✔ SRC_RE matches every C/C++ extension the extractor claims (0.826083ms)
✔ pre-edit hook: a .c edit produces the same class of card as a .js edit (878.781583ms)
✔ pre-edit hook: the .c card ships on the same structured channel, still advisory (522.473125ms)
✔ post-edit hook: a cycle introduced by a .c edit is flagged, as it is for .js (1173.496834ms)
✔ P1: map writes index-lite.json; hook output byte-identical from sidecar vs graph (410.258833ms)
✔ P2: stale or corrupt sidecar falls back to the graph path silently (458.859375ms)
✔ P3: the sidecar is slim relative to the graph (412.811958ms)
✔ ac_18: shipped hooks use the documented configuration shape and retain all handlers (0.908042ms)
✔ HOT-WEIGHTS: weights are non-negative and sum to 1 (so score in [0,1]) (0.527375ms)
✔ HOT-WEIGHTED-BLEND: score is the graph-max-normalized weighted sum of the components (0.691125ms)
✔ HOT-ZERO: zero maxes never produce NaN (empty/degenerate graphs) (0.073459ms)
✔ HOT-DOMINANCE: dominating a symbol on every component never ranks below it (2.341208ms)
✔ HOT-RANK: rankHotspots sorts by score desc, ties by id; deterministic; no NaN (1.223542ms)
✔ HOT-CLI: hotspots.mjs --json ranks symbols with components (78.79875ms)
✔ HOT-SCOPE: non-product symbols are excluded by default, counted, and restored by allRoles (0.542625ms)
✔ HL-CX: cyclomatic on a 9,000,000-char string literal returns 1 (no RangeError) (21.917875ms)
✔ HL-RB: maskRuby on a 9,000,000-char double-quoted string returns (no RangeError) (5.643083ms)
✔ HL-RB-ESC: maskRuby survives the escape-heavy adversarial shape (2M escaped quotes) (26.200875ms)
✔ HL-EQ: old and unrolled regexes replace identically over 5,000 seeded strings, per site (26.745125ms)
✔ HL-SHIPPED: the shipped sources contain exactly the unrolled regexes the property tested (0.574083ms)
✔ HL-BELT: an internal throw degrades cyclomatic to 1 and nestingDepth to 0 (0.089417ms)
✔ HL-E2E (default engine): 9MB single-line string no longer kills the extract (888.649417ms)
✔ HL-E2E (regex engine): 9MB single-line string no longer kills the extract (277.851792ms)
✔ python: same-named methods across two classes get class-qualified, distinct ids (42.24725ms)
✔ go: same-named methods across two receivers get receiver-qualified, distinct ids (26.69575ms)
✔ rust: same-named fns across two impl blocks get impl-type-qualified, distinct ids (21.061625ms)
✔ js (regex tier): same-named methods across two classes get class-qualified, distinct ids (33.919708ms)
✔ a call from inside a method is attributed FROM the qualified method id (21.435333ms)
✔ PRECISION: an importer that never touches the anchor is NOT a dependent of it (66.714834ms)
✔ the coarse module-import edge is redirected to the target <module> node (16.328042ms)
✔ RECALL: real member-access dependencies are still precise (17.144167ms)
✔ DEPENDENTS: --dependents of the anchor excludes the non-user, includes the real user (85.610417ms)
✔ a default import of a single-symbol class lands the coarse edge on the CLASS (40.988375ms)
✔ the default-export import edge is NOT routed to <module> when a single symbol exists (17.089041ms)
✔ DEPENDENTS: the importer is a dependent of the class even without a detected call (76.755917ms)
✔ RECALL: a namespace/default-import member call resolves to the imported symbol (60.840958ms)
✔ RECALL: default-import construction (new Widget()) resolves to the class (18.871833ms)
✔ RECALL: a static member call on a default-import alias resolves (Widget.from()) (18.261833ms)
✔ PRECISION: a param obj.merge() does NOT fabricate an edge to the imported merge (21.109875ms)
✔ DEPENDENTS: --dependents is a superset of --callers and includes the member-access caller (124.429791ms)
✔ i1: `.js` specifier disambiguates between two same-named `.ts` exports (ext remap) (112.9275ms)
✔ i2: `import * as u from "./util.js"` binds the namespace to util.ts (member call edges) (106.120375ms)
✔ i3: re-export chain through a `.js`-specified barrel resolves + barrel dependent edge (116.348542ms)
✔ i4: `.mjs`->`.mts` remap and `/index.tsx` index candidates resolve (98.339416ms)
✔ i5: pub-entrypoint walk follows main "./src/index.js" to src/index.ts (mirrored list) (98.194209ms)
✔ i6: when BOTH dual.js and dual.ts exist, the literal on-disk .js wins (Node semantics) (101.314958ms)
✔ PRECISION: a bare object-default alias reference does NOT resolve to the anchor (42.773541ms)
✔ RECALL: member access on the object alias still resolves (29.597083ms)
✔ IE-INPROC-PARITY: in-process runExtract fragment byte-equals the spawned CLI stdout (145.090209ms)
✔ IE-COLD-PARITY: cold cache == no-cache == --full (caching changes nothing cold) (80.444417ms)
✔ IE-INCREMENTALITY: a pure body edit re-edges only the changed file AND still equals cold full (125.367458ms)
✔ IE-INCREMENTALITY (kill-switch leg): CODEWEB_NAME_DELTA=0 restores the wholesale mechanism verbatim (53.744917ms)
✔ IE-BIND-COUPLING: rensym of an IMPORTED name re-edges the importer (the aliased-import trap) (57.982959ms)
✔ IE-REX-FLIP: retargeting a re-export barrel re-aims the consumer edge (warm == cold) (62.792334ms)
✔ IE-DANGLING: deleting a file that another file imports leaves no dangling edge (warm == cold) (48.446708ms)
▶ IE-EQUIVALENCE: warm incremental == cold full, for random mutation sequences
  ✔ trial 0 (656.160833ms)
  ✔ trial 1 (672.653583ms)
  ✔ trial 2 (864.087125ms)
  ✔ trial 3 (418.716833ms)
  ✔ trial 4 (783.8265ms)
  ✔ trial 5 (1008.42475ms)
  ✔ trial 6 (348.287459ms)
  ✔ trial 7 (477.862833ms)
  ✔ trial 8 (687.6725ms)
  ✔ trial 9 (476.497792ms)
✔ IE-EQUIVALENCE: warm incremental == cold full, for random mutation sequences (1725.231958ms)
✔ JS: `class X extends Y` emits an inherit edge X -> Y (alias-resolved across files) (51.066625ms)
✔ JS: a same-file `extends` resolves (28.958875ms)
✔ Python: `class X(Y)` emits an inherit edge (21.097542ms)
✔ an extended base class is NOT a dead-code orphan (16.913041ms)
✔ --impact of a base class includes its subclass (inherit reverse-reachability) (17.091ms)
✔ imported json files become <module> nodes; orphans never do (43.840375ms)
✔ every import form wires the file-level edge with the right kind (21.237958ms)
✔ mapped json files are stamped into meta.sources; languages gains json (25.80675ms)
✔ a json edit after mapping is flagged stale (the map admits it is behind) (20.401ms)
✔ json is never parsed: a syntactically broken json file still maps identically (17.416708ms)
✔ fragment is deterministic run-over-run (35.400959ms)
✔ a json-only tree still refuses to masquerade as a map (json is a tier, not a language) (68.70775ms)
✔ pre-edit hook speaks for an imported json file, byte-identical sidecar vs graph (579.968667ms)
✔ python: dispatch wires self+typed calls, drops ambiguity, keeps engines node-identical (278.722333ms)
✔ python: two same-named owners -> the typed call is dropped and counted, never guessed (92.363916ms)
✔ go: dispatch wires self+typed calls, drops ambiguity, keeps engines node-identical (298.924459ms)
✔ go: two same-named owners -> the typed call is dropped and counted, never guessed (96.262125ms)
✔ rust: dispatch wires self+typed calls, drops ambiguity, keeps engines node-identical (297.984084ms)
✔ rust: two same-named owners -> the typed call is dropped and counted, never guessed (98.58625ms)
✔ ruby: dispatch wires self/implicit/typed calls; engines stay node-identical; deterministic (316.794708ms)
✔ php: dispatch wires self/implicit/typed calls; engines stay node-identical; deterministic (285.767375ms)
✔ php: two same-named owners -> the typed call is dropped, never guessed (100.453208ms)
✔ ruby: a bare identifier (not a call node) never wires; cross-class names never wire implicitly (114.277334ms)
✔ ruby: classes, owner-qualified methods, self methods, top-level defs, calls, spec role (83.694833ms)
✔ php: classes + visibility-as-export methods, functions, calls, test role (83.498542ms)
✔ kotlin: classes/objects, methods, expression-bodied funs, internal/private visibility (74.969292ms)
✔ swift: structs/classes/extensions, methods, public/open visibility, Tests role (80.364625ms)
✔ determinism: all four languages, two runs, byte-identical fragments (156.588041ms)
✔ LR1: scanSymbols — JS functions/classes/methods/field-arrows, in-process (1.742791ms)
✔ LR2: scanSymbols — Python defs inside docstrings are masked away (0.614875ms)
✔ LR3: scanSymbols — Rust impl owners and Go receivers qualify methods (0.52025ms)
✔ LR4: bodyEnd — brace matching survives destructured params; Python dedents (0.2055ms)
✔ LR5: parseSignature — declaration and arrow forms, NBSP whitespace preserved (0.275125ms)
✔ LR6: shared tables — KEYWORDS filters control flow; langOf keys the meta vocabulary (0.147333ms)
✔ IR1: re-export chain — renamed barrel export resolves to the real symbol, in-process (1.753834ms)
✔ IR2: bindFileImports — a named import through the barrel binds the alias and the edge (0.564125ms)
✔ IR3: Python re-export table — pkg/__init__ from-import chains to the defining module (0.348917ms)
✔ IR4: defaultExportOf — single-symbol defaults resolve, object defaults do not (0.3055ms)
✔ product.json is the canonical language list — thirteen, C and C++ included (0.505209ms)
✔ commands/codeweb.md names every one of the thirteen native languages (0.607916ms)
✔ skills/codebase-anatomy/SKILL.md names every one of the thirteen native languages (0.152208ms)
✔ skills/codebase-anatomy/references/engine-detection.md names every one of the thirteen native languages (0.087666ms)
✔ README names every native language in its fast-path and roadmap lists (0.405ms)
✔ the extension README covers C and C++ at the canonical count (0.243834ms)
✔ no live surface still claims eleven languages (historical records exempt, and proven so) (14.805208ms)
✔ the sweep actually reads the surfaces it claims to (non-vacuity) (2.315291ms)
✔ the walk emits separator-independent keys, so the exemptions apply on every platform (3.989875ms)
✔ the built site renders all thirteen languages, not a stale snapshot (0.290083ms)
✔ the launch drafts are committed, with an index and a receipts table (0.549958ms)
✔ every draft in the directory is registered in the index with a channel and a status (0.553167ms)
✔ every artifact the drafts draw numbers from was regenerated inside the mission window (1.213458ms)
✔ the unstamped correctness receipt belongs to the same fresh run as the stamped ones (0.407ms)
✔ the freshness gate does not depend on a gitignored file (38.858417ms)
✔ the receipts table names only artifacts that exist in the tree (0.822833ms)
✔ no unreceipted number appears in the launch drafts (1.288042ms)
✔ each receipted number still equals the value its artifact records (0.743ms)
✔ every receipted number is actually used by a draft (the table cannot rot into fiction) (0.648709ms)
✔ the check count is derived from the receipts, not asserted against a remembered total (0.754334ms)
✔ all 32 pre-registered checks are recorded as passing (1.5455ms)
✔ no draft states a charter-barred claim (0.768584ms)
✔ no draft names a rival product beside a number (0.51ms)
✔ the superseded pilot figures are not quoted as live results (0.189041ms)
✔ the Show HN title fits the channel limit (1.151791ms)
✔ each draft publishes the null alongside the passes (0.190833ms)
✔ each draft states the local-product invariants it is trading on (0.166083ms)
✔ the free-forever boundary is stated wherever the drafts mention the paid tier (0.164ms)
✔ both launch pages ship as source pages AND as committed built output (1.052375ms)
✔ the LSP FAQ names the objection and answers it with the four things a one-hop lookup cannot do (0.379875ms)
✔ the gating answer cites a receipt that actually records the gate verdicts (0.613916ms)
✔ the LSP FAQ says the two compose rather than claiming a replacement (1.162667ms)
✔ the comparison page leads with the replicated recall result, at equal cost (0.483708ms)
✔ the comparison page publishes the token null instead of the superseded saving (0.457041ms)
✔ the comparison page renders the honesty ledger from product.json, not by hand (0.452792ms)
✔ neither page names a rival product — the contrast is against approaches and measured baselines (1.2225ms)
✔ every artifact path cited on the launch pages exists in the tree (0.957916ms)
✔ no unreceipted number appears in the authored launch-page copy (2.162166ms)
✔ each receipted number equals the value the committed artifact records (0.728542ms)
✔ the receipted numbers are actually on the pages (the map cannot rot into a fiction) (1.273792ms)
✔ both pages are registered in the PAGES table as listed pages (0.212917ms)
✔ both pages are in the committed sitemap (0.066042ms)
✔ the consistency sweeps cover both new pages (0.082375ms)
✔ both pages are one click from the live homepage, and the links resolve in docs/ (0.121167ms)
✔ the widened nav can shrink instead of pushing the CTAs off-screen (0.137084ms)
✔ the product page routes its LSP objection card to the full FAQ (0.067541ms)
✔ the charter records the divergence from COMPETITIVE.md Bet 1 rather than leaving it silent (0.12875ms)
✔ L1: warm cached run never initializes the AST engine and is byte-identical to cold (244.607959ms)
✔ L2: a warm cached run of a dispatch-tier language never re-initializes the engine (238.376709ms)
✔ L3: --engine regex reports ast: off and the regex cache namespace (108.177875ms)
✔ L4: probe version string equals the loaded engine version (14.453208ms)
✔ corpus sanity: fixtures + every scripts/lib module present (0.408875ms)
✔ P1 maskJs: per-line length preservation over the corpus, both modes (31.0255ms)
✔ P2 maskJs: default-mode idempotence over the corpus (44.82725ms)
✔ P1 maskPy: per-line length preservation over the corpus, both modes (35.388ms)
✔ P2 maskPy: default-mode idempotence over the corpus (53.438708ms)
✔ P3 maskRuby: idempotence + line-count preservation over the corpus (6.095792ms)
✔ P4 maskAligned: every JS-family extension the extractor enumerates gets the aligned mask (0.268875ms)
✔ MASK-ID repo: maskJs is byte-identical to the frozen reference over every mask-eligible repo file (19582.778833ms)
✔ MASK-ID corpus: maskJs is byte-identical to the frozen reference over a loaded bench-corpus tree (77.639ms)
✔ MASK-ID fixtures: adversarial shapes (regex, templates, expr nesting, escapes, PHP #) (0.353458ms)
✔ n1 (default/ast tier): nested-template text is prose — no docs -> fabricateMe; real caller survives (131.747167ms)
✔ n2 (default/ast tier): a `}` in nested template text does not invert state (0.362708ms)
✔ n3 (default/ast tier): escaped \` in template text stays text (0.171958ms)
✔ n4 (default/ast tier): string content inside ${} fabricates nothing (0.078458ms)
✔ n5 (default/ast tier): two-deep nesting keeps the middle expr live; regex beats backtick-push (0.07125ms)
✔ n1 (regex tier): nested-template text is prose — no docs -> fabricateMe; real caller survives (111.76025ms)
✔ n2 (regex tier): a `}` in nested template text does not invert state (0.24325ms)
✔ n3 (regex tier): escaped \` in template text stays text (0.083209ms)
✔ n4 (regex tier): string content inside ${} fabricates nothing (0.072667ms)
✔ n5 (regex tier): two-deep nesting keeps the middle expr live; regex beats backtick-push (0.930792ms)
✔ a quote inside a regex literal does not desync the mask: extent stays tight, no fabricated edge (70.235292ms)
✔ a backtick inside a regex literal does not flip template state: prose stays prose (0.18225ms)
✔ division is not lexed as a regex opener; regex after `return` is (0.062167ms)
✔ a {n} quantifier in a regex inside ${} does not corrupt interpolation brace matching (0.061458ms)
✔ self-map: complexity.mjs yields its known same-file edges (21.601834ms)
✔ budget injection: callers defaults to top-20 + more; full:true unabridged; explicit limit wins (259.686542ms)
✔ graph auto-discovery: nearest .codeweb/graph.json above cwd; none -> actionable error naming codeweb_map (129.148333ms)
✔ codeweb_map: builds a real graph over MCP and reports the path + stats (624.833459ms)
✔ API F6: codeweb_map failure never suggests --allow-empty (a flag the tool cannot pass) (254.9005ms)
✔ API F3: risk honors offset (offset:50 is not page 0) and more carries nextOffset (368.843375ms)
✔ API F3: break_cycles pages by offset; deadcode/context tiers and reading_order mark truncation (561.532542ms)
✔ find_similar accepts an inline body over MCP (stdin plumbing) + structural flag (621.9135ms)
✔ ac_10: codeweb_dependents returns the full union (call+import+inherit+test+ref) with byKind (60.738417ms)
✔ ac_10: dependents answers are budgeted with true totals (limit -> more.remaining) (64.9695ms)
✔ ac_10: the CLI serves the same mode from the same manifest entry (--dependents) (49.663708ms)
✔ MP-STATS-PARITY: codeweb_stats (in-process) === stats.mjs --json — empty AND non-empty ledgers (205.477292ms)
✔ MP-STATS-MISSING: codeweb_stats on a missing graph falls through to the spawned CLI (identical errResult text) (185.118959ms)
✔ MP-DIFF-PARITY: codeweb_diff (in-process from cachedGraph) === diff.mjs --json, byte-for-byte (MD1/MD2/MD2b) (401.577875ms)
✔ MP-DIFF-FALLBACK: codeweb_diff on a nonexistent after graph → isError (spawn fallback), stdout stays pure (113.540792ms)
✔ queueKeyFor: graph tools key to the DIR of graph.json (annotate too — dirFromGraph, not graphless) (0.425417ms)
✔ queueKeyFor: diff keys to the dir of args.after — COLLIDES with refresh on one workspace (#30) (0.07725ms)
✔ queueKeyFor: a relative after resolves against cwd (0.051917ms)
✔ queueKeyFor: map keys to resolve(out) (default out = <target>/.codeweb) (0.059208ms)
✔ queueKeyFor: the "(graphless)" slot is UNREACHABLE for shipped tools (only diff+map are graphless) (0.087416ms)
✔ I5: a failing codeweb_map settles ONCE (exactly one reply for its id) and the server drains + exits 0 (224.401125ms)
✔ I5b: unsupported-repo map failure names the escapes, never the --allow-empty leak (225.215292ms)
✔ S1a epipe-survival: find_similar 1MB body + bad graph → isError result, and the server still answers a later ping (alive, exit 0) (121.3805ms)
✔ S1b epipe-survival: client closes its stdout read end mid-burst → server exits 0 (inherited cli.mjs guard) (87.935041ms)
✔ S2 refresh→diff in one burst: the diff reads POST-refresh bytes (waited, I6) and is served in-process (no child) (711.892ms)
✔ S3 two codeweb_map on one out dir in a burst: end(map#1) < start(map#2), surviving graph parses (701.5255ms)
✔ I7 autoRefresh-skip: explicit refresh + a stale-triggering query in one burst → skip-autorefresh, ONE refresh child (764.734791ms)
✔ S4 cancellation-kills-child: notifications/cancelled on a running map → trace kill, NO reply for its id, ping answers, exit 0 (68.41825ms)
✔ S7 malformed-and-batch-frames: 42, "x", null, [] each answer ONE -32600 (id:null); a following ping answers (71.3315ms)
✔ T-34.3 batch fan-out: [{ping id:9},{unknown-tool id:10}] → normal reply for 9 AND -32602 for 10 as individual lines; notifications stay silent (66.318166ms)
✔ S5 refresh-preserves-sidecars: after codeweb_refresh all three sidecars are FRESH (stamps === statSync(graph.json)) (722.863583ms)
✔ S6 reader-overlap: two readers released together by a writer barrier → both start before either ends (I4) (726.285583ms)
✔ I4 cap: 4 readers released by a writer barrier peak at exactly READER_CAP=3 concurrent (never 4) (821.840875ms)
✔ I2/I3 writer-barrier: [reader, writer, reader] one burst → end(reader1) ≤ start(writer) < start(reader2) (770.641459ms)
✔ cancel-during-diff-fast-path: cancel while the diff awaits the writer tail → NO reply, ping answers (702.636334ms)
✔ ac_9: diff {} before any snapshot fails with the refresh {snapshot:true} remedy (60.358709ms)
✔ ac_9: refresh {snapshot:true} then diff {} completes the loop in one MCP session (319.364333ms)
✔ ac_9: the refresh CLI serves the same flag (--snapshot) (187.832042ms)
✔ ac_11: a spawned advisor (codeweb_risk) on a stale graph carries the staleness verdict (127.102459ms)
✔ ac_11: codeweb_simulate (the refactor pre-flight) is staleness-annotated too (122.151334ms)
✔ ac_11: codeweb_stats stays unannotated (an activity receipt, not a structural answer) (87.283041ms)
✔ M1: initialize returns protocolVersion, an object tools capability, and serverInfo (72.801708ms)
✔ M2: tools/list exposes the full tool set with object schemas + correct required args (64.71475ms)
✔ M2b: initialize carries workflow instructions; unknown client protocol falls back to ours (125.752917ms)
✔ M3: tools/call codeweb_impact returns the query JSON as text content (64.753708ms)
✔ M3b: tools/call codeweb_review (a new agent tool) returns its JSON through the server (130.815625ms)
✔ M4: tools/call resolves a bare label (codeweb_callers helper) (76.081125ms)
✔ M5: unknown tool name -> JSON-RPC error -32602 (invalid params), not a crash (55.4545ms)
✔ M6: a not-found symbol is a valid tool result (found:false), not a protocol error (71.964ms)
✔ M6b: a missing required argument -> tool result with isError:true (not a JSON-RPC error) (51.415125ms)
✔ M7: notifications (no id) get no response; later requests are still answered (58.452583ms)
✔ M8: unknown method -> method-not-found error (-32601) (82.516333ms)
✔ M9: the server exits cleanly (status 0) when stdin closes (53.352375ms)
✔ M10: malformed JSON on stdin -> parse error -32700, no crash, recovers (53.823166ms)
✔ MD1: codeweb_diff on two clean snapshots returns the delta JSON as content, ok:true, not isError (53.584ms)
✔ MD2: a regression (new cycle + new duplication) is a VALID result with ok:false, NOT isError (62.870625ms)
✔ MD2b: adding a brand-new uncalled node is reported but NOT a regression (ok:true) (53.397333ms)
✔ MD3: codeweb_diff args are optional (AC-9) — no discoverable graph for the default `after` fails actionably (60.542541ms)
✔ MD4: codeweb_diff on a nonexistent graph file -> isError:true (IO), stdout stays pure JSON-RPC (109.286208ms)
✔ MD5 / API F6: diff remedies never say "pass `graph`" — codeweb_diff has no such param (61.74825ms)
✔ M11 / CTX-MCP-PARITY: codeweb_context output == context-pack.mjs --json, verbatim (F1) (437.36725ms)
✔ M12 / RFS-MCP-PARITY + IDEMPOTENT: codeweb_refresh matches the CLI and is idempotent (F2) (723.268833ms)
✔ M13: codeweb_hotspots ranks symbols (F4) (118.224042ms)
✔ M14: codeweb_campaign returns an ordered worklist (F5) (196.405667ms)
✔ M15: codeweb_reading_order returns a bounded foundations-first path (F8) (119.374958ms)
✔ codeweb_simulate pre-flights a delete and returns the gate verdict (114.898292ms)
✔ codeweb_simulate validates its mode arguments (57.749917ms)
✔ codeweb_annotate records a suppression beside the graph and lists it back (153.214625ms)
✔ codeweb_stats serves the value receipt over MCP (67.251458ms)
✔ codeweb_map emits notifications/progress when the client sends a progressToken (479.989833ms)
✔ LSH-PAIRS-EQ: lshCandidatePairs ≡ verbatim string-key reference — pairs ORDER, buckets, skippedBuckets (220 seeded cases, both signal configs) (159.715916ms)
✔ LSH-TIER2-COLLISION-SPILL: a true band-fold collision spills by exact tuple, never merges differing tuples (0.48325ms)
✔ LSH-PAIRS-DETERMINISTIC: identical entries in identical order -> identical result object (0.646208ms)
✔ N1: minhash estimate tracks true Jaccard within 0.15 at K=128 (>=95% of pairs) (26.536167ms)
✔ N2: banding proposes >=99% of pairs at the overlap confirm thresholds (26.967042ms)
✔ N3: signatures and band keys are deterministic and iteration-order independent (0.703292ms)
✔ emits a per-file `module` node for files with top-level calls (55.678541ms)
✔ top-level calls attribute to the module node, not the trailing function (22.5175ms)
✔ PRECISION: the trailing function does NOT absorb top-level calls (the EOF-range bug) (14.887292ms)
✔ RECALL: a non-exported helper called only from module scope is not a false orphan (16.725417ms)
✔ Python: dedent body extent + module attribution (21.854083ms)
✔ regex literals with braces do not corrupt body-end (scanSymbols repro) (16.83ms)
✔ LINT-NUL: no tracked .mjs file contains a raw byte < 0x09 (56.818875ms)
✔ OD0: the simulation path is declared — delta by default, clone under CODEWEB_OPT_SIM=clone (115.506ms)
✔ OD1: property — delta and clone simulations emit byte-identical results on random graphs (1434.158917ms)
✔ OD2: a cycle-creating merge is blocked with identical projectedNewCycles either path (113.938625ms)
✔ a body-confirmed high duplicate whose merge stays acyclic is READY (gate would pass) (56.780375ms)
✔ a duplicate whose naive merge would create a new file cycle is BLOCKED (gate would reject) (55.426833ms)
✔ a drifted duplicate is REVIEW, never auto-ready (no blind-merging diverged copies) (45.021209ms)
✔ a structural-high duplicate (bodySim null) is REVIEW — only body-confirmed merges are ready (49.575792ms)
✔ low and refuted findings are excluded entirely (precision over recall) (72.74475ms)
✔ a parallel-impl finding is surfaced as REVIEW, not a delete-the-copies merge (50.382791ms)
✔ an empty overlap set yields a clean zero report and exit 0 (48.763375ms)
✔ opportunities are ordered ready -> blocked -> review (actionable first) (53.568167ms)
✔ --out writes an optimize.md artifact with the tiered sections (56.279625ms)
✔ missing graph path exits 2 (usage) (47.205875ms)
✔ OCC1: a planted C duplicate across two .c files is reported (1.83875ms)
✔ OCC2: a planted C++ duplicate across two .cpp files is reported (0.103333ms)
✔ OCC3: body confirmation read REAL bodies — the extents the extractor measured are right (0.076916ms)
✔ OCC4: the report the gate consumes names both languages (0.17375ms)
✔ OC1+OC2: big-group sampling and hub-label twin cap, both reported (138.917916ms)
✔ N4: LSH finds the planted twin pair the capped path provably never examines (1244.335083ms)
✔ N4b: the LSH path is byte-deterministic across runs (1210.089708ms)
✔ N5: small inputs keep the exact path by default — bytes equal a forced-exact run (826.914042ms)
✔ N6: Signal C near-miss clones — LSH and exact paths confirm the same finding (910.072ms)
✔ >=4 same-named uncalled implementations demote to interface-pattern (never "merge these") (58.585125ms)
✔ duplicated FIXTURE helpers are excluded from findings by default; CODEWEB_ALL_ROLES=1 restores them (116.643459ms)
✔ Signal B: twin candidates scope to product roles; CODEWEB_ALL_ROLES=1 restores (110.05ms)
✔ identical bodies -> high confidence duplicate-logic (0.309625ms)
✔ same name, disjoint bodies -> refuted (dismissed as coincidental) (0.083166ms)
✔ partially diverged bodies -> medium/drifted (0.059375ms)
✔ CLI-scaffold names fold into one shared-responsibility finding (0.072708ms)
✔ overlaps are ranked, id-stamped, and written back into the graph (0.130291ms)
✔ structural fallback when source is absent (68.24225ms)
✔ P1: manifest is publishable — bins, files, no runtime deps, not private (2.767208ms)
✔ P2: npm pack ships engine + plugin surfaces, excludes repo-only trees (2414.433875ms)
✔ P3: packed release installs offline and each installed bin answers --help (4339.961125ms)
✔ run.mjs completes and emits all five artifacts (0.354458ms)
✔ graph carries the target through every stage (0.17025ms)
✔ the cross-domain duplicate is surfaced and body-confirmed high (0.111959ms)
✔ report.html is a self-contained, non-trivial document (0.240292ms)
✔ overlap.md lists the finding for human review (0.138875ms)
✔ PL-GRAVITY: suggested domain == inline-recomputed plurality of resolved callees (40 cases) (2250.560084ms)
✔ PL-TIE: a tie resolves to the lexicographically smallest domain (59.880667ms)
✔ SC1: suggested file is the highest-callIn file in the chosen domain (56.26575ms)
✔ PL-REUSE-SOUND: name warnings are real nodes with the exact --name label (56.547459ms)
✔ PL-REUSE-SOUND: body warnings clear the medium (0.35) floor (109.89075ms)
✔ SC3/SC4: unresolved callees reported; empty -> unassigned/null (99.954375ms)
✔ PL-DETERMINISTIC: identical inputs -> identical stdout (113.711917ms)
/Library/Developer/CommandLineTools/usr/bin/ctags: illegal option -- -
usage: ctags [-BFTaduwvx] [-f tagsfile] file ...
✔ structuralRegressions: a NEW file-level cycle is flagged (1.181167ms)
✔ structuralRegressions: a pre-existing cycle is NOT re-flagged (0.128167ms)
✔ structuralRegressions: a SURVIVING symbol that lost all callers is flagged (0.386541ms)
✔ structuralRegressions: a DELETED symbol is not a lost-caller regression (0.071917ms)
✔ structuralRegressions: a clean additive edit yields nothing (0.101791ms)
✔ hook is INERT for a non-source file (no .codeweb work) (48.002ms)
✔ hook is INERT when the file is not under a mapped target (51.228334ms)
✔ hook flags a NEW cycle introduced by an edit (vs the baseline) (146.252041ms)
✔ S18-1: given a map, the sidecar exists beside graph.json and stamp-matches it (419.946083ms)
/Library/Developer/CommandLineTools/usr/bin/ctags: illegal option -- -
usage: ctags [-BFTaduwvx] [-f tagsfile] file ...
/Library/Developer/CommandLineTools/usr/bin/ctags: illegal option -- -
usage: ctags [-BFTaduwvx] [-f tagsfile] file ...
/Library/Developer/CommandLineTools/usr/bin/ctags: illegal option -- -
usage: ctags [-BFTaduwvx] [-f tagsfile] file ...
/Library/Developer/CommandLineTools/usr/bin/ctags: illegal option -- -
usage: ctags [-BFTaduwvx] [-f tagsfile] file ...
/Library/Developer/CommandLineTools/usr/bin/ctags: illegal option -- -
usage: ctags [-BFTaduwvx] [-f tagsfile] file ...
/Library/Developer/CommandLineTools/usr/bin/ctags: illegal option -- -
usage: ctags [-BFTaduwvx] [-f tagsfile] file ...
✔ S18-2: a valid sidecar yields the same verdict as the legacy parse path on the same payload (574.390875ms)
✔ S18-3: removing a baseline cycle key from the sidecar makes the hook report that cycle as NEW — the sidecar, not the graph, was consumed (460.360792ms)
✔ S18-4: a stale or corrupt sidecar falls back to the legacy path with the correct verdict (776.9085ms)
✔ S18-5: both sidecar AND graph corrupt -> the hook binary exits 0 silently (the contract is fail-open) (526.984792ms)
✔ S18b-NOCHANGE: a no-change in-process fire returns null and leaves the warm cache bytes untouched (496.091833ms)
✔ S18b-PARITY: additionalContext byte-identical via the in-process path and CODEWEB_HOOK_INPROC=0 (spawn) (422.833375ms)
✔ the hook leaves no codeweb-hook-*.json temp files behind (117.655792ms)
✔ the pre-registered check count on every published surface equals what the receipts enumerate (5.339167ms)
✔ no published surface still frames the study as "32 / 33" (0.977625ms)
✔ the retired check is recorded with its reason, not silently dropped (1.0075ms)
✔ every check the receipts enumerate is recorded as passing (0.587875ms)
✔ H15 is claimed as passing only while its receipt says so (0.137875ms)
✔ no phantom symbol is extracted from inside a docstring (51.377416ms)
✔ no call edge is fabricated from inside a docstring (22.362292ms)
✔ no call edge is fabricated from inside a # comment (18.390084ms)
✔ a REAL call after the docstring is still extracted (28.047583ms)
✔ real symbols around the docstring are intact (14.227083ms)
✔ DEPENDENTS: render_template no longer lists the docstring/comment false callers (72.775ms)
✔ single-line f-string: report -> compute edges (0.705333ms)
✔ triple-quoted f-string: multi -> compute edges; {{code}} stays text (0.076834ms)
✔ rf prefix: prefixed -> compute edges (0.051292ms)
✔ plain strings stay blanked: no decoy -> compute edge (0.053042ms)
✔ expr-interior string content stays blanked: no decoy2 -> compute edge (0.047916ms)
✔ RECALL+PRECISION: a relative named import pins the bare call to the exact symbol (38.964041ms)
✔ RECALL: a relative submodule member call resolves (from . import models; models.build()) (23.664042ms)
✔ RECALL: an absolute aliased module member call resolves (import pkg.models as m; m.build()) (13.639583ms)
✔ the submodule import emits a coarse <module> edge (not a symbol edge) (21.669584ms)
✔ PRECISION: a param obj.helper() fabricates no edge (13.666458ms)
✔ DEPENDENTS: --dependents build includes both the submodule and absolute-alias callers (79.391625ms)
/Library/Developer/CommandLineTools/usr/bin/ctags: illegal option -- -
usage: ctags [-BFTaduwvx] [-f tagsfile] file ...
/Library/Developer/CommandLineTools/usr/bin/ctags: illegal option -- -
usage: ctags [-BFTaduwvx] [-f tagsfile] file ...
/Library/Developer/CommandLineTools/usr/bin/ctags: illegal option -- -
usage: ctags [-BFTaduwvx] [-f tagsfile] file ...
/Library/Developer/CommandLineTools/usr/bin/ctags: illegal option -- -
usage: ctags [-BFTaduwvx] [-f tagsfile] file ...
✔ Q1+Q2: from <own-pkg> import name resolves through the src-layout __init__ re-export (87.377333ms)
✔ Q3: an explicit import binds calls across a package boundary (53.51725ms)
✔ Q4: the module-level import site attributes to <module>, matching site granularity (48.443708ms)
✔ Q-guard: `import json` never grabs an in-repo NESTED json package (43.476833ms)
✔ SC1: no query prints usage to stderr (not stdout) and exits 2 (59.745416ms)
✔ SC2: missing graph file exits 2 with a clear message (no raw stack) (44.349292ms)
✔ SC3: --callers returns direct call in-neighbors, sorted (57.004167ms)
✔ SC4: --callees returns direct call out-neighbors, sorted (61.262708ms)
✔ SC5: --impact returns the transitive reverse-call closure + distinct domains (58.486417ms)
✔ SC5b: --impact on an ambiguous label seeds from ALL matches, excluding every seed (50.481417ms)
✔ SC5c: --impact terminates on recursion (self-loop) and excludes the seed (49.043791ms)
✔ SC6: --cycles finds a file-level dependency cycle (SCC size >= 2) (53.296333ms)
✔ SC6b: multiple cycles are emitted in a deterministic order (sorted) (53.935041ms)
✔ SC7: --orphans = no incoming edges AND not exported (exported-unused excluded) (55.599875ms)
✔ SC7b: --orphans returns [] at exit 0 (not 1) when every node has an in-edge (53.410625ms)
✔ SC8a: a bare ambiguous label resolves to ALL matching nodes (union of results) (62.011166ms)
✔ SC8b: unknown symbol exits 1 with found:false (58.575875ms)
✔ SC8c: a found symbol with zero results returns exit 0 + [] (not not-found) (50.601167ms)
✔ SC8d: import edges never leak into call adjacency (callers/callees) (120.936917ms)
✔ SC9: --json output is byte-stable across runs (deterministic for agents) (112.652959ms)
✔ SC-robust: missing node fields (exports/domain/file) default sanely, no crash (59.400292ms)
✔ SC-edgeless: a graph with no edges yields empty cycles/callers and all unexported orphans (167.117708ms)
✔ RE1: /codeweb-apply exists — ready tier only, deterministic gate owns every verdict (0.921292ms)
✔ RE2: /codeweb-pitch exists — every number pinned to an artifact, review before sharing (0.959083ms)
✔ RE3: narration is a provenance-labeled sidecar — brief renders it, absence changes nothing (4.053708ms)
✔ RE4: --serve serves the workspace on localhost only (160.030208ms)
✔ RE5: quickstart bins exist with the Node guard and forward faithfully (112.044209ms)
✔ RE6: the acquisition ledger runs on a schedule and appends where the docs say (0.516542ms)
✔ RE7: the spend-gated AI work is documented as funded proposals, not silently run (0.257584ms)
✔ RO-EQUIV-ORACLE + RO-EARLY-EXIT: rewrite ≡ frozen O(n²) oracle; budget b ≡ full-order prefix (200+ seeded cases, all scopes) (12.283667ms)
✔ RO-BUDGET-NORMALIZE: -1 / 0 / 2.5 / NaN / Infinity keep the pre-#22 slice semantics (2.181833ms)
✔ RO-FOUNDATIONS-FIRST: for an acyclic call graph, every callee precedes its caller in the order (4.581459ms)
✔ RO-BUDGET: output length <= budget; budget >= scope size -> every in-scope symbol once (2.057459ms)
✔ RO-SCOPE-CLOSED: domain/file scope only emits in-scope ids; symbol scope stays in its closure (0.164375ms)
✔ RO-CYCLE-SAFE + RO-DETERMINISTIC: a cyclic call graph yields a stable total order, no crash (0.076625ms)
✔ RO-CLI: reading-order.mjs --json emits an ordered, budgeted path (47.111375ms)
✔ RECALL: a function passed to .map(fn) is captured as a reference edge (50.052917ms)
✔ RECALL: a function passed as a callback argument is captured (14.532167ms)
✔ PRECISION: a method call obj.fn() does NOT resolve to a top-level fn() (18.08ms)
✔ version-sync.mjs runs clean on the aligned repo (idempotent no-op) (154.103708ms)
✔ screenshot.mjs front door: no args dies with usage (exit 2), never a stack trace (49.336334ms)
✔ auditClaimValues: a stated stat that disagrees with its receipt fails; the real repo is clean (10.208584ms)
✔ bumpVersion follows SemVer (0.146542ms)
✔ the real repo derives 28 MCP tools from the source (0.394333ms)
✔ engines.node claims exactly the tested floor (>=22) (0.098334ms)
✔ the real repo is consistent (versions + tool count aligned) (31.8115ms)
✔ check-consistency CLI exits 0 on the aligned repo (75.910416ms)
✔ rollChangelog moves Unreleased into a dated version section (0.358583ms)
✔ rollChangelog refuses an empty Unreleased (0.139416ms)
✔ syncTargets rewrites version + tool count via backref-preserving subs (0.178833ms)
✔ checkConsistency catches drift, applySync repairs it (round-trip) (8.848667ms)
✔ checkConsistency fails a sponsorship cost premise in the stdout copy module (8.287791ms)
✔ checkConsistency fails a sponsorship cost premise on any prose surface, not just product-copy (4.3405ms)
✔ checkConsistency fails a numeric claim literal in a script outside product-copy.mjs (4.425125ms)
✔ checkConsistency enforces the D1 manifest discipline (restatement + phantom docs) (5.499542ms)
✔ scanProseCounts flags the live package.json description string against 27 tools (0.114208ms)
✔ checkConsistency scans site/data/product.json prose — the stale-elevator class (0.053042ms)
✔ scanProseCounts flags a stale tool count, in digits and words (0.126583ms)
✔ documentation counts survive formatting and Codeweb possessive phrasing (0.065166ms)
✔ current SPEC and reference counts are checked while dated audit counts stay historical (5.744959ms)
✔ scanProseCounts flags a stale native-language count (0.121958ms)
✔ scanProseCounts catches the "(N total)" and bare "N languages" phrasings that slipped v0.9.0 (0.155667ms)
✔ product.json languages match the extractor: one file per extension, counted (239.235417ms)
✔ CHANGELOG never @-mentions a number — bare @digit is banned outside code spans (2.549125ms)
✔ the release workflow re-syncs notes for an existing release instead of skipping (0.385333ms)
✔ G1: callers that try/catch or .catch() the call surface as exception reliance (173.141667ms)
✔ G2: a callee that mutates its parameter is flagged — callers share that object (160.066334ms)
✔ G3: null-checked results surface as nullability reliance (174.361958ms)
✔ G4 (control): none of the evidence -> none of the claims (170.79775ms)
✔ explain card reports fields, awaited fraction, and arg range from real call sites (260.85525ms)
✔ the pre-edit hook delivers the reliance line without being asked (136.599083ms)
✔ no callers or unreadable source -> no reliance claim (absence is honest) (331.901166ms)
✔ diff: a rename (same body, new name) reports as renamed, not delete+add churn (58.314125ms)
✔ explain: one bounded card with identity, dependents, tops, and findings membership (109.470333ms)
✔ C1+C4: cost-to-coverage per condition — means over reported cells only, missing counted (51.093708ms)
✔ C2: analyzer output byte-identical across runs (115.302875ms)
✔ P1: missed-then-fixed signature change mines as exactly one task with the history as answer key (1580.710125ms)
✔ P2: a well-executed change (all callers updated) mines nothing — and the funnel says why (994.489208ms)
✔ P3: a fix outside --followup-window mines nothing — and the funnel says why (1410.619208ms)
✔ P4: a formatting-only reformat is NOT a signature change — the prettier trap mines nothing (1212.148666ms)
✔ P5: a change too large to embed verbatim is rejected, never truncated into the instruction (1272.143209ms)
✔ P6: a keyword-labeled symbol is rejected — its "mention" evidence would match syntax (921.638917ms)
✔ T-37.1: gDraw reads cvColors() exactly once, before the edge/node passes (not per label) (0.916709ms)
✔ T-37.3: every edge of a 50k set has per-edge style === its bucket style (byte-exact) (35.575541ms)
✔ T-37.3: theme ink overrides swap the triplet, never the alpha/width/dash math (0.164875ms)
✔ T-37.3: weight ≥ 72 collapses to one width bucket, weight ≥ 29 to one alpha, no over-merge across states (0.088708ms)
✔ T-37.2: labelPick caps at the given count (0.909792ms)
✔ T-37.2: priority order is bubbles > hl members > screen radius desc, tie-break by id (0.181042ms)
✔ T-37.2: labelPick is position-independent and deterministic (flicker-free across anneal) (1.786125ms)
✔ T-37.4: hitScan matches the old per-frame AN scan; gDraw no longer rescans AN (0.251292ms)
✔ E1+E2: editor links ship without leaking the source root (72.177584ms)
﹣ L1: harness emits the full measurement schema on a fixture report (0.343208ms) # playwright not resolvable
﹣ L2: a non-report input fails loudly, never emitting bogus timings (0.052833ms) # playwright not resolvable
✔ report-sim: gStepChunk extracts from the template and a small sim settles + terminates (69.92ms)
✔ report-sim: the layout is deterministic — identical seeds give bitwise-equal positions ×2 runs (312.955167ms)
✔ report-sim: the spiral seeding is also deterministic and stays finite (285.971667ms)
✔ report-sim: sliced (budget=2ms) settle is bitwise-equal to a budget=∞ settle (T-35.4) (566.488584ms)
✔ R2: refresh stamps overlapsDroppedAt, and the brief says "not recounted" instead of 0 (602.633541ms)
✔ R2: a fresh full map clears the stamp and recounts (1048.325458ms)
✔ R3: the session brief nudges when the tree has changed since the map (426.365666ms)
✔ R1/R8: a re-map prints the since-last-map delta and appends history.jsonl (928.177833ms)
✔ R8: trend reads history.jsonl instantly (no pipeline runs) (977.354583ms)
✔ R8: a reused (memo-hit) run does not double-append history (617.060917ms)
✔ R6: the workspace writes its own .gitignore whitelisting the non-regenerable memory (441.0265ms)
✔ R9/R10: the report renders its own age (view-time, byte-clean) and the building version (440.466667ms)
✔ R10: the run banner names the version (393.000125ms)
✔ R10: README and the site ask for a release-watch, not just a star (3.956292ms)
✔ R4: the same regression is flagged once, not on every subsequent edit (617.513416ms)
✔ R5: a suppressed finding disappears from graph.overlaps and reports a suppressedCount (701.487ms)
✔ R7: the gate comment links home and can render a cross-PR trend line (0.716916ms)
✔ R7: ci-gate documents the --history flag (37.128333ms)
✔ R11a: a failed unsupported-language map leaves a marker that routes to the agent fallback (197.843583ms)
✔ R3: the pre-edit card marks a file whose stamps no longer match the map (293.42025ms)
✔ stats: full maps stamp firstMapAt/lastMapAt/mapCount (and only fresh computes count) (762.739292ms)
✔ RV1: FUNDING.yml exists — payment friction drops from infinite to zero (0.666334ms)
✔ RV2: README states the free-forever contract and the ratified sponsor story (0.340709ms)
✔ RV3: the support page tells the ratified story — placement for sponsors, no cost claims (0.214542ms)
✔ RV4: the receipt-high-point ask fires on real value, once a month, local-only (1229.303625ms)
✔ RV5: trend (the team-lead surface) carries the ask only with a real series (107.50625ms)
✔ RV6: the two shared artifacts carry the sponsor rail (attribution, not solicitation) (3.414542ms)
✔ RV7: anti-placements hold — no ask on agent-facing or trust surfaces (0.94ms)
✔ RV-HUNK-MAP: changedSymbols == inline interval-overlap oracle; RV-BLAST-EXACT: blast == impactOf (40 cases) (2145.099167ms)
✔ RV-WHOLE-FILE: whole-file change selects exactly that file's nodes (51.401334ms)
✔ SC3/--gate: a new file cycle vs --before is reported and gates (158.289125ms)
✔ RV-DETERMINISTIC: identical inputs -> identical stdout (103.876083ms)
✔ RK-COMPONENTS: components + risk + ranking match the independent recompute (30 cases) (1645.811458ms)
✔ RK-MONOTONE: risk is non-decreasing in each component (100 random vectors) (0.892ms)
✔ --changed restricts ranked output to changed files (56.077833ms)
✔ RK-PAGING: --offset pages with nextOffset; text mode honors --limit (158.246208ms)
✔ RK-DETERMINISTIC: identical inputs -> identical stdout (100.420458ms)
✔ R1: override maps docs/** to generated; heuristics keep the rest (160.211958ms)
✔ R2: first matching glob wins, in config order (127.667458ms)
✔ R3: an unknown role value fails loudly, naming the entry (66.87ms)
✔ R5: a rules-file role flip with a warm cache re-derives edges (the #10 gate sees fresh roles) (177.563541ms)
✔ R4: absent roles section == absent rules file (byte-identical fragments) (240.4835ms)
✔ T-13.1: a Ruby heredoc body fabricates no symbol and no edge; real code stays live (103.23425ms)
✔ T-13.2: a PHP `#` comment fabricates no edge; the real call edges (99.959667ms)
✔ SE-IMPORT-CLEAN: import(extract-symbols) is side-effect-free (68.902584ms)
✔ IE-TWO-RUNS: two sequential runExtract calls each byte-equal a fresh CLI run (236.127125ms)
✔ IE-TWO-RUNS-CONCURRENT: Promise.all of two runExtract calls each byte-equal a fresh CLI run (225.753458ms)
✔ RE-ERRORS: guard paths throw ExtractError, never exit the host process (0.50675ms)
✔ K1: per-stage timing on stderr, artifacts byte-identical across cold runs (819.711125ms)
✔ K2: scale.mjs emits the full schema and restores the edited source byte-identically (1879.86725ms)
✔ K3: stagesReused honesty is pinned at the parser level (0.683542ms)
✔ PROPERTY: every product-role ref edge lands on a product-role target (1.769833ms)
✔ no lib/import-resolve or lib/cli edge into extract-symbols rel/textOf/maskedOnce (0.320875ms)
✔ F6: robots.txt + sitemap.xml exist, and internal markdown is excluded from crawl (1.078375ms)
✔ F12: every same-site fragment link in the built site resolves to an element with that id (11.991458ms)
✔ F6b: the IndexNow key deploys with the site and matches the committed key (0.200958ms)
✔ F6c: search engines get pinged on every site deploy, no account needed (0.307292ms)
✔ F5: the demo — the most-shared URL — finally unfurls (0.898083ms)
✔ F7/F9: built pages carry search vocabulary and every page has an h1 (0.536083ms)
✔ F10/F11: JSON-LD structured data + OG image dimensions (0.139708ms)
✔ F2: server.json exists for the MCP registry and tracks the package version (0.199792ms)
✔ F4: npm metadata carries the category keywords for the next publish (0.099667ms)
✔ F8: the case study is a real built page, not stranded markdown (0.151167ms)
✔ F6d: the Search Console ownership proof rides the shared head — dropping it would silently unverify the property (0.104792ms)
✔ F1b: repo About settings are code — the workflow applies what the JSON declares (0.714ms)
✔ F1: the zero-code operator actions are written down where the operator will find them (0.330041ms)
✔ unterminated quotes tokenize in linear time, not exponential (4.547625ms)
✔ string collapsing semantics are unchanged (0.458ms)
✔ fresh stamp + matching version -> the parsed doc (1.258583ms)
✔ version mismatch -> null (stale schema never served) (0.721417ms)
✔ stale mtime -> null (1.933292ms)
✔ stale size -> null (0.677625ms)
✔ graph rewritten after the sidecar stamped it -> null (1.415375ms)
✔ missing stamp, missing sidecar, malformed JSON, missing graph -> null, never throws (2.715125ms)
✔ writeSidecars is byte-identical to the individual builders the old build-report block ran (472.252ms)
✔ the trio shares ONE stamp === statSync(graph.json), and all three loaders return non-null (4.54725ms)
✔ similar-index is REBUILT when meta.root is readable (4.817375ms)
✔ similar-index is REMOVED when meta.root is absent (brief + index-lite still written) (2.627958ms)
✔ similar-index is REMOVED when meta.root is set but gone from disk (4.890209ms)
✔ crash-window: a graph rewritten after the sidecars leaves only stamp-MISMATCHED sidecars (all loaders null) (2.827333ms)
✔ after a refresh, session-brief preview() is byte-identical from the sidecar path and the graph path (604.802542ms)
/Library/Developer/CommandLineTools/usr/bin/ctags: illegal option -- -
usage: ctags [-BFTaduwvx] [-f tagsfile] file ...
/Library/Developer/CommandLineTools/usr/bin/ctags: illegal option -- -
usage: ctags [-BFTaduwvx] [-f tagsfile] file ...
/Library/Developer/CommandLineTools/usr/bin/ctags: illegal option -- -
usage: ctags [-BFTaduwvx] [-f tagsfile] file ...
/Library/Developer/CommandLineTools/usr/bin/ctags: illegal option -- -
usage: ctags [-BFTaduwvx] [-f tagsfile] file ...
/Library/Developer/CommandLineTools/usr/bin/ctags: illegal option -- -
usage: ctags [-BFTaduwvx] [-f tagsfile] file ...
/Library/Developer/CommandLineTools/usr/bin/ctags: illegal option -- -
usage: ctags [-BFTaduwvx] [-f tagsfile] file ...
/Library/Developer/CommandLineTools/usr/bin/ctags: illegal option -- -
usage: ctags [-BFTaduwvx] [-f tagsfile] file ...
/Library/Developer/CommandLineTools/usr/bin/ctags: illegal option -- -
usage: ctags [-BFTaduwvx] [-f tagsfile] file ...
/Library/Developer/CommandLineTools/usr/bin/ctags: illegal option -- -
usage: ctags [-BFTaduwvx] [-f tagsfile] file ...
/Library/Developer/CommandLineTools/usr/bin/ctags: illegal option -- -
usage: ctags [-BFTaduwvx] [-f tagsfile] file ...
/Library/Developer/CommandLineTools/usr/bin/ctags: illegal option -- -
usage: ctags [-BFTaduwvx] [-f tagsfile] file ...
/Library/Developer/CommandLineTools/usr/bin/ctags: illegal option -- -
usage: ctags [-BFTaduwvx] [-f tagsfile] file ...
/Library/Developer/CommandLineTools/usr/bin/ctags: illegal option -- -
usage: ctags [-BFTaduwvx] [-f tagsfile] file ...
/Library/Developer/CommandLineTools/usr/bin/ctags: illegal option -- -
usage: ctags [-BFTaduwvx] [-f tagsfile] file ...
/Library/Developer/CommandLineTools/usr/bin/ctags: illegal option -- -
usage: ctags [-BFTaduwvx] [-f tagsfile] file ...
/Library/Developer/CommandLineTools/usr/bin/ctags: illegal option -- -
usage: ctags [-BFTaduwvx] [-f tagsfile] file ...
/Library/Developer/CommandLineTools/usr/bin/ctags: illegal option -- -
usage: ctags [-BFTaduwvx] [-f tagsfile] file ...
/Library/Developer/CommandLineTools/usr/bin/ctags: illegal option -- -
usage: ctags [-BFTaduwvx] [-f tagsfile] file ...
/Library/Developer/CommandLineTools/usr/bin/ctags: illegal option -- -
usage: ctags [-BFTaduwvx] [-f tagsfile] file ...
/Library/Developer/CommandLineTools/usr/bin/ctags: illegal option -- -
usage: ctags [-BFTaduwvx] [-f tagsfile] file ...
/Library/Developer/CommandLineTools/usr/bin/ctags: illegal option -- -
usage: ctags [-BFTaduwvx] [-f tagsfile] file ...
/Library/Developer/CommandLineTools/usr/bin/ctags: illegal option -- -
usage: ctags [-BFTaduwvx] [-f tagsfile] file ...
/Library/Developer/CommandLineTools/usr/bin/ctags: illegal option -- -
usage: ctags [-BFTaduwvx] [-f tagsfile] file ...
/Library/Developer/CommandLineTools/usr/bin/ctags: illegal option -- -
usage: ctags [-BFTaduwvx] [-f tagsfile] file ...
/Library/Developer/CommandLineTools/usr/bin/ctags: illegal option -- -
usage: ctags [-BFTaduwvx] [-f tagsfile] file ...
/Library/Developer/CommandLineTools/usr/bin/ctags: illegal option -- -
usage: ctags [-BFTaduwvx] [-f tagsfile] file ...
/Library/Developer/CommandLineTools/usr/bin/ctags: illegal option -- -
usage: ctags [-BFTaduwvx] [-f tagsfile] file ...
✔ SIG-FIDELITY: extracted params match an independent inline parser over random decls (1359.652833ms)
✔ SIG-NULL-SAFE: multi-line + paren-less + no-paren decls yield signature null (54.021625ms)
✔ SC2: return annotation captured for TS and Python (59.544708ms)
✔ SIG-CONTEXT-PACK: context-pack callees include the node signature (no drift) (60.503667ms)
✔ SC2: projected has gate shape and ok === (no new cycles && no lost callers) (58.117041ms)
✔ SE-FAITHFUL: tool matches the oracle + ok invariant holds — delete (30 cases) (1713.326125ms)
✔ SE-FAITHFUL: tool matches the oracle + ok invariant holds — merge (30 cases) (1476.576375ms)
✔ SE-FAITHFUL: tool matches the oracle + ok invariant holds — move (30 cases) (1325.621167ms)
✔ SE-FAITHFUL: tool matches the oracle across mixed random ops (60 cases) (2387.523125ms)
✔ SE-PURE: the input graph file is byte-identical after a run (41.13775ms)
✔ H4: --into defaults to the smallest resolved id when omitted (42.522125ms)
✔ SE-DETERMINISTIC: same input -> identical stdout (81.687292ms)
✔ SE-OPTIMIZE-AGREE: simulate-edit --merge and optimize.mjs project the SAME newCycles for a finding (81.119792ms)
✔ SC4: unknown symbol -> exit 1; missing op -> exit 2 (75.895ms)
✔ --out redirects the whole build (194.017208ms)
✔ builder runs and reports the expected page count (147.626666ms)
✔ emits every page in the information architecture (140.234917ms)
✔ output is deterministic — byte-stable across consecutive builds (259.48ms)
✔ no unfilled template placeholders remain (124.811291ms)
✔ no "undefined" ever renders into a page, and every tool card has a description (144.121ms)
✔ every page links the shared stylesheet and sets a canonical URL (182.3065ms)
✔ footer version is in lock-step with package.json (124.86025ms)
✔ pages are self-contained — no third-party network origins (125.260833ms)
✔ downloads dashboard uses the full package history and excludes incomplete recent days (125.610167ms)
✔ SKL-RENAME-INVARIANT: a consistent identifier rename yields an identical skeleton (sim 1) (16.760916ms)
✔ SKL-LITERAL-NORMALIZED: changing only literal values leaves the skeleton equal (0.108375ms)
✔ SKL-STRUCTURE-SENSITIVE: changing control flow changes the skeleton (does not saturate to 1) (0.1175ms)
✔ SKL-STRUCTURE-SENSITIVE (prop): inserting one extra if-block changes the skeleton (sim < 1) (7.664625ms)
✔ SKL-OPERATOR-SENSITIVE: operator identity survives normalization (+ vs *, && vs ||) (0.243ms)
✔ SKL-KEYWORDS-PRESERVED: keywords survive normalization (control flow is visible) (0.318ms)
✔ SKL-DETERMINISTIC: same source -> same skeleton + shingles (4.982083ms)
✔ SKL-DISTINGUISHES-UNRELATED: structurally different bodies are not near-1 (0.102292ms)
✔ SP-1: a spread call `...metrics(ws)` edges to the same-file callee (102.74275ms)
✔ SP-2: IIFE initializers are not function nodes; real arrows still are (3.058167ms)
✔ SP-3: self-map dogfood — trend.mjs:metrics has a caller; PERM_SEEDS is no node (141.127333ms)
✔ S1: identical fragment -> all four stages reused, outputs equal a --full rerun (mod generatedAt) (1031.696375ms)
✔ S2: a source edit invalidates the memo (761.888708ms)
✔ S3: a missing output invalidates the memo and is restored (757.8615ms)
✔ S4: a CODEWEB_* lever change invalidates the memo (660.710292ms)
✔ S5: byte-tampered-but-parseable graph.json forces recompute (content hash, not a parse) (597.276583ms)
✔ S6: a tampered report.md forces recompute (the four non-graph outputs are guarded too) (613.465541ms)
✔ S7: --stages through-overlap computes through overlap, skips report + memo, never poisons a full run (653.13975ms)
✔ S8: --stages with an unknown phase exits 2 (no silent typo path) (39.477958ms)
✔ stats lib: bump accumulates monthly, opt-out is a true no-op, receipt line renders (105.292292ms)
✔ writers: the pre-edit hook and the MCP server put real events on the ledger (334.648792ms)
✔ empty ledger: the receipt says how counters accrue instead of showing nothing (162.163042ms)
✔ receipt survives the month boundary (lifetime) and the brief nudges on a stale map (167.299042ms)
✔ #10: CLI queries count toward the receipt (queriesServed bumps beside the graph) (142.192042ms)
✔ query --orphans --json: >64KB piped output arrives complete and parses (74.795875ms)
✔ deadcode --json: >64KB piped output arrives complete and parses (85.268416ms)
✔ deadcode text mode: >64KB piped output arrives complete (81.513ms)
✔ F6-STRUCTURAL-FIND: --structural ranks a renamed clone higher than lexical does (120.992ms)
✔ F7-SUPPRESS: annotate a deadcode finding -> deadcode hides + counts it; --show-suppressed reveals (244.130834ms)
✔ F7-DEST: annotate in an unmapped cwd exits 2 with the no-map message and creates nothing (140.808459ms)
✔ F7-RESURFACE: changing the orphan id changes its fingerprint -> not silently suppressed (144.375666ms)
✔ S1 query miss exits 1 and suggests the near-match + concept search (57.901708ms)
✔ S2 query miss --json carries hint + ranked suggestions with full ids (71.652791ms)
✔ S3 suggestions are bounded (max 3) and deterministic (100.879792ms)
✔ S4 a hopeless miss still gets the hint, without fabricated suggestions (48.771708ms)
✔ S5 explain miss carries the same hint + suggestions (48.791417ms)
✔ S6 context-pack miss names the near-match in its error (43.620667ms)
/Library/Developer/CommandLineTools/usr/bin/ctags: illegal option -- -
usage: ctags [-BFTaduwvx] [-f tagsfile] file ...
/Library/Developer/CommandLineTools/usr/bin/ctags: illegal option -- -
usage: ctags [-BFTaduwvx] [-f tagsfile] file ...
/Library/Developer/CommandLineTools/usr/bin/ctags: illegal option -- -
usage: ctags [-BFTaduwvx] [-f tagsfile] file ...
/Library/Developer/CommandLineTools/usr/bin/ctags: illegal option -- -
usage: ctags [-BFTaduwvx] [-f tagsfile] file ...
/Library/Developer/CommandLineTools/usr/bin/ctags: illegal option -- -
usage: ctags [-BFTaduwvx] [-f tagsfile] file ...
/Library/Developer/CommandLineTools/usr/bin/ctags: illegal option -- -
usage: ctags [-BFTaduwvx] [-f tagsfile] file ...
/Library/Developer/CommandLineTools/usr/bin/ctags: illegal option -- -
usage: ctags [-BFTaduwvx] [-f tagsfile] file ...
/Library/Developer/CommandLineTools/usr/bin/ctags: illegal option -- -
usage: ctags [-BFTaduwvx] [-f tagsfile] file ...
/Library/Developer/CommandLineTools/usr/bin/ctags: illegal option -- -
usage: ctags [-BFTaduwvx] [-f tagsfile] file ...
/Library/Developer/CommandLineTools/usr/bin/ctags: illegal option -- -
usage: ctags [-BFTaduwvx] [-f tagsfile] file ...
/Library/Developer/CommandLineTools/usr/bin/ctags: illegal option -- -
usage: ctags [-BFTaduwvx] [-f tagsfile] file ...
/Library/Developer/CommandLineTools/usr/bin/ctags: illegal option -- -
usage: ctags [-BFTaduwvx] [-f tagsfile] file ...
/Library/Developer/CommandLineTools/usr/bin/ctags: illegal option -- -
usage: ctags [-BFTaduwvx] [-f tagsfile] file ...
/Library/Developer/CommandLineTools/usr/bin/ctags: illegal option -- -
usage: ctags [-BFTaduwvx] [-f tagsfile] file ...
/Library/Developer/CommandLineTools/usr/bin/ctags: illegal option -- -
usage: ctags [-BFTaduwvx] [-f tagsfile] file ...
/Library/Developer/CommandLineTools/usr/bin/ctags: illegal option -- -
usage: ctags [-BFTaduwvx] [-f tagsfile] file ...
/Library/Developer/CommandLineTools/usr/bin/ctags: illegal option -- -
usage: ctags [-BFTaduwvx] [-f tagsfile] file ...
/Library/Developer/CommandLineTools/usr/bin/ctags: illegal option -- -
usage: ctags [-BFTaduwvx] [-f tagsfile] file ...
/Library/Developer/CommandLineTools/usr/bin/ctags: illegal option -- -
usage: ctags [-BFTaduwvx] [-f tagsfile] file ...
/Library/Developer/CommandLineTools/usr/bin/ctags: illegal option -- -
usage: ctags [-BFTaduwvx] [-f tagsfile] file ...
/Library/Developer/CommandLineTools/usr/bin/ctags: illegal option -- -
usage: ctags [-BFTaduwvx] [-f tagsfile] file ...
/Library/Developer/CommandLineTools/usr/bin/ctags: illegal option -- -
usage: ctags [-BFTaduwvx] [-f tagsfile] file ...
/Library/Developer/CommandLineTools/usr/bin/ctags: illegal option -- -
usage: ctags [-BFTaduwvx] [-f tagsfile] file ...
/Library/Developer/CommandLineTools/usr/bin/ctags: illegal option -- -
usage: ctags [-BFTaduwvx] [-f tagsfile] file ...
✔ TE-PRECISION: test-edge targets == independent scan of test-file references (15 cases) (715.023458ms)
✔ TE-PRESERVE: no call/import edge from a test-file node to a prod symbol (41.339083ms)
✔ TE-QUERY-COMPLETE: --tests X == raw test-edge in-neighbors (91.897667ms)
✔ SC3: test edges do not count as callers/imports (orphan + callers contract) (112.18775ms)
✔ TE-ANON: anonymous test callback edges <module> -> prod:foo as a test edge (52.012ms)
✔ TE-DESTRUCTURE: destructuring-param fn owns its body call and stays in impactOf (99.441834ms)
✔ JM-COMMENT: calls inside // and /* */ comments produce no call edge (47.998541ms)
✔ JM-STRING: // inside a string does not blank the rest of the line (45.182334ms)
✔ JM-TEMPLATE: call inside ${} interpolation still edges (48.440125ms)
✔ RX-RENAME: call via `export {x as y} from` barrel edges to impl:x (107.729875ms)
✔ RX-CHAIN: re-export through two barrels resolves transitively (44.189708ms)
✔ the no-progress guard is present in the shipped template (cannot silently regress out) (0.42625ms)
✔ a dominant final item terminates instead of overflowing the stack (0.185209ms)
✔ all-zero values terminate and still fully tile (no NaN from /0) (0.0755ms)
✔ large uniform input (the .live-scale case) terminates (2.291458ms)
✔ areas are proportional to value and tile the box exactly (0.253625ms)
✔ degenerate single and empty inputs are handled (0.815083ms)
✔ trend renders body-confirmed duplication across snapshots (oldest -> newest) (49.61325ms)
✔ trend --json emits structured per-snapshot metrics (43.205542ms)
✔ trend with no input exits 2 (usage) (43.604666ms)
✔ trend --git charts duplication rising across real commits (1182.433625ms)
✔ trend --git reused-ws belt: a failed middle commit is zeroed; neighbors stay correctly attributed (1090.184166ms)
✔ loadTsEngine returns null OR a {cyclomaticExact, version} engine — never throws (0.46275ms)
✔ cyclomaticExact: no decisions → 1 (3.413541ms)
✔ cyclomaticExact: if + && → 3 (0.830292ms)
✔ cyclomaticExact: switch cases + catch → 4 (0.39225ms)
✔ cyclomaticExact: loops + nullish → 4 (0.43875ms)
✔ precision: optional param `?:` is not a ternary (1.72775ms)
✔ precision: `.catch(` is a Promise method, not try/catch (0.259ms)
✔ precision: logic inside a template interpolation is real branching (0.365625ms)
✔ determinism: identical input → identical value (0.347791ms)
✔ always >= 1, and empty/garbage input does not throw (1.097833ms)
✔ extractJsTs: method ids are class-qualified (file:Class.method), labels stay bare (5.008ms)
✔ extractJsTs: this.m() + typed-receiver dispatch resolve to qualified method ids (0.606208ms)
✔ extractJsTs: deterministic across runs (0.810541ms)
✔ extractJsTs: garbage input never throws (graceful per-file fallback signal) (0.18175ms)
✔ L-MEM: every parser.parse site in ts-engine.mjs frees its tree (0.192083ms)
✔ T1+T2: reordered statements pair as a near-miss clone, REVIEW-only (380.251458ms)
✔ T3: structurally different bodies of similar length do not pair (396.548208ms)
✔ T4: small bodies never fingerprint (exact-clone territory stays Signal A) (379.928792ms)
✔ T5: regex engine -> no fingerprints, no near-miss findings (330.992125ms)
✔ T6: determinism — same source, two workspaces, byte-identical graphs (mod generatedAt) (666.929334ms)
✔ the gate comment carries the org-dashboard line in its footer, beside the attribution (1.115791ms)
✔ the gate comment keeps its attribution footer when the upgrade line is suppressed (0.143458ms)
✔ a caller rendering its own dashboard link can turn the upgrade line off (0.054959ms)
✔ the trend nudge fires at 5 snapshots and stays silent at 4 (145.135ms)
✔ the trend nudge is exactly one line, printed once, after the table (92.812792ms)
✔ trend --json stays pure JSON at any snapshot count (140.642792ms)
✔ both documented levers suppress the trend nudge at 5 snapshots (96.37375ms)
✔ placementsSuppressed reads the environment at call time, and only on "1" (0.128833ms)
✔ the shared report artifact keeps its attribution footer (0.626ms)
✔ no placement string reaches any unsanctioned script, hook, or bin entry (5.829ms)
✔ the sweep actually covers the three anti-placement surfaces (0.431958ms)
✔ behavioral: an MCP tool response carries no placement (54.949667ms)
✔ behavioral: error paths carry no placement (320.921375ms)
✔ the charter records which surfaces may carry an upgrade line, and which may never (0.506ms)
✔ the suppression lever is documented where every other environment knob is (0.200667ms)
✔ lens-core: callers count reverse call edges only; blast is the impact closure (0.952459ms)
✔ lens-core: inherit edges make subclasses part of the blast (0.079958ms)
✔ lens-core: minCallers hides sub-threshold symbols; unknown file yields no lenses (0.087542ms)
✔ lens-core: blastOf uses the pointer-index walk, not shift()/spread-merge (#38 shape) (0.245917ms)
✔ lens-core: full-file pass scales ~linearly (2N pass ≈ 2× the N pass) (#38) (393.330958ms)
✔ lens-core: the linear-scaling estimator still fails a quadratic pass (#38 able-to-fail) (155.674ms)
✔ lens-core: memo carry === cold rebuild for every id across randomized edge+node mutations (#38) (62.392375ms)
✔ lens-core: memo carry reuses untouched ids and drops affected ones (#38 counting) (0.194208ms)
✔ extension: selector covers all 13 native languages and wires the watcher + refresh (0.524875ms)
✔ extension: activation is graph-gated (workspaceContains) with onCommand fallbacks, no onStartupFinished (#38) (0.272791ms)
✔ release.yml: publish needs the test job — no publish path skips the suite (1.077375ms)
✔ release.yml: dispatched refs must be ancestors of origin/main, checked before tag creation (0.304833ms)
✔ release.yml: vsce is exact-pinned, never @latest, and no Marketplace publish exists (0.297708ms)
✔ ci.yml: the test job runs an os x node matrix (0.533166ms)
✔ every actions/setup-node block across all three workflows enables the npm cache (0.422916ms)
✔ ci.yml: post-install AST probe + skip ceiling — an install hiccup cannot green-skip the AST tier (0.082375ms)
✔ ci.yml: a no-optional-deps job exercises the regex fallback for real (0.060875ms)
✔ codeweb-gate.yml: the structural self-gate installs deps (AST-aware, not regex-blind) (0.040625ms)
✔ ci.yml: committed docs/ is gated fresh after the site build (0.07ms)
ℹ tests 1143
ℹ suites 0
ℹ pass 1136
ℹ fail 0
ℹ cancelled 0
ℹ skipped 7
ℹ todo 0
ℹ duration_ms 27841.598667
== 4/5 consistency ==
check-consistency: OK — v0.14.0, 28 tools, all surfaces aligned.
== 5/5 evals ==
ok    cli-help
ok    example-upper
ok    mcp-initialize
ok    mcp-tools-list
ok    query-help
evals: all 5 case(s) passed
ALL CHECKS PASSED
